//
// File generated by genUnicodeTable.py
// using Unicode data files downloaded on 2026-08-29
// for Unicode version 17.0.0
// clang-format off
// UnicodeData.txt                SHA1: 50dffef1b7d1f97b72e4c2adceb9b2245f0f34ba
// DerivedNormalizationProps.txt  SHA1: 866499e6bba10876c35c8783033b8bcd4d2b8bc2
// clang-format on
// *** DO NOT EDIT BY HAND ***

/// An inclusive range of code points.
struct NormRange {
  uint32_t first;
  uint32_t last;
};

/// An inclusive range of code points sharing a canonical combining class.
struct CCCRange {
  uint32_t first;
  uint32_t last;
  uint8_t ccc;
};

/// A decomposition mapping. The mapped-to code points live in DECOMP_POOL16,
/// or in DECOMP_POOL32 when \c wide is set because the sequence contains a
/// supplementary-plane code point. Packed into 8 bytes rather than the
/// natural 12 because these are the two largest tables.
struct DecompEntry {
  uint32_t cp : 21;
  uint32_t length : 5;
  uint32_t wide : 1;
  uint32_t offset;
};

/// A canonical composition of two code points into one.
struct CompEntry {
  uint32_t starter;
  uint32_t combining;
  uint32_t composite;
};

// Code points whose NFC_QC is No or Maybe.
static constexpr NormRange NFC_QC_NOT_YES[] = {
    {0x0300, 0x0304},   {0x0306, 0x030C},   {0x030F, 0x030F},
    {0x0311, 0x0311},   {0x0313, 0x0314},   {0x031B, 0x031B},
    {0x0323, 0x0328},   {0x032D, 0x032E},   {0x0330, 0x0331},
    {0x0338, 0x0338},   {0x0340, 0x0345},   {0x0374, 0x0374},
    {0x037E, 0x037E},   {0x0387, 0x0387},   {0x0653, 0x0655},
    {0x093C, 0x093C},   {0x0958, 0x095F},   {0x09BE, 0x09BE},
    {0x09D7, 0x09D7},   {0x09DC, 0x09DD},   {0x09DF, 0x09DF},
    {0x0A33, 0x0A33},   {0x0A36, 0x0A36},   {0x0A59, 0x0A5B},
    {0x0A5E, 0x0A5E},   {0x0B3E, 0x0B3E},   {0x0B56, 0x0B57},
    {0x0B5C, 0x0B5D},   {0x0BBE, 0x0BBE},   {0x0BD7, 0x0BD7},
    {0x0C56, 0x0C56},   {0x0CC2, 0x0CC2},   {0x0CD5, 0x0CD6},
    {0x0D3E, 0x0D3E},   {0x0D57, 0x0D57},   {0x0DCA, 0x0DCA},
    {0x0DCF, 0x0DCF},   {0x0DDF, 0x0DDF},   {0x0F43, 0x0F43},
    {0x0F4D, 0x0F4D},   {0x0F52, 0x0F52},   {0x0F57, 0x0F57},
    {0x0F5C, 0x0F5C},   {0x0F69, 0x0F69},   {0x0F73, 0x0F73},
    {0x0F75, 0x0F76},   {0x0F78, 0x0F78},   {0x0F81, 0x0F81},
    {0x0F93, 0x0F93},   {0x0F9D, 0x0F9D},   {0x0FA2, 0x0FA2},
    {0x0FA7, 0x0FA7},   {0x0FAC, 0x0FAC},   {0x0FB9, 0x0FB9},
    {0x102E, 0x102E},   {0x1161, 0x1175},   {0x11A8, 0x11C2},
    {0x1B35, 0x1B35},   {0x1F71, 0x1F71},   {0x1F73, 0x1F73},
    {0x1F75, 0x1F75},   {0x1F77, 0x1F77},   {0x1F79, 0x1F79},
    {0x1F7B, 0x1F7B},   {0x1F7D, 0x1F7D},   {0x1FBB, 0x1FBB},
    {0x1FBE, 0x1FBE},   {0x1FC9, 0x1FC9},   {0x1FCB, 0x1FCB},
    {0x1FD3, 0x1FD3},   {0x1FDB, 0x1FDB},   {0x1FE3, 0x1FE3},
    {0x1FEB, 0x1FEB},   {0x1FEE, 0x1FEF},   {0x1FF9, 0x1FF9},
    {0x1FFB, 0x1FFB},   {0x1FFD, 0x1FFD},   {0x2000, 0x2001},
    {0x2126, 0x2126},   {0x212A, 0x212B},   {0x2329, 0x232A},
    {0x2ADC, 0x2ADC},   {0x3099, 0x309A},   {0xF900, 0xFA0D},
    {0xFA10, 0xFA10},   {0xFA12, 0xFA12},   {0xFA15, 0xFA1E},
    {0xFA20, 0xFA20},   {0xFA22, 0xFA22},   {0xFA25, 0xFA26},
    {0xFA2A, 0xFA6D},   {0xFA70, 0xFAD9},   {0xFB1D, 0xFB1D},
    {0xFB1F, 0xFB1F},   {0xFB2A, 0xFB36},   {0xFB38, 0xFB3C},
    {0xFB3E, 0xFB3E},   {0xFB40, 0xFB41},   {0xFB43, 0xFB44},
    {0xFB46, 0xFB4E},   {0x110BA, 0x110BA}, {0x11127, 0x11127},
    {0x1133E, 0x1133E}, {0x11357, 0x11357}, {0x113B8, 0x113B8},
    {0x113BB, 0x113BB}, {0x113C2, 0x113C2}, {0x113C5, 0x113C5},
    {0x113C7, 0x113C9}, {0x114B0, 0x114B0}, {0x114BA, 0x114BA},
    {0x114BD, 0x114BD}, {0x115AF, 0x115AF}, {0x11930, 0x11930},
    {0x1611E, 0x16129}, {0x16D67, 0x16D68}, {0x1D15E, 0x1D164},
    {0x1D1BB, 0x1D1C0}, {0x2F800, 0x2FA1D},
};

// Code points whose NFD_QC is No or Maybe.
static constexpr NormRange NFD_QC_NOT_YES[] = {
    {0x00C0, 0x00C5},   {0x00C7, 0x00CF},   {0x00D1, 0x00D6},
    {0x00D9, 0x00DD},   {0x00E0, 0x00E5},   {0x00E7, 0x00EF},
    {0x00F1, 0x00F6},   {0x00F9, 0x00FD},   {0x00FF, 0x010F},
    {0x0112, 0x0125},   {0x0128, 0x0130},   {0x0134, 0x0137},
    {0x0139, 0x013E},   {0x0143, 0x0148},   {0x014C, 0x0151},
    {0x0154, 0x0165},   {0x0168, 0x017E},   {0x01A0, 0x01A1},
    {0x01AF, 0x01B0},   {0x01CD, 0x01DC},   {0x01DE, 0x01E3},
    {0x01E6, 0x01F0},   {0x01F4, 0x01F5},   {0x01F8, 0x021B},
    {0x021E, 0x021F},   {0x0226, 0x0233},   {0x0340, 0x0341},
    {0x0343, 0x0344},   {0x0374, 0x0374},   {0x037E, 0x037E},
    {0x0385, 0x038A},   {0x038C, 0x038C},   {0x038E, 0x0390},
    {0x03AA, 0x03B0},   {0x03CA, 0x03CE},   {0x03D3, 0x03D4},
    {0x0400, 0x0401},   {0x0403, 0x0403},   {0x0407, 0x0407},
    {0x040C, 0x040E},   {0x0419, 0x0419},   {0x0439, 0x0439},
    {0x0450, 0x0451},   {0x0453, 0x0453},   {0x0457, 0x0457},
    {0x045C, 0x045E},   {0x0476, 0x0477},   {0x04C1, 0x04C2},
    {0x04D0, 0x04D3},   {0x04D6, 0x04D7},   {0x04DA, 0x04DF},
    {0x04E2, 0x04E7},   {0x04EA, 0x04F5},   {0x04F8, 0x04F9},
    {0x0622, 0x0626},   {0x06C0, 0x06C0},   {0x06C2, 0x06C2},
    {0x06D3, 0x06D3},   {0x0929, 0x0929},   {0x0931, 0x0931},
    {0x0934, 0x0934},   {0x0958, 0x095F},   {0x09CB, 0x09CC},
    {0x09DC, 0x09DD},   {0x09DF, 0x09DF},   {0x0A33, 0x0A33},
    {0x0A36, 0x0A36},   {0x0A59, 0x0A5B},   {0x0A5E, 0x0A5E},
    {0x0B48, 0x0B48},   {0x0B4B, 0x0B4C},   {0x0B5C, 0x0B5D},
    {0x0B94, 0x0B94},   {0x0BCA, 0x0BCC},   {0x0C48, 0x0C48},
    {0x0CC0, 0x0CC0},   {0x0CC7, 0x0CC8},   {0x0CCA, 0x0CCB},
    {0x0D4A, 0x0D4C},   {0x0DDA, 0x0DDA},   {0x0DDC, 0x0DDE},
    {0x0F43, 0x0F43},   {0x0F4D, 0x0F4D},   {0x0F52, 0x0F52},
    {0x0F57, 0x0F57},   {0x0F5C, 0x0F5C},   {0x0F69, 0x0F69},
    {0x0F73, 0x0F73},   {0x0F75, 0x0F76},   {0x0F78, 0x0F78},
    {0x0F81, 0x0F81},   {0x0F93, 0x0F93},   {0x0F9D, 0x0F9D},
    {0x0FA2, 0x0FA2},   {0x0FA7, 0x0FA7},   {0x0FAC, 0x0FAC},
    {0x0FB9, 0x0FB9},   {0x1026, 0x1026},   {0x1B06, 0x1B06},
    {0x1B08, 0x1B08},   {0x1B0A, 0x1B0A},   {0x1B0C, 0x1B0C},
    {0x1B0E, 0x1B0E},   {0x1B12, 0x1B12},   {0x1B3B, 0x1B3B},
    {0x1B3D, 0x1B3D},   {0x1B40, 0x1B41},   {0x1B43, 0x1B43},
    {0x1E00, 0x1E99},   {0x1E9B, 0x1E9B},   {0x1EA0, 0x1EF9},
    {0x1F00, 0x1F15},   {0x1F18, 0x1F1D},   {0x1F20, 0x1F45},
    {0x1F48, 0x1F4D},   {0x1F50, 0x1F57},   {0x1F59, 0x1F59},
    {0x1F5B, 0x1F5B},   {0x1F5D, 0x1F5D},   {0x1F5F, 0x1F7D},
    {0x1F80, 0x1FB4},   {0x1FB6, 0x1FBC},   {0x1FBE, 0x1FBE},
    {0x1FC1, 0x1FC4},   {0x1FC6, 0x1FD3},   {0x1FD6, 0x1FDB},
    {0x1FDD, 0x1FEF},   {0x1FF2, 0x1FF4},   {0x1FF6, 0x1FFD},
    {0x2000, 0x2001},   {0x2126, 0x2126},   {0x212A, 0x212B},
    {0x219A, 0x219B},   {0x21AE, 0x21AE},   {0x21CD, 0x21CF},
    {0x2204, 0x2204},   {0x2209, 0x2209},   {0x220C, 0x220C},
    {0x2224, 0x2224},   {0x2226, 0x2226},   {0x2241, 0x2241},
    {0x2244, 0x2244},   {0x2247, 0x2247},   {0x2249, 0x2249},
    {0x2260, 0x2260},   {0x2262, 0x2262},   {0x226D, 0x2271},
    {0x2274, 0x2275},   {0x2278, 0x2279},   {0x2280, 0x2281},
    {0x2284, 0x2285},   {0x2288, 0x2289},   {0x22AC, 0x22AF},
    {0x22E0, 0x22E3},   {0x22EA, 0x22ED},   {0x2329, 0x232A},
    {0x2ADC, 0x2ADC},   {0x304C, 0x304C},   {0x304E, 0x304E},
    {0x3050, 0x3050},   {0x3052, 0x3052},   {0x3054, 0x3054},
    {0x3056, 0x3056},   {0x3058, 0x3058},   {0x305A, 0x305A},
    {0x305C, 0x305C},   {0x305E, 0x305E},   {0x3060, 0x3060},
    {0x3062, 0x3062},   {0x3065, 0x3065},   {0x3067, 0x3067},
    {0x3069, 0x3069},   {0x3070, 0x3071},   {0x3073, 0x3074},
    {0x3076, 0x3077},   {0x3079, 0x307A},   {0x307C, 0x307D},
    {0x3094, 0x3094},   {0x309E, 0x309E},   {0x30AC, 0x30AC},
    {0x30AE, 0x30AE},   {0x30B0, 0x30B0},   {0x30B2, 0x30B2},
    {0x30B4, 0x30B4},   {0x30B6, 0x30B6},   {0x30B8, 0x30B8},
    {0x30BA, 0x30BA},   {0x30BC, 0x30BC},   {0x30BE, 0x30BE},
    {0x30C0, 0x30C0},   {0x30C2, 0x30C2},   {0x30C5, 0x30C5},
    {0x30C7, 0x30C7},   {0x30C9, 0x30C9},   {0x30D0, 0x30D1},
    {0x30D3, 0x30D4},   {0x30D6, 0x30D7},   {0x30D9, 0x30DA},
    {0x30DC, 0x30DD},   {0x30F4, 0x30F4},   {0x30F7, 0x30FA},
    {0x30FE, 0x30FE},   {0xAC00, 0xD7A3},   {0xF900, 0xFA0D},
    {0xFA10, 0xFA10},   {0xFA12, 0xFA12},   {0xFA15, 0xFA1E},
    {0xFA20, 0xFA20},   {0xFA22, 0xFA22},   {0xFA25, 0xFA26},
    {0xFA2A, 0xFA6D},   {0xFA70, 0xFAD9},   {0xFB1D, 0xFB1D},
    {0xFB1F, 0xFB1F},   {0xFB2A, 0xFB36},   {0xFB38, 0xFB3C},
    {0xFB3E, 0xFB3E},   {0xFB40, 0xFB41},   {0xFB43, 0xFB44},
    {0xFB46, 0xFB4E},   {0x105C9, 0x105C9}, {0x105E4, 0x105E4},
    {0x1109A, 0x1109A}, {0x1109C, 0x1109C}, {0x110AB, 0x110AB},
    {0x1112E, 0x1112F}, {0x1134B, 0x1134C}, {0x11383, 0x11383},
    {0x11385, 0x11385}, {0x1138E, 0x1138E}, {0x11391, 0x11391},
    {0x113C5, 0x113C5}, {0x113C7, 0x113C8}, {0x114BB, 0x114BC},
    {0x114BE, 0x114BE}, {0x115BA, 0x115BB}, {0x11938, 0x11938},
    {0x16121, 0x16128}, {0x16D68, 0x16D6A}, {0x1D15E, 0x1D164},
    {0x1D1BB, 0x1D1C0}, {0x2F800, 0x2FA1D},
};

// Code points whose NFKC_QC is No or Maybe.
static constexpr NormRange NFKC_QC_NOT_YES[] = {
    {0x00A0, 0x00A0},   {0x00A8, 0x00A8},   {0x00AA, 0x00AA},
    {0x00AF, 0x00AF},   {0x00B2, 0x00B5},   {0x00B8, 0x00BA},
    {0x00BC, 0x00BE},   {0x0132, 0x0133},   {0x013F, 0x0140},
    {0x0149, 0x0149},   {0x017F, 0x017F},   {0x01C4, 0x01CC},
    {0x01F1, 0x01F3},   {0x02B0, 0x02B8},   {0x02D8, 0x02DD},
    {0x02E0, 0x02E4},   {0x0300, 0x0304},   {0x0306, 0x030C},
    {0x030F, 0x030F},   {0x0311, 0x0311},   {0x0313, 0x0314},
    {0x031B, 0x031B},   {0x0323, 0x0328},   {0x032D, 0x032E},
    {0x0330, 0x0331},   {0x0338, 0x0338},   {0x0340, 0x0345},
    {0x0374, 0x0374},   {0x037A, 0x037A},   {0x037E, 0x037E},
    {0x0384, 0x0385},   {0x0387, 0x0387},   {0x03D0, 0x03D6},
    {0x03F0, 0x03F2},   {0x03F4, 0x03F5},   {0x03F9, 0x03F9},
    {0x0587, 0x0587},   {0x0653, 0x0655},   {0x0675, 0x0678},
    {0x093C, 0x093C},   {0x0958, 0x095F},   {0x09BE, 0x09BE},
    {0x09D7, 0x09D7},   {0x09DC, 0x09DD},   {0x09DF, 0x09DF},
    {0x0A33, 0x0A33},   {0x0A36, 0x0A36},   {0x0A59, 0x0A5B},
    {0x0A5E, 0x0A5E},   {0x0B3E, 0x0B3E},   {0x0B56, 0x0B57},
    {0x0B5C, 0x0B5D},   {0x0BBE, 0x0BBE},   {0x0BD7, 0x0BD7},
    {0x0C56, 0x0C56},   {0x0CC2, 0x0CC2},   {0x0CD5, 0x0CD6},
    {0x0D3E, 0x0D3E},   {0x0D57, 0x0D57},   {0x0DCA, 0x0DCA},
    {0x0DCF, 0x0DCF},   {0x0DDF, 0x0DDF},   {0x0E33, 0x0E33},
    {0x0EB3, 0x0EB3},   {0x0EDC, 0x0EDD},   {0x0F0C, 0x0F0C},
    {0x0F43, 0x0F43},   {0x0F4D, 0x0F4D},   {0x0F52, 0x0F52},
    {0x0F57, 0x0F57},   {0x0F5C, 0x0F5C},   {0x0F69, 0x0F69},
    {0x0F73, 0x0F73},   {0x0F75, 0x0F79},   {0x0F81, 0x0F81},
    {0x0F93, 0x0F93},   {0x0F9D, 0x0F9D},   {0x0FA2, 0x0FA2},
    {0x0FA7, 0x0FA7},   {0x0FAC, 0x0FAC},   {0x0FB9, 0x0FB9},
    {0x102E, 0x102E},   {0x10FC, 0x10FC},   {0x1161, 0x1175},
    {0x11A8, 0x11C2},   {0x1B35, 0x1B35},   {0x1D2C, 0x1D2E},
    {0x1D30, 0x1D3A},   {0x1D3C, 0x1D4D},   {0x1D4F, 0x1D6A},
    {0x1D78, 0x1D78},   {0x1D9B, 0x1DBF},   {0x1E9A, 0x1E9B},
    {0x1F71, 0x1F71},   {0x1F73, 0x1F73},   {0x1F75, 0x1F75},
    {0x1F77, 0x1F77},   {0x1F79, 0x1F79},   {0x1F7B, 0x1F7B},
    {0x1F7D, 0x1F7D},   {0x1FBB, 0x1FBB},   {0x1FBD, 0x1FC1},
    {0x1FC9, 0x1FC9},   {0x1FCB, 0x1FCB},   {0x1FCD, 0x1FCF},
    {0x1FD3, 0x1FD3},   {0x1FDB, 0x1FDB},   {0x1FDD, 0x1FDF},
    {0x1FE3, 0x1FE3},   {0x1FEB, 0x1FEB},   {0x1FED, 0x1FEF},
    {0x1FF9, 0x1FF9},   {0x1FFB, 0x1FFB},   {0x1FFD, 0x1FFE},
    {0x2000, 0x200A},   {0x2011, 0x2011},   {0x2017, 0x2017},
    {0x2024, 0x2026},   {0x202F, 0x202F},   {0x2033, 0x2034},
    {0x2036, 0x2037},   {0x203C, 0x203C},   {0x203E, 0x203E},
    {0x2047, 0x2049},   {0x2057, 0x2057},   {0x205F, 0x205F},
    {0x2070, 0x2071},   {0x2074, 0x208E},   {0x2090, 0x209C},
    {0x20A8, 0x20A8},   {0x2100, 0x2103},   {0x2105, 0x2107},
    {0x2109, 0x2113},   {0x2115, 0x2116},   {0x2119, 0x211D},
    {0x2120, 0x2122},   {0x2124, 0x2124},   {0x2126, 0x2126},
    {0x2128, 0x2128},   {0x212A, 0x212D},   {0x212F, 0x2131},
    {0x2133, 0x2139},   {0x213B, 0x2140},   {0x2145, 0x2149},
    {0x2150, 0x217F},   {0x2189, 0x2189},   {0x222C, 0x222D},
    {0x222F, 0x2230},   {0x2329, 0x232A},   {0x2460, 0x24EA},
    {0x2A0C, 0x2A0C},   {0x2A74, 0x2A76},   {0x2ADC, 0x2ADC},
    {0x2C7C, 0x2C7D},   {0x2D6F, 0x2D6F},   {0x2E9F, 0x2E9F},
    {0x2EF3, 0x2EF3},   {0x2F00, 0x2FD5},   {0x3000, 0x3000},
    {0x3036, 0x3036},   {0x3038, 0x303A},   {0x3099, 0x309C},
    {0x309F, 0x309F},   {0x30FF, 0x30FF},   {0x3131, 0x318E},
    {0x3192, 0x319F},   {0x3200, 0x321E},   {0x3220, 0x3247},
    {0x3250, 0x327E},   {0x3280, 0x33FF},   {0xA69C, 0xA69D},
    {0xA770, 0xA770},   {0xA7F1, 0xA7F4},   {0xA7F8, 0xA7F9},
    {0xAB5C, 0xAB5F},   {0xAB69, 0xAB69},   {0xF900, 0xFA0D},
    {0xFA10, 0xFA10},   {0xFA12, 0xFA12},   {0xFA15, 0xFA1E},
    {0xFA20, 0xFA20},   {0xFA22, 0xFA22},   {0xFA25, 0xFA26},
    {0xFA2A, 0xFA6D},   {0xFA70, 0xFAD9},   {0xFB00, 0xFB06},
    {0xFB13, 0xFB17},   {0xFB1D, 0xFB1D},   {0xFB1F, 0xFB36},
    {0xFB38, 0xFB3C},   {0xFB3E, 0xFB3E},   {0xFB40, 0xFB41},
    {0xFB43, 0xFB44},   {0xFB46, 0xFBB1},   {0xFBD3, 0xFD3D},
    {0xFD50, 0xFD8F},   {0xFD92, 0xFDC7},   {0xFDF0, 0xFDFC},
    {0xFE10, 0xFE19},   {0xFE30, 0xFE44},   {0xFE47, 0xFE52},
    {0xFE54, 0xFE66},   {0xFE68, 0xFE6B},   {0xFE70, 0xFE72},
    {0xFE74, 0xFE74},   {0xFE76, 0xFEFC},   {0xFF01, 0xFFBE},
    {0xFFC2, 0xFFC7},   {0xFFCA, 0xFFCF},   {0xFFD2, 0xFFD7},
    {0xFFDA, 0xFFDC},   {0xFFE0, 0xFFE6},   {0xFFE8, 0xFFEE},
    {0x10781, 0x10785}, {0x10787, 0x107B0}, {0x107B2, 0x107BA},
    {0x110BA, 0x110BA}, {0x11127, 0x11127}, {0x1133E, 0x1133E},
    {0x11357, 0x11357}, {0x113B8, 0x113B8}, {0x113BB, 0x113BB},
    {0x113C2, 0x113C2}, {0x113C5, 0x113C5}, {0x113C7, 0x113C9},
    {0x114B0, 0x114B0}, {0x114BA, 0x114BA}, {0x114BD, 0x114BD},
    {0x115AF, 0x115AF}, {0x11930, 0x11930}, {0x1611E, 0x16129},
    {0x16D67, 0x16D68}, {0x1CCD6, 0x1CCF9}, {0x1D15E, 0x1D164},
    {0x1D1BB, 0x1D1C0}, {0x1D400, 0x1D454}, {0x1D456, 0x1D49C},
    {0x1D49E, 0x1D49F}, {0x1D4A2, 0x1D4A2}, {0x1D4A5, 0x1D4A6},
    {0x1D4A9, 0x1D4AC}, {0x1D4AE, 0x1D4B9}, {0x1D4BB, 0x1D4BB},
    {0x1D4BD, 0x1D4C3}, {0x1D4C5, 0x1D505}, {0x1D507, 0x1D50A},
    {0x1D50D, 0x1D514}, {0x1D516, 0x1D51C}, {0x1D51E, 0x1D539},
    {0x1D53B, 0x1D53E}, {0x1D540, 0x1D544}, {0x1D546, 0x1D546},
    {0x1D54A, 0x1D550}, {0x1D552, 0x1D6A5}, {0x1D6A8, 0x1D7CB},
    {0x1D7CE, 0x1D7FF}, {0x1E030, 0x1E06D}, {0x1EE00, 0x1EE03},
    {0x1EE05, 0x1EE1F}, {0x1EE21, 0x1EE22}, {0x1EE24, 0x1EE24},
    {0x1EE27, 0x1EE27}, {0x1EE29, 0x1EE32}, {0x1EE34, 0x1EE37},
    {0x1EE39, 0x1EE39}, {0x1EE3B, 0x1EE3B}, {0x1EE42, 0x1EE42},
    {0x1EE47, 0x1EE47}, {0x1EE49, 0x1EE49}, {0x1EE4B, 0x1EE4B},
    {0x1EE4D, 0x1EE4F}, {0x1EE51, 0x1EE52}, {0x1EE54, 0x1EE54},
    {0x1EE57, 0x1EE57}, {0x1EE59, 0x1EE59}, {0x1EE5B, 0x1EE5B},
    {0x1EE5D, 0x1EE5D}, {0x1EE5F, 0x1EE5F}, {0x1EE61, 0x1EE62},
    {0x1EE64, 0x1EE64}, {0x1EE67, 0x1EE6A}, {0x1EE6C, 0x1EE72},
    {0x1EE74, 0x1EE77}, {0x1EE79, 0x1EE7C}, {0x1EE7E, 0x1EE7E},
    {0x1EE80, 0x1EE89}, {0x1EE8B, 0x1EE9B}, {0x1EEA1, 0x1EEA3},
    {0x1EEA5, 0x1EEA9}, {0x1EEAB, 0x1EEBB}, {0x1F100, 0x1F10A},
    {0x1F110, 0x1F12E}, {0x1F130, 0x1F14F}, {0x1F16A, 0x1F16C},
    {0x1F190, 0x1F190}, {0x1F200, 0x1F202}, {0x1F210, 0x1F23B},
    {0x1F240, 0x1F248}, {0x1F250, 0x1F251}, {0x1FBF0, 0x1FBF9},
    {0x2F800, 0x2FA1D},
};

// Code points whose NFKD_QC is No or Maybe.
static constexpr NormRange NFKD_QC_NOT_YES[] = {
    {0x00A0, 0x00A0},   {0x00A8, 0x00A8},   {0x00AA, 0x00AA},
    {0x00AF, 0x00AF},   {0x00B2, 0x00B5},   {0x00B8, 0x00BA},
    {0x00BC, 0x00BE},   {0x00C0, 0x00C5},   {0x00C7, 0x00CF},
    {0x00D1, 0x00D6},   {0x00D9, 0x00DD},   {0x00E0, 0x00E5},
    {0x00E7, 0x00EF},   {0x00F1, 0x00F6},   {0x00F9, 0x00FD},
    {0x00FF, 0x010F},   {0x0112, 0x0125},   {0x0128, 0x0130},
    {0x0132, 0x0137},   {0x0139, 0x0140},   {0x0143, 0x0149},
    {0x014C, 0x0151},   {0x0154, 0x0165},   {0x0168, 0x017F},
    {0x01A0, 0x01A1},   {0x01AF, 0x01B0},   {0x01C4, 0x01DC},
    {0x01DE, 0x01E3},   {0x01E6, 0x01F5},   {0x01F8, 0x021B},
    {0x021E, 0x021F},   {0x0226, 0x0233},   {0x02B0, 0x02B8},
    {0x02D8, 0x02DD},   {0x02E0, 0x02E4},   {0x0340, 0x0341},
    {0x0343, 0x0344},   {0x0374, 0x0374},   {0x037A, 0x037A},
    {0x037E, 0x037E},   {0x0384, 0x038A},   {0x038C, 0x038C},
    {0x038E, 0x0390},   {0x03AA, 0x03B0},   {0x03CA, 0x03CE},
    {0x03D0, 0x03D6},   {0x03F0, 0x03F2},   {0x03F4, 0x03F5},
    {0x03F9, 0x03F9},   {0x0400, 0x0401},   {0x0403, 0x0403},
    {0x0407, 0x0407},   {0x040C, 0x040E},   {0x0419, 0x0419},
    {0x0439, 0x0439},   {0x0450, 0x0451},   {0x0453, 0x0453},
    {0x0457, 0x0457},   {0x045C, 0x045E},   {0x0476, 0x0477},
    {0x04C1, 0x04C2},   {0x04D0, 0x04D3},   {0x04D6, 0x04D7},
    {0x04DA, 0x04DF},   {0x04E2, 0x04E7},   {0x04EA, 0x04F5},
    {0x04F8, 0x04F9},   {0x0587, 0x0587},   {0x0622, 0x0626},
    {0x0675, 0x0678},   {0x06C0, 0x06C0},   {0x06C2, 0x06C2},
    {0x06D3, 0x06D3},   {0x0929, 0x0929},   {0x0931, 0x0931},
    {0x0934, 0x0934},   {0x0958, 0x095F},   {0x09CB, 0x09CC},
    {0x09DC, 0x09DD},   {0x09DF, 0x09DF},   {0x0A33, 0x0A33},
    {0x0A36, 0x0A36},   {0x0A59, 0x0A5B},   {0x0A5E, 0x0A5E},
    {0x0B48, 0x0B48},   {0x0B4B, 0x0B4C},   {0x0B5C, 0x0B5D},
    {0x0B94, 0x0B94},   {0x0BCA, 0x0BCC},   {0x0C48, 0x0C48},
    {0x0CC0, 0x0CC0},   {0x0CC7, 0x0CC8},   {0x0CCA, 0x0CCB},
    {0x0D4A, 0x0D4C},   {0x0DDA, 0x0DDA},   {0x0DDC, 0x0DDE},
    {0x0E33, 0x0E33},   {0x0EB3, 0x0EB3},   {0x0EDC, 0x0EDD},
    {0x0F0C, 0x0F0C},   {0x0F43, 0x0F43},   {0x0F4D, 0x0F4D},
    {0x0F52, 0x0F52},   {0x0F57, 0x0F57},   {0x0F5C, 0x0F5C},
    {0x0F69, 0x0F69},   {0x0F73, 0x0F73},   {0x0F75, 0x0F79},
    {0x0F81, 0x0F81},   {0x0F93, 0x0F93},   {0x0F9D, 0x0F9D},
    {0x0FA2, 0x0FA2},   {0x0FA7, 0x0FA7},   {0x0FAC, 0x0FAC},
    {0x0FB9, 0x0FB9},   {0x1026, 0x1026},   {0x10FC, 0x10FC},
    {0x1B06, 0x1B06},   {0x1B08, 0x1B08},   {0x1B0A, 0x1B0A},
    {0x1B0C, 0x1B0C},   {0x1B0E, 0x1B0E},   {0x1B12, 0x1B12},
    {0x1B3B, 0x1B3B},   {0x1B3D, 0x1B3D},   {0x1B40, 0x1B41},
    {0x1B43, 0x1B43},   {0x1D2C, 0x1D2E},   {0x1D30, 0x1D3A},
    {0x1D3C, 0x1D4D},   {0x1D4F, 0x1D6A},   {0x1D78, 0x1D78},
    {0x1D9B, 0x1DBF},   {0x1E00, 0x1E9B},   {0x1EA0, 0x1EF9},
    {0x1F00, 0x1F15},   {0x1F18, 0x1F1D},   {0x1F20, 0x1F45},
    {0x1F48, 0x1F4D},   {0x1F50, 0x1F57},   {0x1F59, 0x1F59},
    {0x1F5B, 0x1F5B},   {0x1F5D, 0x1F5D},   {0x1F5F, 0x1F7D},
    {0x1F80, 0x1FB4},   {0x1FB6, 0x1FC4},   {0x1FC6, 0x1FD3},
    {0x1FD6, 0x1FDB},   {0x1FDD, 0x1FEF},   {0x1FF2, 0x1FF4},
    {0x1FF6, 0x1FFE},   {0x2000, 0x200A},   {0x2011, 0x2011},
    {0x2017, 0x2017},   {0x2024, 0x2026},   {0x202F, 0x202F},
    {0x2033, 0x2034},   {0x2036, 0x2037},   {0x203C, 0x203C},
    {0x203E, 0x203E},   {0x2047, 0x2049},   {0x2057, 0x2057},
    {0x205F, 0x205F},   {0x2070, 0x2071},   {0x2074, 0x208E},
    {0x2090, 0x209C},   {0x20A8, 0x20A8},   {0x2100, 0x2103},
    {0x2105, 0x2107},   {0x2109, 0x2113},   {0x2115, 0x2116},
    {0x2119, 0x211D},   {0x2120, 0x2122},   {0x2124, 0x2124},
    {0x2126, 0x2126},   {0x2128, 0x2128},   {0x212A, 0x212D},
    {0x212F, 0x2131},   {0x2133, 0x2139},   {0x213B, 0x2140},
    {0x2145, 0x2149},   {0x2150, 0x217F},   {0x2189, 0x2189},
    {0x219A, 0x219B},   {0x21AE, 0x21AE},   {0x21CD, 0x21CF},
    {0x2204, 0x2204},   {0x2209, 0x2209},   {0x220C, 0x220C},
    {0x2224, 0x2224},   {0x2226, 0x2226},   {0x222C, 0x222D},
    {0x222F, 0x2230},   {0x2241, 0x2241},   {0x2244, 0x2244},
    {0x2247, 0x2247},   {0x2249, 0x2249},   {0x2260, 0x2260},
    {0x2262, 0x2262},   {0x226D, 0x2271},   {0x2274, 0x2275},
    {0x2278, 0x2279},   {0x2280, 0x2281},   {0x2284, 0x2285},
    {0x2288, 0x2289},   {0x22AC, 0x22AF},   {0x22E0, 0x22E3},
    {0x22EA, 0x22ED},   {0x2329, 0x232A},   {0x2460, 0x24EA},
    {0x2A0C, 0x2A0C},   {0x2A74, 0x2A76},   {0x2ADC, 0x2ADC},
    {0x2C7C, 0x2C7D},   {0x2D6F, 0x2D6F},   {0x2E9F, 0x2E9F},
    {0x2EF3, 0x2EF3},   {0x2F00, 0x2FD5},   {0x3000, 0x3000},
    {0x3036, 0x3036},   {0x3038, 0x303A},   {0x304C, 0x304C},
    {0x304E, 0x304E},   {0x3050, 0x3050},   {0x3052, 0x3052},
    {0x3054, 0x3054},   {0x3056, 0x3056},   {0x3058, 0x3058},
    {0x305A, 0x305A},   {0x305C, 0x305C},   {0x305E, 0x305E},
    {0x3060, 0x3060},   {0x3062, 0x3062},   {0x3065, 0x3065},
    {0x3067, 0x3067},   {0x3069, 0x3069},   {0x3070, 0x3071},
    {0x3073, 0x3074},   {0x3076, 0x3077},   {0x3079, 0x307A},
    {0x307C, 0x307D},   {0x3094, 0x3094},   {0x309B, 0x309C},
    {0x309E, 0x309F},   {0x30AC, 0x30AC},   {0x30AE, 0x30AE},
    {0x30B0, 0x30B0},   {0x30B2, 0x30B2},   {0x30B4, 0x30B4},
    {0x30B6, 0x30B6},   {0x30B8, 0x30B8},   {0x30BA, 0x30BA},
    {0x30BC, 0x30BC},   {0x30BE, 0x30BE},   {0x30C0, 0x30C0},
    {0x30C2, 0x30C2},   {0x30C5, 0x30C5},   {0x30C7, 0x30C7},
    {0x30C9, 0x30C9},   {0x30D0, 0x30D1},   {0x30D3, 0x30D4},
    {0x30D6, 0x30D7},   {0x30D9, 0x30DA},   {0x30DC, 0x30DD},
    {0x30F4, 0x30F4},   {0x30F7, 0x30FA},   {0x30FE, 0x30FF},
    {0x3131, 0x318E},   {0x3192, 0x319F},   {0x3200, 0x321E},
    {0x3220, 0x3247},   {0x3250, 0x327E},   {0x3280, 0x33FF},
    {0xA69C, 0xA69D},   {0xA770, 0xA770},   {0xA7F1, 0xA7F4},
    {0xA7F8, 0xA7F9},   {0xAB5C, 0xAB5F},   {0xAB69, 0xAB69},
    {0xAC00, 0xD7A3},   {0xF900, 0xFA0D},   {0xFA10, 0xFA10},
    {0xFA12, 0xFA12},   {0xFA15, 0xFA1E},   {0xFA20, 0xFA20},
    {0xFA22, 0xFA22},   {0xFA25, 0xFA26},   {0xFA2A, 0xFA6D},
    {0xFA70, 0xFAD9},   {0xFB00, 0xFB06},   {0xFB13, 0xFB17},
    {0xFB1D, 0xFB1D},   {0xFB1F, 0xFB36},   {0xFB38, 0xFB3C},
    {0xFB3E, 0xFB3E},   {0xFB40, 0xFB41},   {0xFB43, 0xFB44},
    {0xFB46, 0xFBB1},   {0xFBD3, 0xFD3D},   {0xFD50, 0xFD8F},
    {0xFD92, 0xFDC7},   {0xFDF0, 0xFDFC},   {0xFE10, 0xFE19},
    {0xFE30, 0xFE44},   {0xFE47, 0xFE52},   {0xFE54, 0xFE66},
    {0xFE68, 0xFE6B},   {0xFE70, 0xFE72},   {0xFE74, 0xFE74},
    {0xFE76, 0xFEFC},   {0xFF01, 0xFFBE},   {0xFFC2, 0xFFC7},
    {0xFFCA, 0xFFCF},   {0xFFD2, 0xFFD7},   {0xFFDA, 0xFFDC},
    {0xFFE0, 0xFFE6},   {0xFFE8, 0xFFEE},   {0x105C9, 0x105C9},
    {0x105E4, 0x105E4}, {0x10781, 0x10785}, {0x10787, 0x107B0},
    {0x107B2, 0x107BA}, {0x1109A, 0x1109A}, {0x1109C, 0x1109C},
    {0x110AB, 0x110AB}, {0x1112E, 0x1112F}, {0x1134B, 0x1134C},
    {0x11383, 0x11383}, {0x11385, 0x11385}, {0x1138E, 0x1138E},
    {0x11391, 0x11391}, {0x113C5, 0x113C5}, {0x113C7, 0x113C8},
    {0x114BB, 0x114BC}, {0x114BE, 0x114BE}, {0x115BA, 0x115BB},
    {0x11938, 0x11938}, {0x16121, 0x16128}, {0x16D68, 0x16D6A},
    {0x1CCD6, 0x1CCF9}, {0x1D15E, 0x1D164}, {0x1D1BB, 0x1D1C0},
    {0x1D400, 0x1D454}, {0x1D456, 0x1D49C}, {0x1D49E, 0x1D49F},
    {0x1D4A2, 0x1D4A2}, {0x1D4A5, 0x1D4A6}, {0x1D4A9, 0x1D4AC},
    {0x1D4AE, 0x1D4B9}, {0x1D4BB, 0x1D4BB}, {0x1D4BD, 0x1D4C3},
    {0x1D4C5, 0x1D505}, {0x1D507, 0x1D50A}, {0x1D50D, 0x1D514},
    {0x1D516, 0x1D51C}, {0x1D51E, 0x1D539}, {0x1D53B, 0x1D53E},
    {0x1D540, 0x1D544}, {0x1D546, 0x1D546}, {0x1D54A, 0x1D550},
    {0x1D552, 0x1D6A5}, {0x1D6A8, 0x1D7CB}, {0x1D7CE, 0x1D7FF},
    {0x1E030, 0x1E06D}, {0x1EE00, 0x1EE03}, {0x1EE05, 0x1EE1F},
    {0x1EE21, 0x1EE22}, {0x1EE24, 0x1EE24}, {0x1EE27, 0x1EE27},
    {0x1EE29, 0x1EE32}, {0x1EE34, 0x1EE37}, {0x1EE39, 0x1EE39},
    {0x1EE3B, 0x1EE3B}, {0x1EE42, 0x1EE42}, {0x1EE47, 0x1EE47},
    {0x1EE49, 0x1EE49}, {0x1EE4B, 0x1EE4B}, {0x1EE4D, 0x1EE4F},
    {0x1EE51, 0x1EE52}, {0x1EE54, 0x1EE54}, {0x1EE57, 0x1EE57},
    {0x1EE59, 0x1EE59}, {0x1EE5B, 0x1EE5B}, {0x1EE5D, 0x1EE5D},
    {0x1EE5F, 0x1EE5F}, {0x1EE61, 0x1EE62}, {0x1EE64, 0x1EE64},
    {0x1EE67, 0x1EE6A}, {0x1EE6C, 0x1EE72}, {0x1EE74, 0x1EE77},
    {0x1EE79, 0x1EE7C}, {0x1EE7E, 0x1EE7E}, {0x1EE80, 0x1EE89},
    {0x1EE8B, 0x1EE9B}, {0x1EEA1, 0x1EEA3}, {0x1EEA5, 0x1EEA9},
    {0x1EEAB, 0x1EEBB}, {0x1F100, 0x1F10A}, {0x1F110, 0x1F12E},
    {0x1F130, 0x1F14F}, {0x1F16A, 0x1F16C}, {0x1F190, 0x1F190},
    {0x1F200, 0x1F202}, {0x1F210, 0x1F23B}, {0x1F240, 0x1F248},
    {0x1F250, 0x1F251}, {0x1FBF0, 0x1FBF9}, {0x2F800, 0x2FA1D},
};

static constexpr CCCRange CCC_RANGES[] = {
    {0x0300, 0x0314, 230},   {0x0315, 0x0315, 232},   {0x0316, 0x0319, 220},
    {0x031A, 0x031A, 232},   {0x031B, 0x031B, 216},   {0x031C, 0x0320, 220},
    {0x0321, 0x0322, 202},   {0x0323, 0x0326, 220},   {0x0327, 0x0328, 202},
    {0x0329, 0x0333, 220},   {0x0334, 0x0338, 1},     {0x0339, 0x033C, 220},
    {0x033D, 0x0344, 230},   {0x0345, 0x0345, 240},   {0x0346, 0x0346, 230},
    {0x0347, 0x0349, 220},   {0x034A, 0x034C, 230},   {0x034D, 0x034E, 220},
    {0x0350, 0x0352, 230},   {0x0353, 0x0356, 220},   {0x0357, 0x0357, 230},
    {0x0358, 0x0358, 232},   {0x0359, 0x035A, 220},   {0x035B, 0x035B, 230},
    {0x035C, 0x035C, 233},   {0x035D, 0x035E, 234},   {0x035F, 0x035F, 233},
    {0x0360, 0x0361, 234},   {0x0362, 0x0362, 233},   {0x0363, 0x036F, 230},
    {0x0483, 0x0487, 230},   {0x0591, 0x0591, 220},   {0x0592, 0x0595, 230},
    {0x0596, 0x0596, 220},   {0x0597, 0x0599, 230},   {0x059A, 0x059A, 222},
    {0x059B, 0x059B, 220},   {0x059C, 0x05A1, 230},   {0x05A2, 0x05A7, 220},
    {0x05A8, 0x05A9, 230},   {0x05AA, 0x05AA, 220},   {0x05AB, 0x05AC, 230},
    {0x05AD, 0x05AD, 222},   {0x05AE, 0x05AE, 228},   {0x05AF, 0x05AF, 230},
    {0x05B0, 0x05B0, 10},    {0x05B1, 0x05B1, 11},    {0x05B2, 0x05B2, 12},
    {0x05B3, 0x05B3, 13},    {0x05B4, 0x05B4, 14},    {0x05B5, 0x05B5, 15},
    {0x05B6, 0x05B6, 16},    {0x05B7, 0x05B7, 17},    {0x05B8, 0x05B8, 18},
    {0x05B9, 0x05BA, 19},    {0x05BB, 0x05BB, 20},    {0x05BC, 0x05BC, 21},
    {0x05BD, 0x05BD, 22},    {0x05BF, 0x05BF, 23},    {0x05C1, 0x05C1, 24},
    {0x05C2, 0x05C2, 25},    {0x05C4, 0x05C4, 230},   {0x05C5, 0x05C5, 220},
    {0x05C7, 0x05C7, 18},    {0x0610, 0x0617, 230},   {0x0618, 0x0618, 30},
    {0x0619, 0x0619, 31},    {0x061A, 0x061A, 32},    {0x064B, 0x064B, 27},
    {0x064C, 0x064C, 28},    {0x064D, 0x064D, 29},    {0x064E, 0x064E, 30},
    {0x064F, 0x064F, 31},    {0x0650, 0x0650, 32},    {0x0651, 0x0651, 33},
    {0x0652, 0x0652, 34},    {0x0653, 0x0654, 230},   {0x0655, 0x0656, 220},
    {0x0657, 0x065B, 230},   {0x065C, 0x065C, 220},   {0x065D, 0x065E, 230},
    {0x065F, 0x065F, 220},   {0x0670, 0x0670, 35},    {0x06D6, 0x06DC, 230},
    {0x06DF, 0x06E2, 230},   {0x06E3, 0x06E3, 220},   {0x06E4, 0x06E4, 230},
    {0x06E7, 0x06E8, 230},   {0x06EA, 0x06EA, 220},   {0x06EB, 0x06EC, 230},
    {0x06ED, 0x06ED, 220},   {0x0711, 0x0711, 36},    {0x0730, 0x0730, 230},
    {0x0731, 0x0731, 220},   {0x0732, 0x0733, 230},   {0x0734, 0x0734, 220},
    {0x0735, 0x0736, 230},   {0x0737, 0x0739, 220},   {0x073A, 0x073A, 230},
    {0x073B, 0x073C, 220},   {0x073D, 0x073D, 230},   {0x073E, 0x073E, 220},
    {0x073F, 0x0741, 230},   {0x0742, 0x0742, 220},   {0x0743, 0x0743, 230},
    {0x0744, 0x0744, 220},   {0x0745, 0x0745, 230},   {0x0746, 0x0746, 220},
    {0x0747, 0x0747, 230},   {0x0748, 0x0748, 220},   {0x0749, 0x074A, 230},
    {0x07EB, 0x07F1, 230},   {0x07F2, 0x07F2, 220},   {0x07F3, 0x07F3, 230},
    {0x07FD, 0x07FD, 220},   {0x0816, 0x0819, 230},   {0x081B, 0x0823, 230},
    {0x0825, 0x0827, 230},   {0x0829, 0x082D, 230},   {0x0859, 0x085B, 220},
    {0x0897, 0x0898, 230},   {0x0899, 0x089B, 220},   {0x089C, 0x089F, 230},
    {0x08CA, 0x08CE, 230},   {0x08CF, 0x08D3, 220},   {0x08D4, 0x08E1, 230},
    {0x08E3, 0x08E3, 220},   {0x08E4, 0x08E5, 230},   {0x08E6, 0x08E6, 220},
    {0x08E7, 0x08E8, 230},   {0x08E9, 0x08E9, 220},   {0x08EA, 0x08EC, 230},
    {0x08ED, 0x08EF, 220},   {0x08F0, 0x08F0, 27},    {0x08F1, 0x08F1, 28},
    {0x08F2, 0x08F2, 29},    {0x08F3, 0x08F5, 230},   {0x08F6, 0x08F6, 220},
    {0x08F7, 0x08F8, 230},   {0x08F9, 0x08FA, 220},   {0x08FB, 0x08FF, 230},
    {0x093C, 0x093C, 7},     {0x094D, 0x094D, 9},     {0x0951, 0x0951, 230},
    {0x0952, 0x0952, 220},   {0x0953, 0x0954, 230},   {0x09BC, 0x09BC, 7},
    {0x09CD, 0x09CD, 9},     {0x09FE, 0x09FE, 230},   {0x0A3C, 0x0A3C, 7},
    {0x0A4D, 0x0A4D, 9},     {0x0ABC, 0x0ABC, 7},     {0x0ACD, 0x0ACD, 9},
    {0x0B3C, 0x0B3C, 7},     {0x0B4D, 0x0B4D, 9},     {0x0BCD, 0x0BCD, 9},
    {0x0C3C, 0x0C3C, 7},     {0x0C4D, 0x0C4D, 9},     {0x0C55, 0x0C55, 84},
    {0x0C56, 0x0C56, 91},    {0x0CBC, 0x0CBC, 7},     {0x0CCD, 0x0CCD, 9},
    {0x0D3B, 0x0D3C, 9},     {0x0D4D, 0x0D4D, 9},     {0x0DCA, 0x0DCA, 9},
    {0x0E38, 0x0E39, 103},   {0x0E3A, 0x0E3A, 9},     {0x0E48, 0x0E4B, 107},
    {0x0EB8, 0x0EB9, 118},   {0x0EBA, 0x0EBA, 9},     {0x0EC8, 0x0ECB, 122},
    {0x0F18, 0x0F19, 220},   {0x0F35, 0x0F35, 220},   {0x0F37, 0x0F37, 220},
    {0x0F39, 0x0F39, 216},   {0x0F71, 0x0F71, 129},   {0x0F72, 0x0F72, 130},
    {0x0F74, 0x0F74, 132},   {0x0F7A, 0x0F7D, 130},   {0x0F80, 0x0F80, 130},
    {0x0F82, 0x0F83, 230},   {0x0F84, 0x0F84, 9},     {0x0F86, 0x0F87, 230},
    {0x0FC6, 0x0FC6, 220},   {0x1037, 0x1037, 7},     {0x1039, 0x103A, 9},
    {0x108D, 0x108D, 220},   {0x135D, 0x135F, 230},   {0x1714, 0x1715, 9},
    {0x1734, 0x1734, 9},     {0x17D2, 0x17D2, 9},     {0x17DD, 0x17DD, 230},
    {0x18A9, 0x18A9, 228},   {0x1939, 0x1939, 222},   {0x193A, 0x193A, 230},
    {0x193B, 0x193B, 220},   {0x1A17, 0x1A17, 230},   {0x1A18, 0x1A18, 220},
    {0x1A60, 0x1A60, 9},     {0x1A75, 0x1A7C, 230},   {0x1A7F, 0x1A7F, 220},
    {0x1AB0, 0x1AB4, 230},   {0x1AB5, 0x1ABA, 220},   {0x1ABB, 0x1ABC, 230},
    {0x1ABD, 0x1ABD, 220},   {0x1ABF, 0x1AC0, 220},   {0x1AC1, 0x1AC2, 230},
    {0x1AC3, 0x1AC4, 220},   {0x1AC5, 0x1AC9, 230},   {0x1ACA, 0x1ACA, 220},
    {0x1ACB, 0x1ADC, 230},   {0x1ADD, 0x1ADD, 220},   {0x1AE0, 0x1AE5, 230},
    {0x1AE6, 0x1AE6, 220},   {0x1AE7, 0x1AEA, 230},   {0x1AEB, 0x1AEB, 234},
    {0x1B34, 0x1B34, 7},     {0x1B44, 0x1B44, 9},     {0x1B6B, 0x1B6B, 230},
    {0x1B6C, 0x1B6C, 220},   {0x1B6D, 0x1B73, 230},   {0x1BAA, 0x1BAB, 9},
    {0x1BE6, 0x1BE6, 7},     {0x1BF2, 0x1BF3, 9},     {0x1C37, 0x1C37, 7},
    {0x1CD0, 0x1CD2, 230},   {0x1CD4, 0x1CD4, 1},     {0x1CD5, 0x1CD9, 220},
    {0x1CDA, 0x1CDB, 230},   {0x1CDC, 0x1CDF, 220},   {0x1CE0, 0x1CE0, 230},
    {0x1CE2, 0x1CE8, 1},     {0x1CED, 0x1CED, 220},   {0x1CF4, 0x1CF4, 230},
    {0x1CF8, 0x1CF9, 230},   {0x1DC0, 0x1DC1, 230},   {0x1DC2, 0x1DC2, 220},
    {0x1DC3, 0x1DC9, 230},   {0x1DCA, 0x1DCA, 220},   {0x1DCB, 0x1DCC, 230},
    {0x1DCD, 0x1DCD, 234},   {0x1DCE, 0x1DCE, 214},   {0x1DCF, 0x1DCF, 220},
    {0x1DD0, 0x1DD0, 202},   {0x1DD1, 0x1DF5, 230},   {0x1DF6, 0x1DF6, 232},
    {0x1DF7, 0x1DF8, 228},   {0x1DF9, 0x1DF9, 220},   {0x1DFA, 0x1DFA, 218},
    {0x1DFB, 0x1DFB, 230},   {0x1DFC, 0x1DFC, 233},   {0x1DFD, 0x1DFD, 220},
    {0x1DFE, 0x1DFE, 230},   {0x1DFF, 0x1DFF, 220},   {0x20D0, 0x20D1, 230},
    {0x20D2, 0x20D3, 1},     {0x20D4, 0x20D7, 230},   {0x20D8, 0x20DA, 1},
    {0x20DB, 0x20DC, 230},   {0x20E1, 0x20E1, 230},   {0x20E5, 0x20E6, 1},
    {0x20E7, 0x20E7, 230},   {0x20E8, 0x20E8, 220},   {0x20E9, 0x20E9, 230},
    {0x20EA, 0x20EB, 1},     {0x20EC, 0x20EF, 220},   {0x20F0, 0x20F0, 230},
    {0x2CEF, 0x2CF1, 230},   {0x2D7F, 0x2D7F, 9},     {0x2DE0, 0x2DFF, 230},
    {0x302A, 0x302A, 218},   {0x302B, 0x302B, 228},   {0x302C, 0x302C, 232},
    {0x302D, 0x302D, 222},   {0x302E, 0x302F, 224},   {0x3099, 0x309A, 8},
    {0xA66F, 0xA66F, 230},   {0xA674, 0xA67D, 230},   {0xA69E, 0xA69F, 230},
    {0xA6F0, 0xA6F1, 230},   {0xA806, 0xA806, 9},     {0xA82C, 0xA82C, 9},
    {0xA8C4, 0xA8C4, 9},     {0xA8E0, 0xA8F1, 230},   {0xA92B, 0xA92D, 220},
    {0xA953, 0xA953, 9},     {0xA9B3, 0xA9B3, 7},     {0xA9C0, 0xA9C0, 9},
    {0xAAB0, 0xAAB0, 230},   {0xAAB2, 0xAAB3, 230},   {0xAAB4, 0xAAB4, 220},
    {0xAAB7, 0xAAB8, 230},   {0xAABE, 0xAABF, 230},   {0xAAC1, 0xAAC1, 230},
    {0xAAF6, 0xAAF6, 9},     {0xABED, 0xABED, 9},     {0xFB1E, 0xFB1E, 26},
    {0xFE20, 0xFE26, 230},   {0xFE27, 0xFE2D, 220},   {0xFE2E, 0xFE2F, 230},
    {0x101FD, 0x101FD, 220}, {0x102E0, 0x102E0, 220}, {0x10376, 0x1037A, 230},
    {0x10A0D, 0x10A0D, 220}, {0x10A0F, 0x10A0F, 230}, {0x10A38, 0x10A38, 230},
    {0x10A39, 0x10A39, 1},   {0x10A3A, 0x10A3A, 220}, {0x10A3F, 0x10A3F, 9},
    {0x10AE5, 0x10AE5, 230}, {0x10AE6, 0x10AE6, 220}, {0x10D24, 0x10D27, 230},
    {0x10D69, 0x10D6D, 230}, {0x10EAB, 0x10EAC, 230}, {0x10EFA, 0x10EFB, 220},
    {0x10EFD, 0x10EFF, 220}, {0x10F46, 0x10F47, 220}, {0x10F48, 0x10F4A, 230},
    {0x10F4B, 0x10F4B, 220}, {0x10F4C, 0x10F4C, 230}, {0x10F4D, 0x10F50, 220},
    {0x10F82, 0x10F82, 230}, {0x10F83, 0x10F83, 220}, {0x10F84, 0x10F84, 230},
    {0x10F85, 0x10F85, 220}, {0x11046, 0x11046, 9},   {0x11070, 0x11070, 9},
    {0x1107F, 0x1107F, 9},   {0x110B9, 0x110B9, 9},   {0x110BA, 0x110BA, 7},
    {0x11100, 0x11102, 230}, {0x11133, 0x11134, 9},   {0x11173, 0x11173, 7},
    {0x111C0, 0x111C0, 9},   {0x111CA, 0x111CA, 7},   {0x11235, 0x11235, 9},
    {0x11236, 0x11236, 7},   {0x112E9, 0x112E9, 7},   {0x112EA, 0x112EA, 9},
    {0x1133B, 0x1133C, 7},   {0x1134D, 0x1134D, 9},   {0x11366, 0x1136C, 230},
    {0x11370, 0x11374, 230}, {0x113CE, 0x113D0, 9},   {0x11442, 0x11442, 9},
    {0x11446, 0x11446, 7},   {0x1145E, 0x1145E, 230}, {0x114C2, 0x114C2, 9},
    {0x114C3, 0x114C3, 7},   {0x115BF, 0x115BF, 9},   {0x115C0, 0x115C0, 7},
    {0x1163F, 0x1163F, 9},   {0x116B6, 0x116B6, 9},   {0x116B7, 0x116B7, 7},
    {0x1172B, 0x1172B, 9},   {0x11839, 0x11839, 9},   {0x1183A, 0x1183A, 7},
    {0x1193D, 0x1193E, 9},   {0x11943, 0x11943, 7},   {0x119E0, 0x119E0, 9},
    {0x11A34, 0x11A34, 9},   {0x11A47, 0x11A47, 9},   {0x11A99, 0x11A99, 9},
    {0x11C3F, 0x11C3F, 9},   {0x11D42, 0x11D42, 7},   {0x11D44, 0x11D45, 9},
    {0x11D97, 0x11D97, 9},   {0x11F41, 0x11F42, 9},   {0x1612F, 0x1612F, 9},
    {0x16AF0, 0x16AF4, 1},   {0x16B30, 0x16B36, 230}, {0x16FF0, 0x16FF1, 6},
    {0x1BC9E, 0x1BC9E, 1},   {0x1D165, 0x1D166, 216}, {0x1D167, 0x1D169, 1},
    {0x1D16D, 0x1D16D, 226}, {0x1D16E, 0x1D172, 216}, {0x1D17B, 0x1D182, 220},
    {0x1D185, 0x1D189, 230}, {0x1D18A, 0x1D18B, 220}, {0x1D1AA, 0x1D1AD, 230},
    {0x1D242, 0x1D244, 230}, {0x1E000, 0x1E006, 230}, {0x1E008, 0x1E018, 230},
    {0x1E01B, 0x1E021, 230}, {0x1E023, 0x1E024, 230}, {0x1E026, 0x1E02A, 230},
    {0x1E08F, 0x1E08F, 230}, {0x1E130, 0x1E136, 230}, {0x1E2AE, 0x1E2AE, 230},
    {0x1E2EC, 0x1E2EF, 230}, {0x1E4EC, 0x1E4ED, 232}, {0x1E4EE, 0x1E4EE, 220},
    {0x1E4EF, 0x1E4EF, 230}, {0x1E5EE, 0x1E5EE, 230}, {0x1E5EF, 0x1E5EF, 220},
    {0x1E6E3, 0x1E6E3, 230}, {0x1E6E6, 0x1E6E6, 230}, {0x1E6EE, 0x1E6EF, 230},
    {0x1E6F5, 0x1E6F5, 230}, {0x1E8D0, 0x1E8D6, 220}, {0x1E944, 0x1E949, 230},
    {0x1E94A, 0x1E94A, 7},
};

static constexpr char16_t DECOMP_POOL16[] = {
    0x0041, 0x0300, 0x0041, 0x0301, 0x0041, 0x0302, 0x0041, 0x0303, 0x0041,
    0x0308, 0x0041, 0x030A, 0x0043, 0x0327, 0x0045, 0x0300, 0x0045, 0x0301,
    0x0045, 0x0302, 0x0045, 0x0308, 0x0049, 0x0300, 0x0049, 0x0301, 0x0049,
    0x0302, 0x0049, 0x0308, 0x004E, 0x0303, 0x004F, 0x0300, 0x004F, 0x0301,
    0x004F, 0x0302, 0x004F, 0x0303, 0x004F, 0x0308, 0x0055, 0x0300, 0x0055,
    0x0301, 0x0055, 0x0302, 0x0055, 0x0308, 0x0059, 0x0301, 0x0061, 0x0300,
    0x0061, 0x0301, 0x0061, 0x0302, 0x0061, 0x0303, 0x0061, 0x0308, 0x0061,
    0x030A, 0x0063, 0x0327, 0x0065, 0x0300, 0x0065, 0x0301, 0x0065, 0x0302,
    0x0065, 0x0308, 0x0069, 0x0300, 0x0069, 0x0301, 0x0069, 0x0302, 0x0069,
    0x0308, 0x006E, 0x0303, 0x006F, 0x0300, 0x006F, 0x0301, 0x006F, 0x0302,
    0x006F, 0x0303, 0x006F, 0x0308, 0x0075, 0x0300, 0x0075, 0x0301, 0x0075,
    0x0302, 0x0075, 0x0308, 0x0079, 0x0301, 0x0079, 0x0308, 0x0041, 0x0304,
    0x0061, 0x0304, 0x0041, 0x0306, 0x0061, 0x0306, 0x0041, 0x0328, 0x0061,
    0x0328, 0x0043, 0x0301, 0x0063, 0x0301, 0x0043, 0x0302, 0x0063, 0x0302,
    0x0043, 0x0307, 0x0063, 0x0307, 0x0043, 0x030C, 0x0063, 0x030C, 0x0044,
    0x030C, 0x0064, 0x030C, 0x0045, 0x0304, 0x0065, 0x0304, 0x0045, 0x0306,
    0x0065, 0x0306, 0x0045, 0x0307, 0x0065, 0x0307, 0x0045, 0x0328, 0x0065,
    0x0328, 0x0045, 0x030C, 0x0065, 0x030C, 0x0047, 0x0302, 0x0067, 0x0302,
    0x0047, 0x0306, 0x0067, 0x0306, 0x0047, 0x0307, 0x0067, 0x0307, 0x0047,
    0x0327, 0x0067, 0x0327, 0x0048, 0x0302, 0x0068, 0x0302, 0x0049, 0x0303,
    0x0069, 0x0303, 0x0049, 0x0304, 0x0069, 0x0304, 0x0049, 0x0306, 0x0069,
    0x0306, 0x0049, 0x0328, 0x0069, 0x0328, 0x0049, 0x0307, 0x004A, 0x0302,
    0x006A, 0x0302, 0x004B, 0x0327, 0x006B, 0x0327, 0x004C, 0x0301, 0x006C,
    0x0301, 0x004C, 0x0327, 0x006C, 0x0327, 0x004C, 0x030C, 0x006C, 0x030C,
    0x004E, 0x0301, 0x006E, 0x0301, 0x004E, 0x0327, 0x006E, 0x0327, 0x004E,
    0x030C, 0x006E, 0x030C, 0x004F, 0x0304, 0x006F, 0x0304, 0x004F, 0x0306,
    0x006F, 0x0306, 0x004F, 0x030B, 0x006F, 0x030B, 0x0052, 0x0301, 0x0072,
    0x0301, 0x0052, 0x0327, 0x0072, 0x0327, 0x0052, 0x030C, 0x0072, 0x030C,
    0x0053, 0x0301, 0x0073, 0x0301, 0x0053, 0x0302, 0x0073, 0x0302, 0x0053,
    0x0327, 0x0073, 0x0327, 0x0053, 0x030C, 0x0073, 0x030C, 0x0054, 0x0327,
    0x0074, 0x0327, 0x0054, 0x030C, 0x0074, 0x030C, 0x0055, 0x0303, 0x0075,
    0x0303, 0x0055, 0x0304, 0x0075, 0x0304, 0x0055, 0x0306, 0x0075, 0x0306,
    0x0055, 0x030A, 0x0075, 0x030A, 0x0055, 0x030B, 0x0075, 0x030B, 0x0055,
    0x0328, 0x0075, 0x0328, 0x0057, 0x0302, 0x0077, 0x0302, 0x0059, 0x0302,
    0x0079, 0x0302, 0x0059, 0x0308, 0x005A, 0x0301, 0x007A, 0x0301, 0x005A,
    0x0307, 0x007A, 0x0307, 0x005A, 0x030C, 0x007A, 0x030C, 0x004F, 0x031B,
    0x006F, 0x031B, 0x0055, 0x031B, 0x0075, 0x031B, 0x0041, 0x030C, 0x0061,
    0x030C, 0x0049, 0x030C, 0x0069, 0x030C, 0x004F, 0x030C, 0x006F, 0x030C,
    0x0055, 0x030C, 0x0075, 0x030C, 0x0055, 0x0308, 0x0304, 0x0075, 0x0308,
    0x0304, 0x0055, 0x0308, 0x0301, 0x0075, 0x0308, 0x0301, 0x0055, 0x0308,
    0x030C, 0x0075, 0x0308, 0x030C, 0x0055, 0x0308, 0x0300, 0x0075, 0x0308,
    0x0300, 0x0041, 0x0308, 0x0304, 0x0061, 0x0308, 0x0304, 0x0041, 0x0307,
    0x0304, 0x0061, 0x0307, 0x0304, 0x00C6, 0x0304, 0x00E6, 0x0304, 0x0047,
    0x030C, 0x0067, 0x030C, 0x004B, 0x030C, 0x006B, 0x030C, 0x004F, 0x0328,
    0x006F, 0x0328, 0x004F, 0x0328, 0x0304, 0x006F, 0x0328, 0x0304, 0x01B7,
    0x030C, 0x0292, 0x030C, 0x006A, 0x030C, 0x0047, 0x0301, 0x0067, 0x0301,
    0x004E, 0x0300, 0x006E, 0x0300, 0x0041, 0x030A, 0x0301, 0x0061, 0x030A,
    0x0301, 0x00C6, 0x0301, 0x00E6, 0x0301, 0x00D8, 0x0301, 0x00F8, 0x0301,
    0x0041, 0x030F, 0x0061, 0x030F, 0x0041, 0x0311, 0x0061, 0x0311, 0x0045,
    0x030F, 0x0065, 0x030F, 0x0045, 0x0311, 0x0065, 0x0311, 0x0049, 0x030F,
    0x0069, 0x030F, 0x0049, 0x0311, 0x0069, 0x0311, 0x004F, 0x030F, 0x006F,
    0x030F, 0x004F, 0x0311, 0x006F, 0x0311, 0x0052, 0x030F, 0x0072, 0x030F,
    0x0052, 0x0311, 0x0072, 0x0311, 0x0055, 0x030F, 0x0075, 0x030F, 0x0055,
    0x0311, 0x0075, 0x0311, 0x0053, 0x0326, 0x0073, 0x0326, 0x0054, 0x0326,
    0x0074, 0x0326, 0x0048, 0x030C, 0x0068, 0x030C, 0x0041, 0x0307, 0x0061,
    0x0307, 0x0045, 0x0327, 0x0065, 0x0327, 0x004F, 0x0308, 0x0304, 0x006F,
    0x0308, 0x0304, 0x004F, 0x0303, 0x0304, 0x006F, 0x0303, 0x0304, 0x004F,
    0x0307, 0x006F, 0x0307, 0x004F, 0x0307, 0x0304, 0x006F, 0x0307, 0x0304,
    0x0059, 0x0304, 0x0079, 0x0304, 0x0300, 0x0301, 0x0313, 0x0308, 0x0301,
    0x02B9, 0x003B, 0x00A8, 0x0301, 0x0391, 0x0301, 0x00B7, 0x0395, 0x0301,
    0x0397, 0x0301, 0x0399, 0x0301, 0x039F, 0x0301, 0x03A5, 0x0301, 0x03A9,
    0x0301, 0x03B9, 0x0308, 0x0301, 0x0399, 0x0308, 0x03A5, 0x0308, 0x03B1,
    0x0301, 0x03B5, 0x0301, 0x03B7, 0x0301, 0x03B9, 0x0301, 0x03C5, 0x0308,
    0x0301, 0x03B9, 0x0308, 0x03C5, 0x0308, 0x03BF, 0x0301, 0x03C5, 0x0301,
    0x03C9, 0x0301, 0x03D2, 0x0301, 0x03D2, 0x0308, 0x0415, 0x0300, 0x0415,
    0x0308, 0x0413, 0x0301, 0x0406, 0x0308, 0x041A, 0x0301, 0x0418, 0x0300,
    0x0423, 0x0306, 0x0418, 0x0306, 0x0438, 0x0306, 0x0435, 0x0300, 0x0435,
    0x0308, 0x0433, 0x0301, 0x0456, 0x0308, 0x043A, 0x0301, 0x0438, 0x0300,
    0x0443, 0x0306, 0x0474, 0x030F, 0x0475, 0x030F, 0x0416, 0x0306, 0x0436,
    0x0306, 0x0410, 0x0306, 0x0430, 0x0306, 0x0410, 0x0308, 0x0430, 0x0308,
    0x0415, 0x0306, 0x0435, 0x0306, 0x04D8, 0x0308, 0x04D9, 0x0308, 0x0416,
    0x0308, 0x0436, 0x0308, 0x0417, 0x0308, 0x0437, 0x0308, 0x0418, 0x0304,
    0x0438, 0x0304, 0x0418, 0x0308, 0x0438, 0x0308, 0x041E, 0x0308, 0x043E,
    0x0308, 0x04E8, 0x0308, 0x04E9, 0x0308, 0x042D, 0x0308, 0x044D, 0x0308,
    0x0423, 0x0304, 0x0443, 0x0304, 0x0423, 0x0308, 0x0443, 0x0308, 0x0423,
    0x030B, 0x0443, 0x030B, 0x0427, 0x0308, 0x0447, 0x0308, 0x042B, 0x0308,
    0x044B, 0x0308, 0x0627, 0x0653, 0x0627, 0x0654, 0x0648, 0x0654, 0x0627,
    0x0655, 0x064A, 0x0654, 0x06D5, 0x0654, 0x06C1, 0x0654, 0x06D2, 0x0654,
    0x0928, 0x093C, 0x0930, 0x093C, 0x0933, 0x093C, 0x0915, 0x093C, 0x0916,
    0x093C, 0x0917, 0x093C, 0x091C, 0x093C, 0x0921, 0x093C, 0x0922, 0x093C,
    0x092B, 0x093C, 0x092F, 0x093C, 0x09C7, 0x09BE, 0x09C7, 0x09D7, 0x09A1,
    0x09BC, 0x09A2, 0x09BC, 0x09AF, 0x09BC, 0x0A32, 0x0A3C, 0x0A38, 0x0A3C,
    0x0A16, 0x0A3C, 0x0A17, 0x0A3C, 0x0A1C, 0x0A3C, 0x0A2B, 0x0A3C, 0x0B47,
    0x0B56, 0x0B47, 0x0B3E, 0x0B47, 0x0B57, 0x0B21, 0x0B3C, 0x0B22, 0x0B3C,
    0x0B92, 0x0BD7, 0x0BC6, 0x0BBE, 0x0BC7, 0x0BBE, 0x0BC6, 0x0BD7, 0x0C46,
    0x0C56, 0x0CBF, 0x0CD5, 0x0CC6, 0x0CD5, 0x0CC6, 0x0CD6, 0x0CC6, 0x0CC2,
    0x0CC6, 0x0CC2, 0x0CD5, 0x0D46, 0x0D3E, 0x0D47, 0x0D3E, 0x0D46, 0x0D57,
    0x0DD9, 0x0DCA, 0x0DD9, 0x0DCF, 0x0DD9, 0x0DCF, 0x0DCA, 0x0DD9, 0x0DDF,
    0x0F42, 0x0FB7, 0x0F4C, 0x0FB7, 0x0F51, 0x0FB7, 0x0F56, 0x0FB7, 0x0F5B,
    0x0FB7, 0x0F40, 0x0FB5, 0x0F71, 0x0F72, 0x0F71, 0x0F74, 0x0FB2, 0x0F80,
    0x0FB3, 0x0F80, 0x0F71, 0x0F80, 0x0F92, 0x0FB7, 0x0F9C, 0x0FB7, 0x0FA1,
    0x0FB7, 0x0FA6, 0x0FB7, 0x0FAB, 0x0FB7, 0x0F90, 0x0FB5, 0x1025, 0x102E,
    0x1B05, 0x1B35, 0x1B07, 0x1B35, 0x1B09, 0x1B35, 0x1B0B, 0x1B35, 0x1B0D,
    0x1B35, 0x1B11, 0x1B35, 0x1B3A, 0x1B35, 0x1B3C, 0x1B35, 0x1B3E, 0x1B35,
    0x1B3F, 0x1B35, 0x1B42, 0x1B35, 0x0041, 0x0325, 0x0061, 0x0325, 0x0042,
    0x0307, 0x0062, 0x0307, 0x0042, 0x0323, 0x0062, 0x0323, 0x0042, 0x0331,
    0x0062, 0x0331, 0x0043, 0x0327, 0x0301, 0x0063, 0x0327, 0x0301, 0x0044,
    0x0307, 0x0064, 0x0307, 0x0044, 0x0323, 0x0064, 0x0323, 0x0044, 0x0331,
    0x0064, 0x0331, 0x0044, 0x0327, 0x0064, 0x0327, 0x0044, 0x032D, 0x0064,
    0x032D, 0x0045, 0x0304, 0x0300, 0x0065, 0x0304, 0x0300, 0x0045, 0x0304,
    0x0301, 0x0065, 0x0304, 0x0301, 0x0045, 0x032D, 0x0065, 0x032D, 0x0045,
    0x0330, 0x0065, 0x0330, 0x0045, 0x0327, 0x0306, 0x0065, 0x0327, 0x0306,
    0x0046, 0x0307, 0x0066, 0x0307, 0x0047, 0x0304, 0x0067, 0x0304, 0x0048,
    0x0307, 0x0068, 0x0307, 0x0048, 0x0323, 0x0068, 0x0323, 0x0048, 0x0308,
    0x0068, 0x0308, 0x0048, 0x0327, 0x0068, 0x0327, 0x0048, 0x032E, 0x0068,
    0x032E, 0x0049, 0x0330, 0x0069, 0x0330, 0x0049, 0x0308, 0x0301, 0x0069,
    0x0308, 0x0301, 0x004B, 0x0301, 0x006B, 0x0301, 0x004B, 0x0323, 0x006B,
    0x0323, 0x004B, 0x0331, 0x006B, 0x0331, 0x004C, 0x0323, 0x006C, 0x0323,
    0x004C, 0x0323, 0x0304, 0x006C, 0x0323, 0x0304, 0x004C, 0x0331, 0x006C,
    0x0331, 0x004C, 0x032D, 0x006C, 0x032D, 0x004D, 0x0301, 0x006D, 0x0301,
    0x004D, 0x0307, 0x006D, 0x0307, 0x004D, 0x0323, 0x006D, 0x0323, 0x004E,
    0x0307, 0x006E, 0x0307, 0x004E, 0x0323, 0x006E, 0x0323, 0x004E, 0x0331,
    0x006E, 0x0331, 0x004E, 0x032D, 0x006E, 0x032D, 0x004F, 0x0303, 0x0301,
    0x006F, 0x0303, 0x0301, 0x004F, 0x0303, 0x0308, 0x006F, 0x0303, 0x0308,
    0x004F, 0x0304, 0x0300, 0x006F, 0x0304, 0x0300, 0x004F, 0x0304, 0x0301,
    0x006F, 0x0304, 0x0301, 0x0050, 0x0301, 0x0070, 0x0301, 0x0050, 0x0307,
    0x0070, 0x0307, 0x0052, 0x0307, 0x0072, 0x0307, 0x0052, 0x0323, 0x0072,
    0x0323, 0x0052, 0x0323, 0x0304, 0x0072, 0x0323, 0x0304, 0x0052, 0x0331,
    0x0072, 0x0331, 0x0053, 0x0307, 0x0073, 0x0307, 0x0053, 0x0323, 0x0073,
    0x0323, 0x0053, 0x0301, 0x0307, 0x0073, 0x0301, 0x0307, 0x0053, 0x030C,
    0x0307, 0x0073, 0x030C, 0x0307, 0x0053, 0x0323, 0x0307, 0x0073, 0x0323,
    0x0307, 0x0054, 0x0307, 0x0074, 0x0307, 0x0054, 0x0323, 0x0074, 0x0323,
    0x0054, 0x0331, 0x0074, 0x0331, 0x0054, 0x032D, 0x0074, 0x032D, 0x0055,
    0x0324, 0x0075, 0x0324, 0x0055, 0x0330, 0x0075, 0x0330, 0x0055, 0x032D,
    0x0075, 0x032D, 0x0055, 0x0303, 0x0301, 0x0075, 0x0303, 0x0301, 0x0055,
    0x0304, 0x0308, 0x0075, 0x0304, 0x0308, 0x0056, 0x0303, 0x0076, 0x0303,
    0x0056, 0x0323, 0x0076, 0x0323, 0x0057, 0x0300, 0x0077, 0x0300, 0x0057,
    0x0301, 0x0077, 0x0301, 0x0057, 0x0308, 0x0077, 0x0308, 0x0057, 0x0307,
    0x0077, 0x0307, 0x0057, 0x0323, 0x0077, 0x0323, 0x0058, 0x0307, 0x0078,
    0x0307, 0x0058, 0x0308, 0x0078, 0x0308, 0x0059, 0x0307, 0x0079, 0x0307,
    0x005A, 0x0302, 0x007A, 0x0302, 0x005A, 0x0323, 0x007A, 0x0323, 0x005A,
    0x0331, 0x007A, 0x0331, 0x0068, 0x0331, 0x0074, 0x0308, 0x0077, 0x030A,
    0x0079, 0x030A, 0x017F, 0x0307, 0x0041, 0x0323, 0x0061, 0x0323, 0x0041,
    0x0309, 0x0061, 0x0309, 0x0041, 0x0302, 0x0301, 0x0061, 0x0302, 0x0301,
    0x0041, 0x0302, 0x0300, 0x0061, 0x0302, 0x0300, 0x0041, 0x0302, 0x0309,
    0x0061, 0x0302, 0x0309, 0x0041, 0x0302, 0x0303, 0x0061, 0x0302, 0x0303,
    0x0041, 0x0323, 0x0302, 0x0061, 0x0323, 0x0302, 0x0041, 0x0306, 0x0301,
    0x0061, 0x0306, 0x0301, 0x0041, 0x0306, 0x0300, 0x0061, 0x0306, 0x0300,
    0x0041, 0x0306, 0x0309, 0x0061, 0x0306, 0x0309, 0x0041, 0x0306, 0x0303,
    0x0061, 0x0306, 0x0303, 0x0041, 0x0323, 0x0306, 0x0061, 0x0323, 0x0306,
    0x0045, 0x0323, 0x0065, 0x0323, 0x0045, 0x0309, 0x0065, 0x0309, 0x0045,
    0x0303, 0x0065, 0x0303, 0x0045, 0x0302, 0x0301, 0x0065, 0x0302, 0x0301,
    0x0045, 0x0302, 0x0300, 0x0065, 0x0302, 0x0300, 0x0045, 0x0302, 0x0309,
    0x0065, 0x0302, 0x0309, 0x0045, 0x0302, 0x0303, 0x0065, 0x0302, 0x0303,
    0x0045, 0x0323, 0x0302, 0x0065, 0x0323, 0x0302, 0x0049, 0x0309, 0x0069,
    0x0309, 0x0049, 0x0323, 0x0069, 0x0323, 0x004F, 0x0323, 0x006F, 0x0323,
    0x004F, 0x0309, 0x006F, 0x0309, 0x004F, 0x0302, 0x0301, 0x006F, 0x0302,
    0x0301, 0x004F, 0x0302, 0x0300, 0x006F, 0x0302, 0x0300, 0x004F, 0x0302,
    0x0309, 0x006F, 0x0302, 0x0309, 0x004F, 0x0302, 0x0303, 0x006F, 0x0302,
    0x0303, 0x004F, 0x0323, 0x0302, 0x006F, 0x0323, 0x0302, 0x004F, 0x031B,
    0x0301, 0x006F, 0x031B, 0x0301, 0x004F, 0x031B, 0x0300, 0x006F, 0x031B,
    0x0300, 0x004F, 0x031B, 0x0309, 0x006F, 0x031B, 0x0309, 0x004F, 0x031B,
    0x0303, 0x006F, 0x031B, 0x0303, 0x004F, 0x031B, 0x0323, 0x006F, 0x031B,
    0x0323, 0x0055, 0x0323, 0x0075, 0x0323, 0x0055, 0x0309, 0x0075, 0x0309,
    0x0055, 0x031B, 0x0301, 0x0075, 0x031B, 0x0301, 0x0055, 0x031B, 0x0300,
    0x0075, 0x031B, 0x0300, 0x0055, 0x031B, 0x0309, 0x0075, 0x031B, 0x0309,
    0x0055, 0x031B, 0x0303, 0x0075, 0x031B, 0x0303, 0x0055, 0x031B, 0x0323,
    0x0075, 0x031B, 0x0323, 0x0059, 0x0300, 0x0079, 0x0300, 0x0059, 0x0323,
    0x0079, 0x0323, 0x0059, 0x0309, 0x0079, 0x0309, 0x0059, 0x0303, 0x0079,
    0x0303, 0x03B1, 0x0313, 0x03B1, 0x0314, 0x03B1, 0x0313, 0x0300, 0x03B1,
    0x0314, 0x0300, 0x03B1, 0x0313, 0x0301, 0x03B1, 0x0314, 0x0301, 0x03B1,
    0x0313, 0x0342, 0x03B1, 0x0314, 0x0342, 0x0391, 0x0313, 0x0391, 0x0314,
    0x0391, 0x0313, 0x0300, 0x0391, 0x0314, 0x0300, 0x0391, 0x0313, 0x0301,
    0x0391, 0x0314, 0x0301, 0x0391, 0x0313, 0x0342, 0x0391, 0x0314, 0x0342,
    0x03B5, 0x0313, 0x03B5, 0x0314, 0x03B5, 0x0313, 0x0300, 0x03B5, 0x0314,
    0x0300, 0x03B5, 0x0313, 0x0301, 0x03B5, 0x0314, 0x0301, 0x0395, 0x0313,
    0x0395, 0x0314, 0x0395, 0x0313, 0x0300, 0x0395, 0x0314, 0x0300, 0x0395,
    0x0313, 0x0301, 0x0395, 0x0314, 0x0301, 0x03B7, 0x0313, 0x03B7, 0x0314,
    0x03B7, 0x0313, 0x0300, 0x03B7, 0x0314, 0x0300, 0x03B7, 0x0313, 0x0301,
    0x03B7, 0x0314, 0x0301, 0x03B7, 0x0313, 0x0342, 0x03B7, 0x0314, 0x0342,
    0x0397, 0x0313, 0x0397, 0x0314, 0x0397, 0x0313, 0x0300, 0x0397, 0x0314,
    0x0300, 0x0397, 0x0313, 0x0301, 0x0397, 0x0314, 0x0301, 0x0397, 0x0313,
    0x0342, 0x0397, 0x0314, 0x0342, 0x03B9, 0x0313, 0x03B9, 0x0314, 0x03B9,
    0x0313, 0x0300, 0x03B9, 0x0314, 0x0300, 0x03B9, 0x0313, 0x0301, 0x03B9,
    0x0314, 0x0301, 0x03B9, 0x0313, 0x0342, 0x03B9, 0x0314, 0x0342, 0x0399,
    0x0313, 0x0399, 0x0314, 0x0399, 0x0313, 0x0300, 0x0399, 0x0314, 0x0300,
    0x0399, 0x0313, 0x0301, 0x0399, 0x0314, 0x0301, 0x0399, 0x0313, 0x0342,
    0x0399, 0x0314, 0x0342, 0x03BF, 0x0313, 0x03BF, 0x0314, 0x03BF, 0x0313,
    0x0300, 0x03BF, 0x0314, 0x0300, 0x03BF, 0x0313, 0x0301, 0x03BF, 0x0314,
    0x0301, 0x039F, 0x0313, 0x039F, 0x0314, 0x039F, 0x0313, 0x0300, 0x039F,
    0x0314, 0x0300, 0x039F, 0x0313, 0x0301, 0x039F, 0x0314, 0x0301, 0x03C5,
    0x0313, 0x03C5, 0x0314, 0x03C5, 0x0313, 0x0300, 0x03C5, 0x0314, 0x0300,
    0x03C5, 0x0313, 0x0301, 0x03C5, 0x0314, 0x0301, 0x03C5, 0x0313, 0x0342,
    0x03C5, 0x0314, 0x0342, 0x03A5, 0x0314, 0x03A5, 0x0314, 0x0300, 0x03A5,
    0x0314, 0x0301, 0x03A5, 0x0314, 0x0342, 0x03C9, 0x0313, 0x03C9, 0x0314,
    0x03C9, 0x0313, 0x0300, 0x03C9, 0x0314, 0x0300, 0x03C9, 0x0313, 0x0301,
    0x03C9, 0x0314, 0x0301, 0x03C9, 0x0313, 0x0342, 0x03C9, 0x0314, 0x0342,
    0x03A9, 0x0313, 0x03A9, 0x0314, 0x03A9, 0x0313, 0x0300, 0x03A9, 0x0314,
    0x0300, 0x03A9, 0x0313, 0x0301, 0x03A9, 0x0314, 0x0301, 0x03A9, 0x0313,
    0x0342, 0x03A9, 0x0314, 0x0342, 0x03B1, 0x0300, 0x03B5, 0x0300, 0x03B7,
    0x0300, 0x03B9, 0x0300, 0x03BF, 0x0300, 0x03C5, 0x0300, 0x03C9, 0x0300,
    0x03B1, 0x0313, 0x0345, 0x03B1, 0x0314, 0x0345, 0x03B1, 0x0313, 0x0300,
    0x0345, 0x03B1, 0x0314, 0x0300, 0x0345, 0x03B1, 0x0313, 0x0301, 0x0345,
    0x03B1, 0x0314, 0x0301, 0x0345, 0x03B1, 0x0313, 0x0342, 0x0345, 0x03B1,
    0x0314, 0x0342, 0x0345, 0x0391, 0x0313, 0x0345, 0x0391, 0x0314, 0x0345,
    0x0391, 0x0313, 0x0300, 0x0345, 0x0391, 0x0314, 0x0300, 0x0345, 0x0391,
    0x0313, 0x0301, 0x0345, 0x0391, 0x0314, 0x0301, 0x0345, 0x0391, 0x0313,
    0x0342, 0x0345, 0x0391, 0x0314, 0x0342, 0x0345, 0x03B7, 0x0313, 0x0345,
    0x03B7, 0x0314, 0x0345, 0x03B7, 0x0313, 0x0300, 0x0345, 0x03B7, 0x0314,
    0x0300, 0x0345, 0x03B7, 0x0313, 0x0301, 0x0345, 0x03B7, 0x0314, 0x0301,
    0x0345, 0x03B7, 0x0313, 0x0342, 0x0345, 0x03B7, 0x0314, 0x0342, 0x0345,
    0x0397, 0x0313, 0x0345, 0x0397, 0x0314, 0x0345, 0x0397, 0x0313, 0x0300,
    0x0345, 0x0397, 0x0314, 0x0300, 0x0345, 0x0397, 0x0313, 0x0301, 0x0345,
    0x0397, 0x0314, 0x0301, 0x0345, 0x0397, 0x0313, 0x0342, 0x0345, 0x0397,
    0x0314, 0x0342, 0x0345, 0x03C9, 0x0313, 0x0345, 0x03C9, 0x0314, 0x0345,
    0x03C9, 0x0313, 0x0300, 0x0345, 0x03C9, 0x0314, 0x0300, 0x0345, 0x03C9,
    0x0313, 0x0301, 0x0345, 0x03C9, 0x0314, 0x0301, 0x0345, 0x03C9, 0x0313,
    0x0342, 0x0345, 0x03C9, 0x0314, 0x0342, 0x0345, 0x03A9, 0x0313, 0x0345,
    0x03A9, 0x0314, 0x0345, 0x03A9, 0x0313, 0x0300, 0x0345, 0x03A9, 0x0314,
    0x0300, 0x0345, 0x03A9, 0x0313, 0x0301, 0x0345, 0x03A9, 0x0314, 0x0301,
    0x0345, 0x03A9, 0x0313, 0x0342, 0x0345, 0x03A9, 0x0314, 0x0342, 0x0345,
    0x03B1, 0x0306, 0x03B1, 0x0304, 0x03B1, 0x0300, 0x0345, 0x03B1, 0x0345,
    0x03B1, 0x0301, 0x0345, 0x03B1, 0x0342, 0x03B1, 0x0342, 0x0345, 0x0391,
    0x0306, 0x0391, 0x0304, 0x0391, 0x0300, 0x0391, 0x0345, 0x03B9, 0x00A8,
    0x0342, 0x03B7, 0x0300, 0x0345, 0x03B7, 0x0345, 0x03B7, 0x0301, 0x0345,
    0x03B7, 0x0342, 0x03B7, 0x0342, 0x0345, 0x0395, 0x0300, 0x0397, 0x0300,
    0x0397, 0x0345, 0x1FBF, 0x0300, 0x1FBF, 0x0301, 0x1FBF, 0x0342, 0x03B9,
    0x0306, 0x03B9, 0x0304, 0x03B9, 0x0308, 0x0300, 0x03B9, 0x0342, 0x03B9,
    0x0308, 0x0342, 0x0399, 0x0306, 0x0399, 0x0304, 0x0399, 0x0300, 0x1FFE,
    0x0300, 0x1FFE, 0x0301, 0x1FFE, 0x0342, 0x03C5, 0x0306, 0x03C5, 0x0304,
    0x03C5, 0x0308, 0x0300, 0x03C1, 0x0313, 0x03C1, 0x0314, 0x03C5, 0x0342,
    0x03C5, 0x0308, 0x0342, 0x03A5, 0x0306, 0x03A5, 0x0304, 0x03A5, 0x0300,
    0x03A1, 0x0314, 0x00A8, 0x0300, 0x0060, 0x03C9, 0x0300, 0x0345, 0x03C9,
    0x0345, 0x03C9, 0x0301, 0x0345, 0x03C9, 0x0342, 0x03C9, 0x0342, 0x0345,
    0x039F, 0x0300, 0x03A9, 0x0300, 0x03A9, 0x0345, 0x00B4, 0x2002, 0x2003,
    0x03A9, 0x004B, 0x2190, 0x0338, 0x2192, 0x0338, 0x2194, 0x0338, 0x21D0,
    0x0338, 0x21D4, 0x0338, 0x21D2, 0x0338, 0x2203, 0x0338, 0x2208, 0x0338,
    0x220B, 0x0338, 0x2223, 0x0338, 0x2225, 0x0338, 0x223C, 0x0338, 0x2243,
    0x0338, 0x2245, 0x0338, 0x2248, 0x0338, 0x003D, 0x0338, 0x2261, 0x0338,
    0x224D, 0x0338, 0x003C, 0x0338, 0x003E, 0x0338, 0x2264, 0x0338, 0x2265,
    0x0338, 0x2272, 0x0338, 0x2273, 0x0338, 0x2276, 0x0338, 0x2277, 0x0338,
    0x227A, 0x0338, 0x227B, 0x0338, 0x2282, 0x0338, 0x2283, 0x0338, 0x2286,
    0x0338, 0x2287, 0x0338, 0x22A2, 0x0338, 0x22A8, 0x0338, 0x22A9, 0x0338,
    0x22AB, 0x0338, 0x227C, 0x0338, 0x227D, 0x0338, 0x2291, 0x0338, 0x2292,
    0x0338, 0x22B2, 0x0338, 0x22B3, 0x0338, 0x22B4, 0x0338, 0x22B5, 0x0338,
    0x3008, 0x3009, 0x2ADD, 0x0338, 0x304B, 0x3099, 0x304D, 0x3099, 0x304F,
    0x3099, 0x3051, 0x3099, 0x3053, 0x3099, 0x3055, 0x3099, 0x3057, 0x3099,
    0x3059, 0x3099, 0x305B, 0x3099, 0x305D, 0x3099, 0x305F, 0x3099, 0x3061,
    0x3099, 0x3064, 0x3099, 0x3066, 0x3099, 0x3068, 0x3099, 0x306F, 0x3099,
    0x306F, 0x309A, 0x3072, 0x3099, 0x3072, 0x309A, 0x3075, 0x3099, 0x3075,
    0x309A, 0x3078, 0x3099, 0x3078, 0x309A, 0x307B, 0x3099, 0x307B, 0x309A,
    0x3046, 0x3099, 0x309D, 0x3099, 0x30AB, 0x3099, 0x30AD, 0x3099, 0x30AF,
    0x3099, 0x30B1, 0x3099, 0x30B3, 0x3099, 0x30B5, 0x3099, 0x30B7, 0x3099,
    0x30B9, 0x3099, 0x30BB, 0x3099, 0x30BD, 0x3099, 0x30BF, 0x3099, 0x30C1,
    0x3099, 0x30C4, 0x3099, 0x30C6, 0x3099, 0x30C8, 0x3099, 0x30CF, 0x3099,
    0x30CF, 0x309A, 0x30D2, 0x3099, 0x30D2, 0x309A, 0x30D5, 0x3099, 0x30D5,
    0x309A, 0x30D8, 0x3099, 0x30D8, 0x309A, 0x30DB, 0x3099, 0x30DB, 0x309A,
    0x30A6, 0x3099, 0x30EF, 0x3099, 0x30F0, 0x3099, 0x30F1, 0x3099, 0x30F2,
    0x3099, 0x30FD, 0x3099, 0x8C48, 0x66F4, 0x8ECA, 0x8CC8, 0x6ED1, 0x4E32,
    0x53E5, 0x9F9C, 0x5951, 0x91D1, 0x5587, 0x5948, 0x61F6, 0x7669, 0x7F85,
    0x863F, 0x87BA, 0x88F8, 0x908F, 0x6A02, 0x6D1B, 0x70D9, 0x73DE, 0x843D,
    0x916A, 0x99F1, 0x4E82, 0x5375, 0x6B04, 0x721B, 0x862D, 0x9E1E, 0x5D50,
    0x6FEB, 0x85CD, 0x8964, 0x62C9, 0x81D8, 0x881F, 0x5ECA, 0x6717, 0x6D6A,
    0x72FC, 0x90CE, 0x4F86, 0x51B7, 0x52DE, 0x64C4, 0x6AD3, 0x7210, 0x76E7,
    0x8001, 0x8606, 0x865C, 0x8DEF, 0x9732, 0x9B6F, 0x9DFA, 0x788C, 0x797F,
    0x7DA0, 0x83C9, 0x9304, 0x9E7F, 0x8AD6, 0x58DF, 0x5F04, 0x7C60, 0x807E,
    0x7262, 0x78CA, 0x8CC2, 0x96F7, 0x58D8, 0x5C62, 0x6A13, 0x6DDA, 0x6F0F,
    0x7D2F, 0x7E37, 0x964B, 0x52D2, 0x808B, 0x51DC, 0x51CC, 0x7A1C, 0x7DBE,
    0x83F1, 0x9675, 0x8B80, 0x62CF, 0x8AFE, 0x4E39, 0x5BE7, 0x6012, 0x7387,
    0x7570, 0x5317, 0x78FB, 0x4FBF, 0x5FA9, 0x4E0D, 0x6CCC, 0x6578, 0x7D22,
    0x53C3, 0x585E, 0x7701, 0x8449, 0x8AAA, 0x6BBA, 0x8FB0, 0x6C88, 0x62FE,
    0x82E5, 0x63A0, 0x7565, 0x4EAE, 0x5169, 0x51C9, 0x6881, 0x7CE7, 0x826F,
    0x8AD2, 0x91CF, 0x52F5, 0x5442, 0x5973, 0x5EEC, 0x65C5, 0x6FFE, 0x792A,
    0x95AD, 0x9A6A, 0x9E97, 0x9ECE, 0x529B, 0x66C6, 0x6B77, 0x8F62, 0x5E74,
    0x6190, 0x6200, 0x649A, 0x6F23, 0x7149, 0x7489, 0x79CA, 0x7DF4, 0x806F,
    0x8F26, 0x84EE, 0x9023, 0x934A, 0x5217, 0x52A3, 0x54BD, 0x70C8, 0x88C2,
    0x5EC9, 0x5FF5, 0x637B, 0x6BAE, 0x7C3E, 0x7375, 0x4EE4, 0x56F9, 0x5DBA,
    0x601C, 0x73B2, 0x7469, 0x7F9A, 0x8046, 0x9234, 0x96F6, 0x9748, 0x9818,
    0x4F8B, 0x79AE, 0x91B4, 0x96B8, 0x60E1, 0x4E86, 0x50DA, 0x5BEE, 0x5C3F,
    0x6599, 0x71CE, 0x7642, 0x84FC, 0x907C, 0x9F8D, 0x6688, 0x962E, 0x5289,
    0x677B, 0x67F3, 0x6D41, 0x6E9C, 0x7409, 0x7559, 0x786B, 0x7D10, 0x985E,
    0x516D, 0x622E, 0x9678, 0x502B, 0x5D19, 0x6DEA, 0x8F2A, 0x5F8B, 0x6144,
    0x6817, 0x9686, 0x5229, 0x540F, 0x5C65, 0x6613, 0x674E, 0x68A8, 0x6CE5,
    0x7406, 0x75E2, 0x7F79, 0x88CF, 0x88E1, 0x91CC, 0x96E2, 0x533F, 0x6EBA,
    0x541D, 0x71D0, 0x7498, 0x85FA, 0x96A3, 0x9C57, 0x9E9F, 0x6797, 0x6DCB,
    0x81E8, 0x7ACB, 0x7B20, 0x7C92, 0x72C0, 0x7099, 0x8B58, 0x4EC0, 0x8336,
    0x523A, 0x5207, 0x5EA6, 0x62D3, 0x7CD6, 0x5B85, 0x6D1E, 0x66B4, 0x8F3B,
    0x884C, 0x964D, 0x898B, 0x5ED3, 0x5140, 0x55C0, 0x585A, 0x6674, 0x51DE,
    0x732A, 0x76CA, 0x793C, 0x795E, 0x7965, 0x798F, 0x9756, 0x7CBE, 0x7FBD,
    0x8612, 0x8AF8, 0x9038, 0x90FD, 0x98EF, 0x98FC, 0x9928, 0x9DB4, 0x90DE,
    0x96B7, 0x4FAE, 0x50E7, 0x514D, 0x52C9, 0x52E4, 0x5351, 0x559D, 0x5606,
    0x5668, 0x5840, 0x58A8, 0x5C64, 0x5C6E, 0x6094, 0x6168, 0x618E, 0x61F2,
    0x654F, 0x65E2, 0x6691, 0x6885, 0x6D77, 0x6E1A, 0x6F22, 0x716E, 0x722B,
    0x7422, 0x7891, 0x793E, 0x7949, 0x7948, 0x7950, 0x7956, 0x795D, 0x798D,
    0x798E, 0x7A40, 0x7A81, 0x7BC0, 0x7E09, 0x7E41, 0x7F72, 0x8005, 0x81ED,
    0x8279, 0x8457, 0x8910, 0x8996, 0x8B01, 0x8B39, 0x8CD3, 0x8D08, 0x8FB6,
    0x96E3, 0x97FF, 0x983B, 0x6075, 0x8218, 0x4E26, 0x51B5, 0x5168, 0x4F80,
    0x5145, 0x5180, 0x52C7, 0x52FA, 0x5555, 0x5599, 0x55E2, 0x58B3, 0x5944,
    0x5954, 0x5A62, 0x5B28, 0x5ED2, 0x5ED9, 0x5F69, 0x5FAD, 0x60D8, 0x614E,
    0x6108, 0x6160, 0x6234, 0x63C4, 0x641C, 0x6452, 0x6556, 0x671B, 0x6756,
    0x6B79, 0x6EDB, 0x6ECB, 0x701E, 0x77A7, 0x7235, 0x72AF, 0x7471, 0x7506,
    0x753B, 0x761D, 0x761F, 0x76DB, 0x76F4, 0x774A, 0x7740, 0x78CC, 0x7AB1,
    0x7C7B, 0x7D5B, 0x7F3E, 0x8352, 0x83EF, 0x8779, 0x8941, 0x8986, 0x8ABF,
    0x8ACB, 0x8AED, 0x8B8A, 0x8F38, 0x9072, 0x9199, 0x9276, 0x967C, 0x97DB,
    0x980B, 0x9B12, 0x3B9D, 0x4018, 0x4039, 0x9F43, 0x9F8E, 0x05D9, 0x05B4,
    0x05F2, 0x05B7, 0x05E9, 0x05C1, 0x05E9, 0x05C2, 0x05E9, 0x05BC, 0x05C1,
    0x05E9, 0x05BC, 0x05C2, 0x05D0, 0x05B7, 0x05D0, 0x05B8, 0x05D0, 0x05BC,
    0x05D1, 0x05BC, 0x05D2, 0x05BC, 0x05D3, 0x05BC, 0x05D4, 0x05BC, 0x05D5,
    0x05BC, 0x05D6, 0x05BC, 0x05D8, 0x05BC, 0x05D9, 0x05BC, 0x05DA, 0x05BC,
    0x05DB, 0x05BC, 0x05DC, 0x05BC, 0x05DE, 0x05BC, 0x05E0, 0x05BC, 0x05E1,
    0x05BC, 0x05E3, 0x05BC, 0x05E4, 0x05BC, 0x05E6, 0x05BC, 0x05E7, 0x05BC,
    0x05E8, 0x05BC, 0x05E9, 0x05BC, 0x05EA, 0x05BC, 0x05D5, 0x05B9, 0x05D1,
    0x05BF, 0x05DB, 0x05BF, 0x05E4, 0x05BF, 0x4E3D, 0x4E38, 0x4E41, 0x4F60,
    0x4FBB, 0x5002, 0x507A, 0x5099, 0x50CF, 0x349E, 0x5154, 0x5164, 0x5177,
    0x34B9, 0x5167, 0x518D, 0x5197, 0x51A4, 0x4ECC, 0x51AC, 0x51F5, 0x5203,
    0x34DF, 0x523B, 0x5246, 0x5272, 0x5277, 0x3515, 0x5305, 0x5306, 0x5349,
    0x535A, 0x5373, 0x537D, 0x537F, 0x7070, 0x53CA, 0x53DF, 0x53EB, 0x53F1,
    0x5406, 0x549E, 0x5438, 0x5448, 0x5468, 0x54A2, 0x54F6, 0x5510, 0x5553,
    0x5563, 0x5584, 0x55AB, 0x55B3, 0x55C2, 0x5716, 0x5717, 0x5651, 0x5674,
    0x58EE, 0x57CE, 0x57F4, 0x580D, 0x578B, 0x5832, 0x5831, 0x58AC, 0x58F2,
    0x58F7, 0x5906, 0x591A, 0x5922, 0x5962, 0x59EC, 0x5A1B, 0x5A27, 0x59D8,
    0x5A66, 0x36EE, 0x36FC, 0x5B08, 0x5B3E, 0x5BC3, 0x5BD8, 0x5BF3, 0x5BFF,
    0x5C06, 0x5F53, 0x5C22, 0x3781, 0x5C60, 0x5CC0, 0x5C8D, 0x5D43, 0x5D6E,
    0x5D6B, 0x5D7C, 0x5DE1, 0x5DE2, 0x382F, 0x5DFD, 0x5E28, 0x5E3D, 0x5E69,
    0x3862, 0x387C, 0x5EB0, 0x5EB3, 0x5EB6, 0x5EFE, 0x8201, 0x5F22, 0x38C7,
    0x5F62, 0x5F6B, 0x38E3, 0x5F9A, 0x5FCD, 0x5FD7, 0x5FF9, 0x6081, 0x393A,
    0x391C, 0x60C7, 0x6148, 0x614C, 0x617A, 0x61B2, 0x61A4, 0x61AF, 0x61DE,
    0x6210, 0x621B, 0x625D, 0x62B1, 0x62D4, 0x6350, 0x633D, 0x62FC, 0x6368,
    0x6383, 0x63E4, 0x6422, 0x63C5, 0x63A9, 0x3A2E, 0x6469, 0x647E, 0x649D,
    0x6477, 0x3A6C, 0x656C, 0x65E3, 0x66F8, 0x6649, 0x3B19, 0x3B08, 0x3AE4,
    0x5192, 0x5195, 0x6700, 0x669C, 0x80AD, 0x43D9, 0x6721, 0x675E, 0x6753,
    0x3B49, 0x67FA, 0x6785, 0x6852, 0x688E, 0x681F, 0x6914, 0x6942, 0x69A3,
    0x69EA, 0x6AA8, 0x6ADB, 0x3C18, 0x6B21, 0x6B54, 0x3C4E, 0x6B72, 0x6B9F,
    0x6BBB, 0x6C4E, 0x6CBF, 0x6CCD, 0x6C67, 0x6D16, 0x6D3E, 0x6D69, 0x6D78,
    0x6D85, 0x6D34, 0x6E2F, 0x6E6E, 0x3D33, 0x6EC7, 0x6DF9, 0x6F6E, 0x6FC6,
    0x7039, 0x701B, 0x3D96, 0x704A, 0x707D, 0x7077, 0x70AD, 0x7145, 0x719C,
    0x7228, 0x7250, 0x7280, 0x7295, 0x737A, 0x738B, 0x3EAC, 0x73A5, 0x3EB8,
    0x7447, 0x745C, 0x7485, 0x74CA, 0x3F1B, 0x7524, 0x753E, 0x7610, 0x3FFC,
    0x4008, 0x771E, 0x771F, 0x778B, 0x4046, 0x4096, 0x784E, 0x40E3, 0x79EB,
    0x412F, 0x7A4A, 0x7A4F, 0x7AEE, 0x4202, 0x7BC6, 0x7BC9, 0x4227, 0x7CD2,
    0x42A0, 0x7CE8, 0x7CE3, 0x7D00, 0x7D63, 0x4301, 0x7DC7, 0x7E02, 0x7E45,
    0x4334, 0x4359, 0x7F7A, 0x7F95, 0x7FFA, 0x8060, 0x8070, 0x43D5, 0x80B2,
    0x8103, 0x440B, 0x813E, 0x5AB5, 0x8204, 0x8F9E, 0x446B, 0x8291, 0x828B,
    0x829D, 0x52B3, 0x82B1, 0x82B3, 0x82BD, 0x82E6, 0x831D, 0x8363, 0x83AD,
    0x8323, 0x83BD, 0x83E7, 0x8353, 0x83CA, 0x83CC, 0x83DC, 0x452B, 0x84F1,
    0x84F3, 0x8516, 0x8564, 0x455D, 0x4561, 0x456B, 0x8650, 0x8667, 0x8669,
    0x86A9, 0x8688, 0x870E, 0x86E2, 0x8728, 0x876B, 0x8786, 0x45D7, 0x87E1,
    0x8801, 0x45F9, 0x8860, 0x8863, 0x88D7, 0x88DE, 0x4635, 0x88FA, 0x34BB,
    0x46BE, 0x46C7, 0x8AA0, 0x8C55, 0x8CAB, 0x8CC1, 0x8D1B, 0x8D77, 0x8DCB,
    0x8DBC, 0x8DF0, 0x8ED4, 0x9094, 0x90F1, 0x9111, 0x911B, 0x9238, 0x92D7,
    0x92D8, 0x927C, 0x93F9, 0x9415, 0x958B, 0x4995, 0x95B7, 0x49E6, 0x96C3,
    0x5DB2, 0x9723, 0x4A6E, 0x4A76, 0x97E0, 0x4AB2, 0x9829, 0x98E2, 0x4B33,
    0x9929, 0x99A7, 0x99C2, 0x99FE, 0x4BCE, 0x9C40, 0x9CFD, 0x4CCE, 0x4CED,
    0x9D67, 0x4CF8, 0x9EBB, 0x4D56, 0x9EF9, 0x9EFE, 0x9F05, 0x9F0F, 0x9F16,
    0x9F3B, 0x0020, 0x0020, 0x0308, 0x0061, 0x0020, 0x0304, 0x0032, 0x0033,
    0x0020, 0x0301, 0x03BC, 0x0020, 0x0327, 0x0031, 0x006F, 0x0031, 0x2044,
    0x0034, 0x0031, 0x2044, 0x0032, 0x0033, 0x2044, 0x0034, 0x0049, 0x004A,
    0x0069, 0x006A, 0x004C, 0x00B7, 0x006C, 0x00B7, 0x02BC, 0x006E, 0x0073,
    0x0044, 0x005A, 0x030C, 0x0044, 0x007A, 0x030C, 0x0064, 0x007A, 0x030C,
    0x004C, 0x004A, 0x004C, 0x006A, 0x006C, 0x006A, 0x004E, 0x004A, 0x004E,
    0x006A, 0x006E, 0x006A, 0x0044, 0x005A, 0x0044, 0x007A, 0x0064, 0x007A,
    0x0068, 0x0266, 0x006A, 0x0072, 0x0279, 0x027B, 0x0281, 0x0077, 0x0079,
    0x0020, 0x0306, 0x0020, 0x0307, 0x0020, 0x030A, 0x0020, 0x0328, 0x0020,
    0x0303, 0x0020, 0x030B, 0x0263, 0x006C, 0x0078, 0x0295, 0x0020, 0x0345,
    0x0020, 0x0308, 0x0301, 0x03B2, 0x03B8, 0x03A5, 0x03C6, 0x03C0, 0x03BA,
    0x03C1, 0x03C2, 0x0398, 0x03B5, 0x03A3, 0x0565, 0x0582, 0x0627, 0x0674,
    0x0648, 0x0674, 0x06C7, 0x0674, 0x064A, 0x0674, 0x0E4D, 0x0E32, 0x0ECD,
    0x0EB2, 0x0EAB, 0x0E99, 0x0EAB, 0x0EA1, 0x0F0B, 0x0FB2, 0x0F71, 0x0F80,
    0x0FB3, 0x0F71, 0x0F80, 0x10DC, 0x0041, 0x00C6, 0x0042, 0x0044, 0x0045,
    0x018E, 0x0047, 0x0048, 0x0049, 0x004A, 0x004C, 0x004D, 0x004E, 0x004F,
    0x0222, 0x0050, 0x0052, 0x0054, 0x0055, 0x0057, 0x0250, 0x0251, 0x1D02,
    0x0062, 0x0064, 0x0065, 0x0259, 0x025B, 0x025C, 0x0067, 0x006B, 0x006D,
    0x014B, 0x0254, 0x1D16, 0x1D17, 0x0070, 0x0074, 0x0075, 0x1D1D, 0x026F,
    0x0076, 0x1D25, 0x03B3, 0x03B4, 0x03C7, 0x0069, 0x043D, 0x0252, 0x0063,
    0x0255, 0x00F0, 0x0066, 0x025F, 0x0261, 0x0265, 0x0268, 0x0269, 0x026A,
    0x1D7B, 0x029D, 0x026D, 0x1D85, 0x029F, 0x0271, 0x0270, 0x0272, 0x0273,
    0x0274, 0x0275, 0x0278, 0x0282, 0x0283, 0x01AB, 0x0289, 0x028A, 0x1D1C,
    0x028B, 0x028C, 0x007A, 0x0290, 0x0291, 0x0292, 0x0061, 0x02BE, 0x0020,
    0x0313, 0x0020, 0x0342, 0x0020, 0x0308, 0x0342, 0x0020, 0x0313, 0x0300,
    0x0020, 0x0313, 0x0301, 0x0020, 0x0313, 0x0342, 0x0020, 0x0314, 0x0300,
    0x0020, 0x0314, 0x0301, 0x0020, 0x0314, 0x0342, 0x0020, 0x0308, 0x0300,
    0x0020, 0x0314, 0x2010, 0x0020, 0x0333, 0x002E, 0x002E, 0x002E, 0x002E,
    0x002E, 0x002E, 0x2032, 0x2032, 0x2032, 0x2032, 0x2032, 0x2035, 0x2035,
    0x2035, 0x2035, 0x2035, 0x0021, 0x0021, 0x0020, 0x0305, 0x003F, 0x003F,
    0x003F, 0x0021, 0x0021, 0x003F, 0x2032, 0x2032, 0x2032, 0x2032, 0x0030,
    0x0034, 0x0035, 0x0036, 0x0037, 0x0038, 0x0039, 0x002B, 0x2212, 0x003D,
    0x0028, 0x0029, 0x006E, 0x0052, 0x0073, 0x0061, 0x002F, 0x0063, 0x0061,
    0x002F, 0x0073, 0x0043, 0x00B0, 0x0043, 0x0063, 0x002F, 0x006F, 0x0063,
    0x002F, 0x0075, 0x0190, 0x00B0, 0x0046, 0x0127, 0x004E, 0x006F, 0x0051,
    0x0053, 0x004D, 0x0054, 0x0045, 0x004C, 0x0054, 0x004D, 0x005A, 0x0046,
    0x05D0, 0x05D1, 0x05D2, 0x05D3, 0x0046, 0x0041, 0x0058, 0x0393, 0x03A0,
    0x2211, 0x0031, 0x2044, 0x0037, 0x0031, 0x2044, 0x0039, 0x0031, 0x2044,
    0x0031, 0x0030, 0x0031, 0x2044, 0x0033, 0x0032, 0x2044, 0x0033, 0x0031,
    0x2044, 0x0035, 0x0032, 0x2044, 0x0035, 0x0033, 0x2044, 0x0035, 0x0034,
    0x2044, 0x0035, 0x0031, 0x2044, 0x0036, 0x0035, 0x2044, 0x0036, 0x0031,
    0x2044, 0x0038, 0x0033, 0x2044, 0x0038, 0x0035, 0x2044, 0x0038, 0x0037,
    0x2044, 0x0038, 0x0031, 0x2044, 0x0049, 0x0049, 0x0049, 0x0049, 0x0049,
    0x0049, 0x0056, 0x0056, 0x0056, 0x0049, 0x0056, 0x0049, 0x0049, 0x0056,
    0x0049, 0x0049, 0x0049, 0x0049, 0x0058, 0x0058, 0x0058, 0x0049, 0x0058,
    0x0049, 0x0049, 0x0069, 0x0069, 0x0069, 0x0069, 0x0069, 0x0069, 0x0076,
    0x0076, 0x0069, 0x0076, 0x0069, 0x0069, 0x0076, 0x0069, 0x0069, 0x0069,
    0x0069, 0x0078, 0x0078, 0x0069, 0x0078, 0x0069, 0x0069, 0x0030, 0x2044,
    0x0033, 0x222B, 0x222B, 0x222B, 0x222B, 0x222B, 0x222E, 0x222E, 0x222E,
    0x222E, 0x222E, 0x0031, 0x0030, 0x0031, 0x0031, 0x0031, 0x0032, 0x0031,
    0x0033, 0x0031, 0x0034, 0x0031, 0x0035, 0x0031, 0x0036, 0x0031, 0x0037,
    0x0031, 0x0038, 0x0031, 0x0039, 0x0032, 0x0030, 0x0028, 0x0031, 0x0029,
    0x0028, 0x0032, 0x0029, 0x0028, 0x0033, 0x0029, 0x0028, 0x0034, 0x0029,
    0x0028, 0x0035, 0x0029, 0x0028, 0x0036, 0x0029, 0x0028, 0x0037, 0x0029,
    0x0028, 0x0038, 0x0029, 0x0028, 0x0039, 0x0029, 0x0028, 0x0031, 0x0030,
    0x0029, 0x0028, 0x0031, 0x0031, 0x0029, 0x0028, 0x0031, 0x0032, 0x0029,
    0x0028, 0x0031, 0x0033, 0x0029, 0x0028, 0x0031, 0x0034, 0x0029, 0x0028,
    0x0031, 0x0035, 0x0029, 0x0028, 0x0031, 0x0036, 0x0029, 0x0028, 0x0031,
    0x0037, 0x0029, 0x0028, 0x0031, 0x0038, 0x0029, 0x0028, 0x0031, 0x0039,
    0x0029, 0x0028, 0x0032, 0x0030, 0x0029, 0x0031, 0x002E, 0x0032, 0x002E,
    0x0033, 0x002E, 0x0034, 0x002E, 0x0035, 0x002E, 0x0036, 0x002E, 0x0037,
    0x002E, 0x0038, 0x002E, 0x0039, 0x002E, 0x0031, 0x0030, 0x002E, 0x0031,
    0x0031, 0x002E, 0x0031, 0x0032, 0x002E, 0x0031, 0x0033, 0x002E, 0x0031,
    0x0034, 0x002E, 0x0031, 0x0035, 0x002E, 0x0031, 0x0036, 0x002E, 0x0031,
    0x0037, 0x002E, 0x0031, 0x0038, 0x002E, 0x0031, 0x0039, 0x002E, 0x0032,
    0x0030, 0x002E, 0x0028, 0x0061, 0x0029, 0x0028, 0x0062, 0x0029, 0x0028,
    0x0063, 0x0029, 0x0028, 0x0064, 0x0029, 0x0028, 0x0065, 0x0029, 0x0028,
    0x0066, 0x0029, 0x0028, 0x0067, 0x0029, 0x0028, 0x0068, 0x0029, 0x0028,
    0x0069, 0x0029, 0x0028, 0x006A, 0x0029, 0x0028, 0x006B, 0x0029, 0x0028,
    0x006C, 0x0029, 0x0028, 0x006D, 0x0029, 0x0028, 0x006E, 0x0029, 0x0028,
    0x006F, 0x0029, 0x0028, 0x0070, 0x0029, 0x0028, 0x0071, 0x0029, 0x0028,
    0x0072, 0x0029, 0x0028, 0x0073, 0x0029, 0x0028, 0x0074, 0x0029, 0x0028,
    0x0075, 0x0029, 0x0028, 0x0076, 0x0029, 0x0028, 0x0077, 0x0029, 0x0028,
    0x0078, 0x0029, 0x0028, 0x0079, 0x0029, 0x0028, 0x007A, 0x0029, 0x0053,
    0x0059, 0x0071, 0x222B, 0x222B, 0x222B, 0x222B, 0x003A, 0x003A, 0x003D,
    0x003D, 0x003D, 0x003D, 0x003D, 0x003D, 0x2D61, 0x6BCD, 0x9F9F, 0x4E00,
    0x4E28, 0x4E36, 0x4E3F, 0x4E59, 0x4E85, 0x4E8C, 0x4EA0, 0x4EBA, 0x513F,
    0x5165, 0x516B, 0x5182, 0x5196, 0x51AB, 0x51E0, 0x5200, 0x52F9, 0x5315,
    0x531A, 0x5338, 0x5341, 0x535C, 0x5369, 0x5382, 0x53B6, 0x53C8, 0x53E3,
    0x56D7, 0x571F, 0x58EB, 0x5902, 0x590A, 0x5915, 0x5927, 0x5B50, 0x5B80,
    0x5BF8, 0x5C0F, 0x5C38, 0x5C71, 0x5DDB, 0x5DE5, 0x5DF1, 0x5DFE, 0x5E72,
    0x5E7A, 0x5E7F, 0x5EF4, 0x5F0B, 0x5F13, 0x5F50, 0x5F61, 0x5F73, 0x5FC3,
    0x6208, 0x6236, 0x624B, 0x652F, 0x6534, 0x6587, 0x6597, 0x65A4, 0x65B9,
    0x65E0, 0x65E5, 0x66F0, 0x6708, 0x6728, 0x6B20, 0x6B62, 0x6BB3, 0x6BCB,
    0x6BD4, 0x6BDB, 0x6C0F, 0x6C14, 0x6C34, 0x706B, 0x722A, 0x7236, 0x723B,
    0x723F, 0x7247, 0x7259, 0x725B, 0x72AC, 0x7384, 0x7389, 0x74DC, 0x74E6,
    0x7518, 0x751F, 0x7528, 0x7530, 0x758B, 0x7592, 0x7676, 0x767D, 0x76AE,
    0x76BF, 0x76EE, 0x77DB, 0x77E2, 0x77F3, 0x793A, 0x79B8, 0x79BE, 0x7A74,
    0x7AF9, 0x7C73, 0x7CF8, 0x7F36, 0x7F51, 0x7F8A, 0x800C, 0x8012, 0x8033,
    0x807F, 0x8089, 0x81E3, 0x81EA, 0x81F3, 0x81FC, 0x820C, 0x821B, 0x821F,
    0x826E, 0x8272, 0x8278, 0x864D, 0x866B, 0x8840, 0x897E, 0x89D2, 0x8A00,
    0x8C37, 0x8C46, 0x8C78, 0x8C9D, 0x8D64, 0x8D70, 0x8DB3, 0x8EAB, 0x8F9B,
    0x8FB5, 0x9091, 0x9149, 0x91C6, 0x9577, 0x9580, 0x961C, 0x96B6, 0x96B9,
    0x96E8, 0x9751, 0x975E, 0x9762, 0x9769, 0x97CB, 0x97ED, 0x97F3, 0x9801,
    0x98A8, 0x98DB, 0x98DF, 0x9996, 0x9999, 0x99AC, 0x9AA8, 0x9AD8, 0x9ADF,
    0x9B25, 0x9B2F, 0x9B32, 0x9B3C, 0x9B5A, 0x9CE5, 0x9E75, 0x9EA5, 0x9EC3,
    0x9ECD, 0x9ED1, 0x9EFD, 0x9F0E, 0x9F13, 0x9F20, 0x9F4A, 0x9F52, 0x9FA0,
    0x3012, 0x5344, 0x5345, 0x0020, 0x3099, 0x0020, 0x309A, 0x3088, 0x308A,
    0x30B3, 0x30C8, 0x1100, 0x1101, 0x11AA, 0x1102, 0x11AC, 0x11AD, 0x1103,
    0x1104, 0x1105, 0x11B0, 0x11B1, 0x11B2, 0x11B3, 0x11B4, 0x11B5, 0x111A,
    0x1106, 0x1107, 0x1108, 0x1121, 0x1109, 0x110A, 0x110B, 0x110C, 0x110D,
    0x110E, 0x110F, 0x1110, 0x1111, 0x1112, 0x1161, 0x1162, 0x1163, 0x1164,
    0x1165, 0x1166, 0x1167, 0x1168, 0x1169, 0x116A, 0x116B, 0x116C, 0x116D,
    0x116E, 0x116F, 0x1170, 0x1171, 0x1172, 0x1173, 0x1174, 0x1175, 0x1160,
    0x1114, 0x1115, 0x11C7, 0x11C8, 0x11CC, 0x11CE, 0x11D3, 0x11D7, 0x11D9,
    0x111C, 0x11DD, 0x11DF, 0x111D, 0x111E, 0x1120, 0x1122, 0x1123, 0x1127,
    0x1129, 0x112B, 0x112C, 0x112D, 0x112E, 0x112F, 0x1132, 0x1136, 0x1140,
    0x1147, 0x114C, 0x11F1, 0x11F2, 0x1157, 0x1158, 0x1159, 0x1184, 0x1185,
    0x1188, 0x1191, 0x1192, 0x1194, 0x119E, 0x11A1, 0x4E09, 0x56DB, 0x4E0A,
    0x4E2D, 0x4E0B, 0x7532, 0x4E19, 0x4E01, 0x5929, 0x5730, 0x0028, 0x1100,
    0x0029, 0x0028, 0x1102, 0x0029, 0x0028, 0x1103, 0x0029, 0x0028, 0x1105,
    0x0029, 0x0028, 0x1106, 0x0029, 0x0028, 0x1107, 0x0029, 0x0028, 0x1109,
    0x0029, 0x0028, 0x110B, 0x0029, 0x0028, 0x110C, 0x0029, 0x0028, 0x110E,
    0x0029, 0x0028, 0x110F, 0x0029, 0x0028, 0x1110, 0x0029, 0x0028, 0x1111,
    0x0029, 0x0028, 0x1112, 0x0029, 0x0028, 0x1100, 0x1161, 0x0029, 0x0028,
    0x1102, 0x1161, 0x0029, 0x0028, 0x1103, 0x1161, 0x0029, 0x0028, 0x1105,
    0x1161, 0x0029, 0x0028, 0x1106, 0x1161, 0x0029, 0x0028, 0x1107, 0x1161,
    0x0029, 0x0028, 0x1109, 0x1161, 0x0029, 0x0028, 0x110B, 0x1161, 0x0029,
    0x0028, 0x110C, 0x1161, 0x0029, 0x0028, 0x110E, 0x1161, 0x0029, 0x0028,
    0x110F, 0x1161, 0x0029, 0x0028, 0x1110, 0x1161, 0x0029, 0x0028, 0x1111,
    0x1161, 0x0029, 0x0028, 0x1112, 0x1161, 0x0029, 0x0028, 0x110C, 0x116E,
    0x0029, 0x0028, 0x110B, 0x1169, 0x110C, 0x1165, 0x11AB, 0x0029, 0x0028,
    0x110B, 0x1169, 0x1112, 0x116E, 0x0029, 0x0028, 0x4E00, 0x0029, 0x0028,
    0x4E8C, 0x0029, 0x0028, 0x4E09, 0x0029, 0x0028, 0x56DB, 0x0029, 0x0028,
    0x4E94, 0x0029, 0x0028, 0x516D, 0x0029, 0x0028, 0x4E03, 0x0029, 0x0028,
    0x516B, 0x0029, 0x0028, 0x4E5D, 0x0029, 0x0028, 0x5341, 0x0029, 0x0028,
    0x6708, 0x0029, 0x0028, 0x706B, 0x0029, 0x0028, 0x6C34, 0x0029, 0x0028,
    0x6728, 0x0029, 0x0028, 0x91D1, 0x0029, 0x0028, 0x571F, 0x0029, 0x0028,
    0x65E5, 0x0029, 0x0028, 0x682A, 0x0029, 0x0028, 0x6709, 0x0029, 0x0028,
    0x793E, 0x0029, 0x0028, 0x540D, 0x0029, 0x0028, 0x7279, 0x0029, 0x0028,
    0x8CA1, 0x0029, 0x0028, 0x795D, 0x0029, 0x0028, 0x52B4, 0x0029, 0x0028,
    0x4EE3, 0x0029, 0x0028, 0x547C, 0x0029, 0x0028, 0x5B66, 0x0029, 0x0028,
    0x76E3, 0x0029, 0x0028, 0x4F01, 0x0029, 0x0028, 0x8CC7, 0x0029, 0x0028,
    0x5354, 0x0029, 0x0028, 0x796D, 0x0029, 0x0028, 0x4F11, 0x0029, 0x0028,
    0x81EA, 0x0029, 0x0028, 0x81F3, 0x0029, 0x554F, 0x5E7C, 0x7B8F, 0x0050,
    0x0054, 0x0045, 0x0032, 0x0031, 0x0032, 0x0032, 0x0032, 0x0033, 0x0032,
    0x0034, 0x0032, 0x0035, 0x0032, 0x0036, 0x0032, 0x0037, 0x0032, 0x0038,
    0x0032, 0x0039, 0x0033, 0x0030, 0x0033, 0x0031, 0x0033, 0x0032, 0x0033,
    0x0033, 0x0033, 0x0034, 0x0033, 0x0035, 0x1100, 0x1161, 0x1102, 0x1161,
    0x1103, 0x1161, 0x1105, 0x1161, 0x1106, 0x1161, 0x1107, 0x1161, 0x1109,
    0x1161, 0x110B, 0x1161, 0x110C, 0x1161, 0x110E, 0x1161, 0x110F, 0x1161,
    0x1110, 0x1161, 0x1111, 0x1161, 0x1112, 0x1161, 0x110E, 0x1161, 0x11B7,
    0x1100, 0x1169, 0x110C, 0x116E, 0x110B, 0x1174, 0x110B, 0x116E, 0x4E94,
    0x4E03, 0x4E5D, 0x682A, 0x6709, 0x540D, 0x7279, 0x8CA1, 0x52B4, 0x79D8,
    0x7537, 0x9069, 0x512A, 0x5370, 0x6CE8, 0x9805, 0x4F11, 0x5199, 0x6B63,
    0x5DE6, 0x53F3, 0x533B, 0x5B97, 0x5B66, 0x76E3, 0x4F01, 0x8CC7, 0x5354,
    0x591C, 0x0033, 0x0036, 0x0033, 0x0037, 0x0033, 0x0038, 0x0033, 0x0039,
    0x0034, 0x0030, 0x0034, 0x0031, 0x0034, 0x0032, 0x0034, 0x0033, 0x0034,
    0x0034, 0x0034, 0x0035, 0x0034, 0x0036, 0x0034, 0x0037, 0x0034, 0x0038,
    0x0034, 0x0039, 0x0035, 0x0030, 0x0031, 0x6708, 0x0032, 0x6708, 0x0033,
    0x6708, 0x0034, 0x6708, 0x0035, 0x6708, 0x0036, 0x6708, 0x0037, 0x6708,
    0x0038, 0x6708, 0x0039, 0x6708, 0x0031, 0x0030, 0x6708, 0x0031, 0x0031,
    0x6708, 0x0031, 0x0032, 0x6708, 0x0048, 0x0067, 0x0065, 0x0072, 0x0067,
    0x0065, 0x0056, 0x004C, 0x0054, 0x0044, 0x30A2, 0x30A4, 0x30A6, 0x30A8,
    0x30AA, 0x30AB, 0x30AD, 0x30AF, 0x30B1, 0x30B3, 0x30B5, 0x30B7, 0x30B9,
    0x30BB, 0x30BD, 0x30BF, 0x30C1, 0x30C4, 0x30C6, 0x30C8, 0x30CA, 0x30CB,
    0x30CC, 0x30CD, 0x30CE, 0x30CF, 0x30D2, 0x30D5, 0x30D8, 0x30DB, 0x30DE,
    0x30DF, 0x30E0, 0x30E1, 0x30E2, 0x30E4, 0x30E6, 0x30E8, 0x30E9, 0x30EA,
    0x30EB, 0x30EC, 0x30ED, 0x30EF, 0x30F0, 0x30F1, 0x30F2, 0x4EE4, 0x548C,
    0x30A2, 0x30CF, 0x309A, 0x30FC, 0x30C8, 0x30A2, 0x30EB, 0x30D5, 0x30A1,
    0x30A2, 0x30F3, 0x30D8, 0x309A, 0x30A2, 0x30A2, 0x30FC, 0x30EB, 0x30A4,
    0x30CB, 0x30F3, 0x30AF, 0x3099, 0x30A4, 0x30F3, 0x30C1, 0x30A6, 0x30A9,
    0x30F3, 0x30A8, 0x30B9, 0x30AF, 0x30FC, 0x30C8, 0x3099, 0x30A8, 0x30FC,
    0x30AB, 0x30FC, 0x30AA, 0x30F3, 0x30B9, 0x30AA, 0x30FC, 0x30E0, 0x30AB,
    0x30A4, 0x30EA, 0x30AB, 0x30E9, 0x30C3, 0x30C8, 0x30AB, 0x30ED, 0x30EA,
    0x30FC, 0x30AB, 0x3099, 0x30ED, 0x30F3, 0x30AB, 0x3099, 0x30F3, 0x30DE,
    0x30AD, 0x3099, 0x30AB, 0x3099, 0x30AD, 0x3099, 0x30CB, 0x30FC, 0x30AD,
    0x30E5, 0x30EA, 0x30FC, 0x30AD, 0x3099, 0x30EB, 0x30BF, 0x3099, 0x30FC,
    0x30AD, 0x30ED, 0x30AD, 0x30ED, 0x30AF, 0x3099, 0x30E9, 0x30E0, 0x30AD,
    0x30ED, 0x30E1, 0x30FC, 0x30C8, 0x30EB, 0x30AD, 0x30ED, 0x30EF, 0x30C3,
    0x30C8, 0x30AF, 0x3099, 0x30E9, 0x30E0, 0x30AF, 0x3099, 0x30E9, 0x30E0,
    0x30C8, 0x30F3, 0x30AF, 0x30EB, 0x30BB, 0x3099, 0x30A4, 0x30ED, 0x30AF,
    0x30ED, 0x30FC, 0x30CD, 0x30B1, 0x30FC, 0x30B9, 0x30B3, 0x30EB, 0x30CA,
    0x30B3, 0x30FC, 0x30DB, 0x309A, 0x30B5, 0x30A4, 0x30AF, 0x30EB, 0x30B5,
    0x30F3, 0x30C1, 0x30FC, 0x30E0, 0x30B7, 0x30EA, 0x30F3, 0x30AF, 0x3099,
    0x30BB, 0x30F3, 0x30C1, 0x30BB, 0x30F3, 0x30C8, 0x30BF, 0x3099, 0x30FC,
    0x30B9, 0x30C6, 0x3099, 0x30B7, 0x30C8, 0x3099, 0x30EB, 0x30C8, 0x30F3,
    0x30CA, 0x30CE, 0x30CE, 0x30C3, 0x30C8, 0x30CF, 0x30A4, 0x30C4, 0x30CF,
    0x309A, 0x30FC, 0x30BB, 0x30F3, 0x30C8, 0x30CF, 0x309A, 0x30FC, 0x30C4,
    0x30CF, 0x3099, 0x30FC, 0x30EC, 0x30EB, 0x30D2, 0x309A, 0x30A2, 0x30B9,
    0x30C8, 0x30EB, 0x30D2, 0x309A, 0x30AF, 0x30EB, 0x30D2, 0x309A, 0x30B3,
    0x30D2, 0x3099, 0x30EB, 0x30D5, 0x30A1, 0x30E9, 0x30C3, 0x30C8, 0x3099,
    0x30D5, 0x30A3, 0x30FC, 0x30C8, 0x30D5, 0x3099, 0x30C3, 0x30B7, 0x30A7,
    0x30EB, 0x30D5, 0x30E9, 0x30F3, 0x30D8, 0x30AF, 0x30BF, 0x30FC, 0x30EB,
    0x30D8, 0x309A, 0x30BD, 0x30D8, 0x309A, 0x30CB, 0x30D2, 0x30D8, 0x30EB,
    0x30C4, 0x30D8, 0x309A, 0x30F3, 0x30B9, 0x30D8, 0x309A, 0x30FC, 0x30B7,
    0x3099, 0x30D8, 0x3099, 0x30FC, 0x30BF, 0x30DB, 0x309A, 0x30A4, 0x30F3,
    0x30C8, 0x30DB, 0x3099, 0x30EB, 0x30C8, 0x30DB, 0x30F3, 0x30DB, 0x309A,
    0x30F3, 0x30C8, 0x3099, 0x30DB, 0x30FC, 0x30EB, 0x30DB, 0x30FC, 0x30F3,
    0x30DE, 0x30A4, 0x30AF, 0x30ED, 0x30DE, 0x30A4, 0x30EB, 0x30DE, 0x30C3,
    0x30CF, 0x30DE, 0x30EB, 0x30AF, 0x30DE, 0x30F3, 0x30B7, 0x30E7, 0x30F3,
    0x30DF, 0x30AF, 0x30ED, 0x30F3, 0x30DF, 0x30EA, 0x30DF, 0x30EA, 0x30CF,
    0x3099, 0x30FC, 0x30EB, 0x30E1, 0x30AB, 0x3099, 0x30E1, 0x30AB, 0x3099,
    0x30C8, 0x30F3, 0x30E1, 0x30FC, 0x30C8, 0x30EB, 0x30E4, 0x30FC, 0x30C8,
    0x3099, 0x30E4, 0x30FC, 0x30EB, 0x30E6, 0x30A2, 0x30F3, 0x30EA, 0x30C3,
    0x30C8, 0x30EB, 0x30EA, 0x30E9, 0x30EB, 0x30D2, 0x309A, 0x30FC, 0x30EB,
    0x30FC, 0x30D5, 0x3099, 0x30EB, 0x30EC, 0x30E0, 0x30EC, 0x30F3, 0x30C8,
    0x30B1, 0x3099, 0x30F3, 0x30EF, 0x30C3, 0x30C8, 0x0030, 0x70B9, 0x0031,
    0x70B9, 0x0032, 0x70B9, 0x0033, 0x70B9, 0x0034, 0x70B9, 0x0035, 0x70B9,
    0x0036, 0x70B9, 0x0037, 0x70B9, 0x0038, 0x70B9, 0x0039, 0x70B9, 0x0031,
    0x0030, 0x70B9, 0x0031, 0x0031, 0x70B9, 0x0031, 0x0032, 0x70B9, 0x0031,
    0x0033, 0x70B9, 0x0031, 0x0034, 0x70B9, 0x0031, 0x0035, 0x70B9, 0x0031,
    0x0036, 0x70B9, 0x0031, 0x0037, 0x70B9, 0x0031, 0x0038, 0x70B9, 0x0031,
    0x0039, 0x70B9, 0x0032, 0x0030, 0x70B9, 0x0032, 0x0031, 0x70B9, 0x0032,
    0x0032, 0x70B9, 0x0032, 0x0033, 0x70B9, 0x0032, 0x0034, 0x70B9, 0x0068,
    0x0050, 0x0061, 0x0064, 0x0061, 0x0041, 0x0055, 0x0062, 0x0061, 0x0072,
    0x006F, 0x0056, 0x0070, 0x0063, 0x0064, 0x006D, 0x0064, 0x006D, 0x0032,
    0x0064, 0x006D, 0x0033, 0x0049, 0x0055, 0x5E73, 0x6210, 0x662D, 0x548C,
    0x5927, 0x6B63, 0x660E, 0x6CBB, 0x682A, 0x5F0F, 0x4F1A, 0x793E, 0x0070,
    0x0041, 0x006E, 0x0041, 0x03BC, 0x0041, 0x006D, 0x0041, 0x006B, 0x0041,
    0x004B, 0x0042, 0x004D, 0x0042, 0x0047, 0x0042, 0x0063, 0x0061, 0x006C,
    0x006B, 0x0063, 0x0061, 0x006C, 0x0070, 0x0046, 0x006E, 0x0046, 0x03BC,
    0x0046, 0x03BC, 0x0067, 0x006D, 0x0067, 0x006B, 0x0067, 0x0048, 0x007A,
    0x006B, 0x0048, 0x007A, 0x004D, 0x0048, 0x007A, 0x0047, 0x0048, 0x007A,
    0x0054, 0x0048, 0x007A, 0x03BC, 0x006C, 0x006D, 0x006C, 0x0064, 0x006C,
    0x006B, 0x006C, 0x0066, 0x006D, 0x006E, 0x006D, 0x03BC, 0x006D, 0x006D,
    0x006D, 0x0063, 0x006D, 0x006B, 0x006D, 0x006D, 0x006D, 0x0032, 0x0063,
    0x006D, 0x0032, 0x006D, 0x0032, 0x006B, 0x006D, 0x0032, 0x006D, 0x006D,
    0x0033, 0x0063, 0x006D, 0x0033, 0x006D, 0x0033, 0x006B, 0x006D, 0x0033,
    0x006D, 0x2215, 0x0073, 0x006D, 0x2215, 0x0073, 0x0032, 0x0050, 0x0061,
    0x006B, 0x0050, 0x0061, 0x004D, 0x0050, 0x0061, 0x0047, 0x0050, 0x0061,
    0x0072, 0x0061, 0x0064, 0x0072, 0x0061, 0x0064, 0x2215, 0x0073, 0x0072,
    0x0061, 0x0064, 0x2215, 0x0073, 0x0032, 0x0070, 0x0073, 0x006E, 0x0073,
    0x03BC, 0x0073, 0x006D, 0x0073, 0x0070, 0x0056, 0x006E, 0x0056, 0x03BC,
    0x0056, 0x006D, 0x0056, 0x006B, 0x0056, 0x004D, 0x0056, 0x0070, 0x0057,
    0x006E, 0x0057, 0x03BC, 0x0057, 0x006D, 0x0057, 0x006B, 0x0057, 0x004D,
    0x0057, 0x006B, 0x03A9, 0x004D, 0x03A9, 0x0061, 0x002E, 0x006D, 0x002E,
    0x0042, 0x0071, 0x0063, 0x0063, 0x0063, 0x0064, 0x0043, 0x2215, 0x006B,
    0x0067, 0x0043, 0x006F, 0x002E, 0x0064, 0x0042, 0x0047, 0x0079, 0x0068,
    0x0061, 0x0048, 0x0050, 0x0069, 0x006E, 0x004B, 0x004B, 0x004B, 0x004D,
    0x006B, 0x0074, 0x006C, 0x006D, 0x006C, 0x006E, 0x006C, 0x006F, 0x0067,
    0x006C, 0x0078, 0x006D, 0x0062, 0x006D, 0x0069, 0x006C, 0x006D, 0x006F,
    0x006C, 0x0050, 0x0048, 0x0070, 0x002E, 0x006D, 0x002E, 0x0050, 0x0050,
    0x004D, 0x0050, 0x0052, 0x0073, 0x0072, 0x0053, 0x0076, 0x0057, 0x0062,
    0x0056, 0x2215, 0x006D, 0x0041, 0x2215, 0x006D, 0x0031, 0x65E5, 0x0032,
    0x65E5, 0x0033, 0x65E5, 0x0034, 0x65E5, 0x0035, 0x65E5, 0x0036, 0x65E5,
    0x0037, 0x65E5, 0x0038, 0x65E5, 0x0039, 0x65E5, 0x0031, 0x0030, 0x65E5,
    0x0031, 0x0031, 0x65E5, 0x0031, 0x0032, 0x65E5, 0x0031, 0x0033, 0x65E5,
    0x0031, 0x0034, 0x65E5, 0x0031, 0x0035, 0x65E5, 0x0031, 0x0036, 0x65E5,
    0x0031, 0x0037, 0x65E5, 0x0031, 0x0038, 0x65E5, 0x0031, 0x0039, 0x65E5,
    0x0032, 0x0030, 0x65E5, 0x0032, 0x0031, 0x65E5, 0x0032, 0x0032, 0x65E5,
    0x0032, 0x0033, 0x65E5, 0x0032, 0x0034, 0x65E5, 0x0032, 0x0035, 0x65E5,
    0x0032, 0x0036, 0x65E5, 0x0032, 0x0037, 0x65E5, 0x0032, 0x0038, 0x65E5,
    0x0032, 0x0039, 0x65E5, 0x0033, 0x0030, 0x65E5, 0x0033, 0x0031, 0x65E5,
    0x0067, 0x0061, 0x006C, 0x044A, 0x044C, 0xA76F, 0x0126, 0x0153, 0xA727,
    0xAB37, 0x026B, 0xAB52, 0x028D, 0x0066, 0x0066, 0x0066, 0x0069, 0x0066,
    0x006C, 0x0066, 0x0066, 0x0069, 0x0066, 0x0066, 0x006C, 0x0073, 0x0074,
    0x0574, 0x0576, 0x0574, 0x0565, 0x0574, 0x056B, 0x057E, 0x0576, 0x0574,
    0x056D, 0x05E2, 0x05D4, 0x05DB, 0x05DC, 0x05DD, 0x05E8, 0x05EA, 0x05D0,
    0x05DC, 0x0671, 0x067B, 0x067E, 0x0680, 0x067A, 0x067F, 0x0679, 0x06A4,
    0x06A6, 0x0684, 0x0683, 0x0686, 0x0687, 0x068D, 0x068C, 0x068E, 0x0688,
    0x0698, 0x0691, 0x06A9, 0x06AF, 0x06B3, 0x06B1, 0x06BA, 0x06BB, 0x06C1,
    0x06BE, 0x06D2, 0x06AD, 0x06C7, 0x06C6, 0x06C8, 0x06CB, 0x06C5, 0x06C9,
    0x06D0, 0x0649, 0x064A, 0x0654, 0x0627, 0x064A, 0x0654, 0x06D5, 0x064A,
    0x0654, 0x0648, 0x064A, 0x0654, 0x06C7, 0x064A, 0x0654, 0x06C6, 0x064A,
    0x0654, 0x06C8, 0x064A, 0x0654, 0x06D0, 0x064A, 0x0654, 0x0649, 0x06CC,
    0x064A, 0x0654, 0x062C, 0x064A, 0x0654, 0x062D, 0x064A, 0x0654, 0x0645,
    0x064A, 0x0654, 0x064A, 0x0628, 0x062C, 0x0628, 0x062D, 0x0628, 0x062E,
    0x0628, 0x0645, 0x0628, 0x0649, 0x0628, 0x064A, 0x062A, 0x062C, 0x062A,
    0x062D, 0x062A, 0x062E, 0x062A, 0x0645, 0x062A, 0x0649, 0x062A, 0x064A,
    0x062B, 0x062C, 0x062B, 0x0645, 0x062B, 0x0649, 0x062B, 0x064A, 0x062C,
    0x062D, 0x062C, 0x0645, 0x062D, 0x062C, 0x062D, 0x0645, 0x062E, 0x062C,
    0x062E, 0x062D, 0x062E, 0x0645, 0x0633, 0x062C, 0x0633, 0x062D, 0x0633,
    0x062E, 0x0633, 0x0645, 0x0635, 0x062D, 0x0635, 0x0645, 0x0636, 0x062C,
    0x0636, 0x062D, 0x0636, 0x062E, 0x0636, 0x0645, 0x0637, 0x062D, 0x0637,
    0x0645, 0x0638, 0x0645, 0x0639, 0x062C, 0x0639, 0x0645, 0x063A, 0x062C,
    0x063A, 0x0645, 0x0641, 0x062C, 0x0641, 0x062D, 0x0641, 0x062E, 0x0641,
    0x0645, 0x0641, 0x0649, 0x0641, 0x064A, 0x0642, 0x062D, 0x0642, 0x0645,
    0x0642, 0x0649, 0x0642, 0x064A, 0x0643, 0x0627, 0x0643, 0x062C, 0x0643,
    0x062D, 0x0643, 0x062E, 0x0643, 0x0644, 0x0643, 0x0645, 0x0643, 0x0649,
    0x0643, 0x064A, 0x0644, 0x062C, 0x0644, 0x062D, 0x0644, 0x062E, 0x0644,
    0x0645, 0x0644, 0x0649, 0x0644, 0x064A, 0x0645, 0x062C, 0x0645, 0x062D,
    0x0645, 0x062E, 0x0645, 0x0645, 0x0645, 0x0649, 0x0645, 0x064A, 0x0646,
    0x062C, 0x0646, 0x062D, 0x0646, 0x062E, 0x0646, 0x0645, 0x0646, 0x0649,
    0x0646, 0x064A, 0x0647, 0x062C, 0x0647, 0x0645, 0x0647, 0x0649, 0x0647,
    0x064A, 0x064A, 0x062C, 0x064A, 0x062D, 0x064A, 0x062E, 0x064A, 0x0645,
    0x064A, 0x0649, 0x064A, 0x064A, 0x0630, 0x0670, 0x0631, 0x0670, 0x0649,
    0x0670, 0x0020, 0x064C, 0x0651, 0x0020, 0x064D, 0x0651, 0x0020, 0x064E,
    0x0651, 0x0020, 0x064F, 0x0651, 0x0020, 0x0650, 0x0651, 0x0020, 0x0651,
    0x0670, 0x064A, 0x0654, 0x0631, 0x064A, 0x0654, 0x0632, 0x064A, 0x0654,
    0x0646, 0x0628, 0x0631, 0x0628, 0x0632, 0x0628, 0x0646, 0x062A, 0x0631,
    0x062A, 0x0632, 0x062A, 0x0646, 0x062B, 0x0631, 0x062B, 0x0632, 0x062B,
    0x0646, 0x0645, 0x0627, 0x0646, 0x0631, 0x0646, 0x0632, 0x0646, 0x0646,
    0x064A, 0x0631, 0x064A, 0x0632, 0x064A, 0x0646, 0x064A, 0x0654, 0x062E,
    0x064A, 0x0654, 0x0647, 0x0628, 0x0647, 0x062A, 0x0647, 0x0635, 0x062E,
    0x0644, 0x0647, 0x0646, 0x0647, 0x0647, 0x0670, 0x064A, 0x0647, 0x062B,
    0x0647, 0x0633, 0x0647, 0x0634, 0x0645, 0x0634, 0x0647, 0x0640, 0x064E,
    0x0651, 0x0640, 0x064F, 0x0651, 0x0640, 0x0650, 0x0651, 0x0637, 0x0649,
    0x0637, 0x064A, 0x0639, 0x0649, 0x0639, 0x064A, 0x063A, 0x0649, 0x063A,
    0x064A, 0x0633, 0x0649, 0x0633, 0x064A, 0x0634, 0x0649, 0x0634, 0x064A,
    0x062D, 0x0649, 0x062D, 0x064A, 0x062C, 0x0649, 0x062C, 0x064A, 0x062E,
    0x0649, 0x062E, 0x064A, 0x0635, 0x0649, 0x0635, 0x064A, 0x0636, 0x0649,
    0x0636, 0x064A, 0x0634, 0x062C, 0x0634, 0x062D, 0x0634, 0x062E, 0x0634,
    0x0631, 0x0633, 0x0631, 0x0635, 0x0631, 0x0636, 0x0631, 0x0627, 0x064B,
    0x062A, 0x062C, 0x0645, 0x062A, 0x062D, 0x062C, 0x062A, 0x062D, 0x0645,
    0x062A, 0x062E, 0x0645, 0x062A, 0x0645, 0x062C, 0x062A, 0x0645, 0x062D,
    0x062A, 0x0645, 0x062E, 0x062C, 0x0645, 0x062D, 0x062D, 0x0645, 0x064A,
    0x062D, 0x0645, 0x0649, 0x0633, 0x062D, 0x062C, 0x0633, 0x062C, 0x062D,
    0x0633, 0x062C, 0x0649, 0x0633, 0x0645, 0x062D, 0x0633, 0x0645, 0x062C,
    0x0633, 0x0645, 0x0645, 0x0635, 0x062D, 0x062D, 0x0635, 0x0645, 0x0645,
    0x0634, 0x062D, 0x0645, 0x0634, 0x062C, 0x064A, 0x0634, 0x0645, 0x062E,
    0x0634, 0x0645, 0x0645, 0x0636, 0x062D, 0x0649, 0x0636, 0x062E, 0x0645,
    0x0637, 0x0645, 0x062D, 0x0637, 0x0645, 0x0645, 0x0637, 0x0645, 0x064A,
    0x0639, 0x062C, 0x0645, 0x0639, 0x0645, 0x0645, 0x0639, 0x0645, 0x0649,
    0x063A, 0x0645, 0x0645, 0x063A, 0x0645, 0x064A, 0x063A, 0x0645, 0x0649,
    0x0641, 0x062E, 0x0645, 0x0642, 0x0645, 0x062D, 0x0642, 0x0645, 0x0645,
    0x0644, 0x062D, 0x0645, 0x0644, 0x062D, 0x064A, 0x0644, 0x062D, 0x0649,
    0x0644, 0x062C, 0x062C, 0x0644, 0x062E, 0x0645, 0x0644, 0x0645, 0x062D,
    0x0645, 0x062D, 0x062C, 0x0645, 0x062D, 0x0645, 0x0645, 0x062D, 0x064A,
    0x0645, 0x062C, 0x062D, 0x0645, 0x062C, 0x0645, 0x0645, 0x062E, 0x062C,
    0x0645, 0x062E, 0x0645, 0x0645, 0x062C, 0x062E, 0x0647, 0x0645, 0x062C,
    0x0647, 0x0645, 0x0645, 0x0646, 0x062D, 0x0645, 0x0646, 0x062D, 0x0649,
    0x0646, 0x062C, 0x0645, 0x0646, 0x062C, 0x0649, 0x0646, 0x0645, 0x064A,
    0x0646, 0x0645, 0x0649, 0x064A, 0x0645, 0x0645, 0x0628, 0x062E, 0x064A,
    0x062A, 0x062C, 0x064A, 0x062A, 0x062C, 0x0649, 0x062A, 0x062E, 0x064A,
    0x062A, 0x062E, 0x0649, 0x062A, 0x0645, 0x064A, 0x062A, 0x0645, 0x0649,
    0x062C, 0x0645, 0x064A, 0x062C, 0x062D, 0x0649, 0x062C, 0x0645, 0x0649,
    0x0633, 0x062E, 0x0649, 0x0635, 0x062D, 0x064A, 0x0634, 0x062D, 0x064A,
    0x0636, 0x062D, 0x064A, 0x0644, 0x062C, 0x064A, 0x0644, 0x0645, 0x064A,
    0x064A, 0x062D, 0x064A, 0x064A, 0x062C, 0x064A, 0x064A, 0x0645, 0x064A,
    0x0645, 0x0645, 0x064A, 0x0642, 0x0645, 0x064A, 0x0646, 0x062D, 0x064A,
    0x0639, 0x0645, 0x064A, 0x0643, 0x0645, 0x064A, 0x0646, 0x062C, 0x062D,
    0x0645, 0x062E, 0x064A, 0x0644, 0x062C, 0x0645, 0x0643, 0x0645, 0x0645,
    0x062C, 0x062D, 0x064A, 0x062D, 0x062C, 0x064A, 0x0645, 0x062C, 0x064A,
    0x0641, 0x0645, 0x064A, 0x0628, 0x062D, 0x064A, 0x0633, 0x062E, 0x064A,
    0x0646, 0x062C, 0x064A, 0x0635, 0x0644, 0x06D2, 0x0642, 0x0644, 0x06D2,
    0x0627, 0x0644, 0x0644, 0x0647, 0x0627, 0x0643, 0x0628, 0x0631, 0x0645,
    0x062D, 0x0645, 0x062F, 0x0635, 0x0644, 0x0639, 0x0645, 0x0631, 0x0633,
    0x0648, 0x0644, 0x0639, 0x0644, 0x064A, 0x0647, 0x0648, 0x0633, 0x0644,
    0x0645, 0x0635, 0x0644, 0x0649, 0x0635, 0x0644, 0x0649, 0x0020, 0x0627,
    0x0644, 0x0644, 0x0647, 0x0020, 0x0639, 0x0644, 0x064A, 0x0647, 0x0020,
    0x0648, 0x0633, 0x0644, 0x0645, 0x062C, 0x0644, 0x0020, 0x062C, 0x0644,
    0x0627, 0x0644, 0x0647, 0x0631, 0x06CC, 0x0627, 0x0644, 0x002C, 0x3001,
    0x3002, 0x003A, 0x0021, 0x003F, 0x3016, 0x3017, 0x2014, 0x2013, 0x005F,
    0x007B, 0x007D, 0x3014, 0x3015, 0x3010, 0x3011, 0x300A, 0x300B, 0x300C,
    0x300D, 0x300E, 0x300F, 0x005B, 0x005D, 0x0023, 0x0026, 0x002A, 0x002D,
    0x003C, 0x003E, 0x005C, 0x0024, 0x0025, 0x0040, 0x0020, 0x064B, 0x0640,
    0x064B, 0x0020, 0x064C, 0x0020, 0x064D, 0x0020, 0x064E, 0x0640, 0x064E,
    0x0020, 0x064F, 0x0640, 0x064F, 0x0020, 0x0650, 0x0640, 0x0650, 0x0020,
    0x0651, 0x0640, 0x0651, 0x0020, 0x0652, 0x0640, 0x0652, 0x0621, 0x0627,
    0x0628, 0x0629, 0x062A, 0x062B, 0x062C, 0x062D, 0x062E, 0x062F, 0x0630,
    0x0631, 0x0632, 0x0633, 0x0634, 0x0635, 0x0636, 0x0637, 0x0638, 0x0639,
    0x063A, 0x0641, 0x0642, 0x0643, 0x0644, 0x0645, 0x0646, 0x0647, 0x0648,
    0x064A, 0x0644, 0x0627, 0x0653, 0x0644, 0x0627, 0x0654, 0x0644, 0x0627,
    0x0655, 0x0644, 0x0627, 0x0022, 0x0027, 0x002F, 0x005E, 0x007C, 0x007E,
    0x2985, 0x2986, 0x30FB, 0x30A1, 0x30A3, 0x30A5, 0x30A7, 0x30A9, 0x30E3,
    0x30E5, 0x30E7, 0x30C3, 0x30FC, 0x30F3, 0x3099, 0x309A, 0x00A2, 0x00A3,
    0x00AC, 0x00A6, 0x00A5, 0x20A9, 0x2502, 0x2190, 0x2191, 0x2192, 0x2193,
    0x25A0, 0x25CB, 0x02D0, 0x02D1, 0x00E6, 0x0299, 0x0253, 0x02A3, 0xAB66,
    0x02A5, 0x02A4, 0x0256, 0x0257, 0x1D91, 0x0258, 0x025E, 0x02A9, 0x0264,
    0x0262, 0x0260, 0x029B, 0x029C, 0x0267, 0x0284, 0x02AA, 0x02AB, 0x026C,
    0xA78E, 0x026E, 0x028E, 0x00F8, 0x0276, 0x0277, 0x027A, 0x027D, 0x027E,
    0x0280, 0x02A8, 0x02A6, 0xAB67, 0x02A7, 0x0288, 0x2C71, 0x028F, 0x02A1,
    0x02A2, 0x0298, 0x01C0, 0x01C1, 0x01C2, 0x0131, 0x0237, 0x0391, 0x0392,
    0x0394, 0x0395, 0x0396, 0x0397, 0x0399, 0x039A, 0x039B, 0x039C, 0x039D,
    0x039E, 0x039F, 0x03A1, 0x03A4, 0x03A6, 0x03A7, 0x03A8, 0x2207, 0x03B1,
    0x03B6, 0x03B7, 0x03BB, 0x03BD, 0x03BE, 0x03BF, 0x03C3, 0x03C4, 0x03C5,
    0x03C8, 0x03C9, 0x2202, 0x03DC, 0x03DD, 0x0430, 0x0431, 0x0432, 0x0433,
    0x0434, 0x0435, 0x0436, 0x0437, 0x0438, 0x043A, 0x043B, 0x043C, 0x043E,
    0x043F, 0x0440, 0x0441, 0x0442, 0x0443, 0x0444, 0x0445, 0x0446, 0x0447,
    0x0448, 0x044B, 0x044D, 0x044E, 0xA689, 0x04D9, 0x0456, 0x0458, 0x04E9,
    0x04AF, 0x04CF, 0x0491, 0x0455, 0x045F, 0x04AB, 0xA651, 0x04B1, 0x066E,
    0x06A1, 0x066F, 0x0030, 0x002E, 0x0030, 0x002C, 0x0031, 0x002C, 0x0032,
    0x002C, 0x0033, 0x002C, 0x0034, 0x002C, 0x0035, 0x002C, 0x0036, 0x002C,
    0x0037, 0x002C, 0x0038, 0x002C, 0x0039, 0x002C, 0x0028, 0x0041, 0x0029,
    0x0028, 0x0042, 0x0029, 0x0028, 0x0043, 0x0029, 0x0028, 0x0044, 0x0029,
    0x0028, 0x0045, 0x0029, 0x0028, 0x0046, 0x0029, 0x0028, 0x0047, 0x0029,
    0x0028, 0x0048, 0x0029, 0x0028, 0x0049, 0x0029, 0x0028, 0x004A, 0x0029,
    0x0028, 0x004B, 0x0029, 0x0028, 0x004C, 0x0029, 0x0028, 0x004D, 0x0029,
    0x0028, 0x004E, 0x0029, 0x0028, 0x004F, 0x0029, 0x0028, 0x0050, 0x0029,
    0x0028, 0x0051, 0x0029, 0x0028, 0x0052, 0x0029, 0x0028, 0x0053, 0x0029,
    0x0028, 0x0054, 0x0029, 0x0028, 0x0055, 0x0029, 0x0028, 0x0056, 0x0029,
    0x0028, 0x0057, 0x0029, 0x0028, 0x0058, 0x0029, 0x0028, 0x0059, 0x0029,
    0x0028, 0x005A, 0x0029, 0x3014, 0x0053, 0x3015, 0x0043, 0x0044, 0x0057,
    0x005A, 0x0048, 0x0056, 0x0053, 0x0044, 0x0053, 0x0053, 0x0050, 0x0050,
    0x0056, 0x0057, 0x0043, 0x004D, 0x0043, 0x004D, 0x0044, 0x004D, 0x0052,
    0x0044, 0x004A, 0x307B, 0x304B, 0x30B3, 0x30B3, 0x5B57, 0x53CC, 0x89E3,
    0x4EA4, 0x6620, 0x7121, 0x524D, 0x5F8C, 0x65B0, 0x521D, 0x7D42, 0x8CA9,
    0x58F0, 0x5439, 0x6F14, 0x6295, 0x6355, 0x904A, 0x6307, 0x6253, 0x7981,
    0x7A7A, 0x5408, 0x6E80, 0x7533, 0x55B6, 0x914D, 0x3014, 0x672C, 0x3015,
    0x3014, 0x4E09, 0x3015, 0x3014, 0x4E8C, 0x3015, 0x3014, 0x5B89, 0x3015,
    0x3014, 0x70B9, 0x3015, 0x3014, 0x6253, 0x3015, 0x3014, 0x76D7, 0x3015,
    0x3014, 0x52DD, 0x3015, 0x3014, 0x6557, 0x3015, 0x5F97, 0x53EF,
};

static constexpr char32_t DECOMP_POOL32[] = {
    0x242EE, 0x2284A, 0x22844, 0x233D5, 0x25249, 0x25CD0, 0x27ED3, 0x105D2,
    0x0307,  0x105DA, 0x0307,  0x11099, 0x110BA, 0x1109B, 0x110BA, 0x110A5,
    0x110BA, 0x11131, 0x11127, 0x11132, 0x11127, 0x11347, 0x1133E, 0x11347,
    0x11357, 0x11382, 0x113C9, 0x11384, 0x113BB, 0x1138B, 0x113C2, 0x11390,
    0x113C9, 0x113C2, 0x113C2, 0x113C2, 0x113B8, 0x113C2, 0x113C9, 0x114B9,
    0x114BA, 0x114B9, 0x114B0, 0x114B9, 0x114BD, 0x115B8, 0x115AF, 0x115B9,
    0x115AF, 0x11935, 0x11930, 0x1611E, 0x1611E, 0x1611E, 0x16129, 0x1611E,
    0x1611F, 0x16129, 0x1611F, 0x1611E, 0x16120, 0x1611E, 0x1611E, 0x1611F,
    0x1611E, 0x16129, 0x1611F, 0x1611E, 0x1611E, 0x16120, 0x16D67, 0x16D67,
    0x16D63, 0x16D67, 0x16D63, 0x16D67, 0x16D67, 0x1D157, 0x1D165, 0x1D158,
    0x1D165, 0x1D158, 0x1D165, 0x1D16E, 0x1D158, 0x1D165, 0x1D16F, 0x1D158,
    0x1D165, 0x1D170, 0x1D158, 0x1D165, 0x1D171, 0x1D158, 0x1D165, 0x1D172,
    0x1D1B9, 0x1D165, 0x1D1BA, 0x1D165, 0x1D1B9, 0x1D165, 0x1D16E, 0x1D1BA,
    0x1D165, 0x1D16E, 0x1D1B9, 0x1D165, 0x1D16F, 0x1D1BA, 0x1D165, 0x1D16F,
    0x20122, 0x2063A, 0x2051C, 0x2054B, 0x291DF, 0x20A2C, 0x20B63, 0x214E4,
    0x216A8, 0x216EA, 0x219C8, 0x21B18, 0x21DE4, 0x21DE6, 0x22183, 0x2A392,
    0x22331, 0x232B8, 0x261DA, 0x226D4, 0x22B0C, 0x22BF1, 0x2300A, 0x233C3,
    0x2346D, 0x236A3, 0x238A7, 0x23A8D, 0x21D0B, 0x23AFA, 0x23CBC, 0x23D1E,
    0x23ED1, 0x23F5E, 0x23F8E, 0x20525, 0x24263, 0x243AB, 0x24608, 0x24735,
    0x24814, 0x24C36, 0x24C92, 0x2219F, 0x24FA1, 0x24FB8, 0x25044, 0x250F3,
    0x250F2, 0x25119, 0x25133, 0x2541D, 0x25626, 0x2569A, 0x256C5, 0x2597C,
    0x25AA7, 0x25BAB, 0x25C80, 0x25F86, 0x26228, 0x26247, 0x262D9, 0x2633E,
    0x264DA, 0x26523, 0x265A8, 0x2335F, 0x267A7, 0x267B5, 0x23393, 0x2339C,
    0x26B3C, 0x26C36, 0x26D6B, 0x26CD5, 0x273CA, 0x26F2C, 0x26FB1, 0x270D2,
    0x27667, 0x278AE, 0x27966, 0x27CA8, 0x27F2F, 0x20804, 0x208DE, 0x285D2,
    0x285ED, 0x2872E, 0x28BFA, 0x28D77, 0x29145, 0x2921A, 0x2940A, 0x29496,
    0x295B6, 0x29B30, 0x2A0CE, 0x2A105, 0x2A20E, 0x2A291, 0x2A600, 0x1DF04,
    0x1DF05, 0x1DF06, 0x1DF08, 0x1DF0A, 0x1DF1E,
};

static constexpr DecompEntry CANON_DECOMP[] = {
    {0x00C0, 2, 0, 0},     {0x00C1, 2, 0, 2},     {0x00C2, 2, 0, 4},
    {0x00C3, 2, 0, 6},     {0x00C4, 2, 0, 8},     {0x00C5, 2, 0, 10},
    {0x00C7, 2, 0, 12},    {0x00C8, 2, 0, 14},    {0x00C9, 2, 0, 16},
    {0x00CA, 2, 0, 18},    {0x00CB, 2, 0, 20},    {0x00CC, 2, 0, 22},
    {0x00CD, 2, 0, 24},    {0x00CE, 2, 0, 26},    {0x00CF, 2, 0, 28},
    {0x00D1, 2, 0, 30},    {0x00D2, 2, 0, 32},    {0x00D3, 2, 0, 34},
    {0x00D4, 2, 0, 36},    {0x00D5, 2, 0, 38},    {0x00D6, 2, 0, 40},
    {0x00D9, 2, 0, 42},    {0x00DA, 2, 0, 44},    {0x00DB, 2, 0, 46},
    {0x00DC, 2, 0, 48},    {0x00DD, 2, 0, 50},    {0x00E0, 2, 0, 52},
    {0x00E1, 2, 0, 54},    {0x00E2, 2, 0, 56},    {0x00E3, 2, 0, 58},
    {0x00E4, 2, 0, 60},    {0x00E5, 2, 0, 62},    {0x00E7, 2, 0, 64},
    {0x00E8, 2, 0, 66},    {0x00E9, 2, 0, 68},    {0x00EA, 2, 0, 70},
    {0x00EB, 2, 0, 72},    {0x00EC, 2, 0, 74},    {0x00ED, 2, 0, 76},
    {0x00EE, 2, 0, 78},    {0x00EF, 2, 0, 80},    {0x00F1, 2, 0, 82},
    {0x00F2, 2, 0, 84},    {0x00F3, 2, 0, 86},    {0x00F4, 2, 0, 88},
    {0x00F5, 2, 0, 90},    {0x00F6, 2, 0, 92},    {0x00F9, 2, 0, 94},
    {0x00FA, 2, 0, 96},    {0x00FB, 2, 0, 98},    {0x00FC, 2, 0, 100},
    {0x00FD, 2, 0, 102},   {0x00FF, 2, 0, 104},   {0x0100, 2, 0, 106},
    {0x0101, 2, 0, 108},   {0x0102, 2, 0, 110},   {0x0103, 2, 0, 112},
    {0x0104, 2, 0, 114},   {0x0105, 2, 0, 116},   {0x0106, 2, 0, 118},
    {0x0107, 2, 0, 120},   {0x0108, 2, 0, 122},   {0x0109, 2, 0, 124},
    {0x010A, 2, 0, 126},   {0x010B, 2, 0, 128},   {0x010C, 2, 0, 130},
    {0x010D, 2, 0, 132},   {0x010E, 2, 0, 134},   {0x010F, 2, 0, 136},
    {0x0112, 2, 0, 138},   {0x0113, 2, 0, 140},   {0x0114, 2, 0, 142},
    {0x0115, 2, 0, 144},   {0x0116, 2, 0, 146},   {0x0117, 2, 0, 148},
    {0x0118, 2, 0, 150},   {0x0119, 2, 0, 152},   {0x011A, 2, 0, 154},
    {0x011B, 2, 0, 156},   {0x011C, 2, 0, 158},   {0x011D, 2, 0, 160},
    {0x011E, 2, 0, 162},   {0x011F, 2, 0, 164},   {0x0120, 2, 0, 166},
    {0x0121, 2, 0, 168},   {0x0122, 2, 0, 170},   {0x0123, 2, 0, 172},
    {0x0124, 2, 0, 174},   {0x0125, 2, 0, 176},   {0x0128, 2, 0, 178},
    {0x0129, 2, 0, 180},   {0x012A, 2, 0, 182},   {0x012B, 2, 0, 184},
    {0x012C, 2, 0, 186},   {0x012D, 2, 0, 188},   {0x012E, 2, 0, 190},
    {0x012F, 2, 0, 192},   {0x0130, 2, 0, 194},   {0x0134, 2, 0, 196},
    {0x0135, 2, 0, 198},   {0x0136, 2, 0, 200},   {0x0137, 2, 0, 202},
    {0x0139, 2, 0, 204},   {0x013A, 2, 0, 206},   {0x013B, 2, 0, 208},
    {0x013C, 2, 0, 210},   {0x013D, 2, 0, 212},   {0x013E, 2, 0, 214},
    {0x0143, 2, 0, 216},   {0x0144, 2, 0, 218},   {0x0145, 2, 0, 220},
    {0x0146, 2, 0, 222},   {0x0147, 2, 0, 224},   {0x0148, 2, 0, 226},
    {0x014C, 2, 0, 228},   {0x014D, 2, 0, 230},   {0x014E, 2, 0, 232},
    {0x014F, 2, 0, 234},   {0x0150, 2, 0, 236},   {0x0151, 2, 0, 238},
    {0x0154, 2, 0, 240},   {0x0155, 2, 0, 242},   {0x0156, 2, 0, 244},
    {0x0157, 2, 0, 246},   {0x0158, 2, 0, 248},   {0x0159, 2, 0, 250},
    {0x015A, 2, 0, 252},   {0x015B, 2, 0, 254},   {0x015C, 2, 0, 256},
    {0x015D, 2, 0, 258},   {0x015E, 2, 0, 260},   {0x015F, 2, 0, 262},
    {0x0160, 2, 0, 264},   {0x0161, 2, 0, 266},   {0x0162, 2, 0, 268},
    {0x0163, 2, 0, 270},   {0x0164, 2, 0, 272},   {0x0165, 2, 0, 274},
    {0x0168, 2, 0, 276},   {0x0169, 2, 0, 278},   {0x016A, 2, 0, 280},
    {0x016B, 2, 0, 282},   {0x016C, 2, 0, 284},   {0x016D, 2, 0, 286},
    {0x016E, 2, 0, 288},   {0x016F, 2, 0, 290},   {0x0170, 2, 0, 292},
    {0x0171, 2, 0, 294},   {0x0172, 2, 0, 296},   {0x0173, 2, 0, 298},
    {0x0174, 2, 0, 300},   {0x0175, 2, 0, 302},   {0x0176, 2, 0, 304},
    {0x0177, 2, 0, 306},   {0x0178, 2, 0, 308},   {0x0179, 2, 0, 310},
    {0x017A, 2, 0, 312},   {0x017B, 2, 0, 314},   {0x017C, 2, 0, 316},
    {0x017D, 2, 0, 318},   {0x017E, 2, 0, 320},   {0x01A0, 2, 0, 322},
    {0x01A1, 2, 0, 324},   {0x01AF, 2, 0, 326},   {0x01B0, 2, 0, 328},
    {0x01CD, 2, 0, 330},   {0x01CE, 2, 0, 332},   {0x01CF, 2, 0, 334},
    {0x01D0, 2, 0, 336},   {0x01D1, 2, 0, 338},   {0x01D2, 2, 0, 340},
    {0x01D3, 2, 0, 342},   {0x01D4, 2, 0, 344},   {0x01D5, 3, 0, 346},
    {0x01D6, 3, 0, 349},   {0x01D7, 3, 0, 352},   {0x01D8, 3, 0, 355},
    {0x01D9, 3, 0, 358},   {0x01DA, 3, 0, 361},   {0x01DB, 3, 0, 364},
    {0x01DC, 3, 0, 367},   {0x01DE, 3, 0, 370},   {0x01DF, 3, 0, 373},
    {0x01E0, 3, 0, 376},   {0x01E1, 3, 0, 379},   {0x01E2, 2, 0, 382},
    {0x01E3, 2, 0, 384},   {0x01E6, 2, 0, 386},   {0x01E7, 2, 0, 388},
    {0x01E8, 2, 0, 390},   {0x01E9, 2, 0, 392},   {0x01EA, 2, 0, 394},
    {0x01EB, 2, 0, 396},   {0x01EC, 3, 0, 398},   {0x01ED, 3, 0, 401},
    {0x01EE, 2, 0, 404},   {0x01EF, 2, 0, 406},   {0x01F0, 2, 0, 408},
    {0x01F4, 2, 0, 410},   {0x01F5, 2, 0, 412},   {0x01F8, 2, 0, 414},
    {0x01F9, 2, 0, 416},   {0x01FA, 3, 0, 418},   {0x01FB, 3, 0, 421},
    {0x01FC, 2, 0, 424},   {0x01FD, 2, 0, 426},   {0x01FE, 2, 0, 428},
    {0x01FF, 2, 0, 430},   {0x0200, 2, 0, 432},   {0x0201, 2, 0, 434},
    {0x0202, 2, 0, 436},   {0x0203, 2, 0, 438},   {0x0204, 2, 0, 440},
    {0x0205, 2, 0, 442},   {0x0206, 2, 0, 444},   {0x0207, 2, 0, 446},
    {0x0208, 2, 0, 448},   {0x0209, 2, 0, 450},   {0x020A, 2, 0, 452},
    {0x020B, 2, 0, 454},   {0x020C, 2, 0, 456},   {0x020D, 2, 0, 458},
    {0x020E, 2, 0, 460},   {0x020F, 2, 0, 462},   {0x0210, 2, 0, 464},
    {0x0211, 2, 0, 466},   {0x0212, 2, 0, 468},   {0x0213, 2, 0, 470},
    {0x0214, 2, 0, 472},   {0x0215, 2, 0, 474},   {0x0216, 2, 0, 476},
    {0x0217, 2, 0, 478},   {0x0218, 2, 0, 480},   {0x0219, 2, 0, 482},
    {0x021A, 2, 0, 484},   {0x021B, 2, 0, 486},   {0x021E, 2, 0, 488},
    {0x021F, 2, 0, 490},   {0x0226, 2, 0, 492},   {0x0227, 2, 0, 494},
    {0x0228, 2, 0, 496},   {0x0229, 2, 0, 498},   {0x022A, 3, 0, 500},
    {0x022B, 3, 0, 503},   {0x022C, 3, 0, 506},   {0x022D, 3, 0, 509},
    {0x022E, 2, 0, 512},   {0x022F, 2, 0, 514},   {0x0230, 3, 0, 516},
    {0x0231, 3, 0, 519},   {0x0232, 2, 0, 522},   {0x0233, 2, 0, 524},
    {0x0340, 1, 0, 526},   {0x0341, 1, 0, 527},   {0x0343, 1, 0, 528},
    {0x0344, 2, 0, 529},   {0x0374, 1, 0, 531},   {0x037E, 1, 0, 532},
    {0x0385, 2, 0, 533},   {0x0386, 2, 0, 535},   {0x0387, 1, 0, 537},
    {0x0388, 2, 0, 538},   {0x0389, 2, 0, 540},   {0x038A, 2, 0, 542},
    {0x038C, 2, 0, 544},   {0x038E, 2, 0, 546},   {0x038F, 2, 0, 548},
    {0x0390, 3, 0, 550},   {0x03AA, 2, 0, 553},   {0x03AB, 2, 0, 555},
    {0x03AC, 2, 0, 557},   {0x03AD, 2, 0, 559},   {0x03AE, 2, 0, 561},
    {0x03AF, 2, 0, 563},   {0x03B0, 3, 0, 565},   {0x03CA, 2, 0, 568},
    {0x03CB, 2, 0, 570},   {0x03CC, 2, 0, 572},   {0x03CD, 2, 0, 574},
    {0x03CE, 2, 0, 576},   {0x03D3, 2, 0, 578},   {0x03D4, 2, 0, 580},
    {0x0400, 2, 0, 582},   {0x0401, 2, 0, 584},   {0x0403, 2, 0, 586},
    {0x0407, 2, 0, 588},   {0x040C, 2, 0, 590},   {0x040D, 2, 0, 592},
    {0x040E, 2, 0, 594},   {0x0419, 2, 0, 596},   {0x0439, 2, 0, 598},
    {0x0450, 2, 0, 600},   {0x0451, 2, 0, 602},   {0x0453, 2, 0, 604},
    {0x0457, 2, 0, 606},   {0x045C, 2, 0, 608},   {0x045D, 2, 0, 610},
    {0x045E, 2, 0, 612},   {0x0476, 2, 0, 614},   {0x0477, 2, 0, 616},
    {0x04C1, 2, 0, 618},   {0x04C2, 2, 0, 620},   {0x04D0, 2, 0, 622},
    {0x04D1, 2, 0, 624},   {0x04D2, 2, 0, 626},   {0x04D3, 2, 0, 628},
    {0x04D6, 2, 0, 630},   {0x04D7, 2, 0, 632},   {0x04DA, 2, 0, 634},
    {0x04DB, 2, 0, 636},   {0x04DC, 2, 0, 638},   {0x04DD, 2, 0, 640},
    {0x04DE, 2, 0, 642},   {0x04DF, 2, 0, 644},   {0x04E2, 2, 0, 646},
    {0x04E3, 2, 0, 648},   {0x04E4, 2, 0, 650},   {0x04E5, 2, 0, 652},
    {0x04E6, 2, 0, 654},   {0x04E7, 2, 0, 656},   {0x04EA, 2, 0, 658},
    {0x04EB, 2, 0, 660},   {0x04EC, 2, 0, 662},   {0x04ED, 2, 0, 664},
    {0x04EE, 2, 0, 666},   {0x04EF, 2, 0, 668},   {0x04F0, 2, 0, 670},
    {0x04F1, 2, 0, 672},   {0x04F2, 2, 0, 674},   {0x04F3, 2, 0, 676},
    {0x04F4, 2, 0, 678},   {0x04F5, 2, 0, 680},   {0x04F8, 2, 0, 682},
    {0x04F9, 2, 0, 684},   {0x0622, 2, 0, 686},   {0x0623, 2, 0, 688},
    {0x0624, 2, 0, 690},   {0x0625, 2, 0, 692},   {0x0626, 2, 0, 694},
    {0x06C0, 2, 0, 696},   {0x06C2, 2, 0, 698},   {0x06D3, 2, 0, 700},
    {0x0929, 2, 0, 702},   {0x0931, 2, 0, 704},   {0x0934, 2, 0, 706},
    {0x0958, 2, 0, 708},   {0x0959, 2, 0, 710},   {0x095A, 2, 0, 712},
    {0x095B, 2, 0, 714},   {0x095C, 2, 0, 716},   {0x095D, 2, 0, 718},
    {0x095E, 2, 0, 720},   {0x095F, 2, 0, 722},   {0x09CB, 2, 0, 724},
    {0x09CC, 2, 0, 726},   {0x09DC, 2, 0, 728},   {0x09DD, 2, 0, 730},
    {0x09DF, 2, 0, 732},   {0x0A33, 2, 0, 734},   {0x0A36, 2, 0, 736},
    {0x0A59, 2, 0, 738},   {0x0A5A, 2, 0, 740},   {0x0A5B, 2, 0, 742},
    {0x0A5E, 2, 0, 744},   {0x0B48, 2, 0, 746},   {0x0B4B, 2, 0, 748},
    {0x0B4C, 2, 0, 750},   {0x0B5C, 2, 0, 752},   {0x0B5D, 2, 0, 754},
    {0x0B94, 2, 0, 756},   {0x0BCA, 2, 0, 758},   {0x0BCB, 2, 0, 760},
    {0x0BCC, 2, 0, 762},   {0x0C48, 2, 0, 764},   {0x0CC0, 2, 0, 766},
    {0x0CC7, 2, 0, 768},   {0x0CC8, 2, 0, 770},   {0x0CCA, 2, 0, 772},
    {0x0CCB, 3, 0, 774},   {0x0D4A, 2, 0, 777},   {0x0D4B, 2, 0, 779},
    {0x0D4C, 2, 0, 781},   {0x0DDA, 2, 0, 783},   {0x0DDC, 2, 0, 785},
    {0x0DDD, 3, 0, 787},   {0x0DDE, 2, 0, 790},   {0x0F43, 2, 0, 792},
    {0x0F4D, 2, 0, 794},   {0x0F52, 2, 0, 796},   {0x0F57, 2, 0, 798},
    {0x0F5C, 2, 0, 800},   {0x0F69, 2, 0, 802},   {0x0F73, 2, 0, 804},
    {0x0F75, 2, 0, 806},   {0x0F76, 2, 0, 808},   {0x0F78, 2, 0, 810},
    {0x0F81, 2, 0, 812},   {0x0F93, 2, 0, 814},   {0x0F9D, 2, 0, 816},
    {0x0FA2, 2, 0, 818},   {0x0FA7, 2, 0, 820},   {0x0FAC, 2, 0, 822},
    {0x0FB9, 2, 0, 824},   {0x1026, 2, 0, 826},   {0x1B06, 2, 0, 828},
    {0x1B08, 2, 0, 830},   {0x1B0A, 2, 0, 832},   {0x1B0C, 2, 0, 834},
    {0x1B0E, 2, 0, 836},   {0x1B12, 2, 0, 838},   {0x1B3B, 2, 0, 840},
    {0x1B3D, 2, 0, 842},   {0x1B40, 2, 0, 844},   {0x1B41, 2, 0, 846},
    {0x1B43, 2, 0, 848},   {0x1E00, 2, 0, 850},   {0x1E01, 2, 0, 852},
    {0x1E02, 2, 0, 854},   {0x1E03, 2, 0, 856},   {0x1E04, 2, 0, 858},
    {0x1E05, 2, 0, 860},   {0x1E06, 2, 0, 862},   {0x1E07, 2, 0, 864},
    {0x1E08, 3, 0, 866},   {0x1E09, 3, 0, 869},   {0x1E0A, 2, 0, 872},
    {0x1E0B, 2, 0, 874},   {0x1E0C, 2, 0, 876},   {0x1E0D, 2, 0, 878},
    {0x1E0E, 2, 0, 880},   {0x1E0F, 2, 0, 882},   {0x1E10, 2, 0, 884},
    {0x1E11, 2, 0, 886},   {0x1E12, 2, 0, 888},   {0x1E13, 2, 0, 890},
    {0x1E14, 3, 0, 892},   {0x1E15, 3, 0, 895},   {0x1E16, 3, 0, 898},
    {0x1E17, 3, 0, 901},   {0x1E18, 2, 0, 904},   {0x1E19, 2, 0, 906},
    {0x1E1A, 2, 0, 908},   {0x1E1B, 2, 0, 910},   {0x1E1C, 3, 0, 912},
    {0x1E1D, 3, 0, 915},   {0x1E1E, 2, 0, 918},   {0x1E1F, 2, 0, 920},
    {0x1E20, 2, 0, 922},   {0x1E21, 2, 0, 924},   {0x1E22, 2, 0, 926},
    {0x1E23, 2, 0, 928},   {0x1E24, 2, 0, 930},   {0x1E25, 2, 0, 932},
    {0x1E26, 2, 0, 934},   {0x1E27, 2, 0, 936},   {0x1E28, 2, 0, 938},
    {0x1E29, 2, 0, 940},   {0x1E2A, 2, 0, 942},   {0x1E2B, 2, 0, 944},
    {0x1E2C, 2, 0, 946},   {0x1E2D, 2, 0, 948},   {0x1E2E, 3, 0, 950},
    {0x1E2F, 3, 0, 953},   {0x1E30, 2, 0, 956},   {0x1E31, 2, 0, 958},
    {0x1E32, 2, 0, 960},   {0x1E33, 2, 0, 962},   {0x1E34, 2, 0, 964},
    {0x1E35, 2, 0, 966},   {0x1E36, 2, 0, 968},   {0x1E37, 2, 0, 970},
    {0x1E38, 3, 0, 972},   {0x1E39, 3, 0, 975},   {0x1E3A, 2, 0, 978},
    {0x1E3B, 2, 0, 980},   {0x1E3C, 2, 0, 982},   {0x1E3D, 2, 0, 984},
    {0x1E3E, 2, 0, 986},   {0x1E3F, 2, 0, 988},   {0x1E40, 2, 0, 990},
    {0x1E41, 2, 0, 992},   {0x1E42, 2, 0, 994},   {0x1E43, 2, 0, 996},
    {0x1E44, 2, 0, 998},   {0x1E45, 2, 0, 1000},  {0x1E46, 2, 0, 1002},
    {0x1E47, 2, 0, 1004},  {0x1E48, 2, 0, 1006},  {0x1E49, 2, 0, 1008},
    {0x1E4A, 2, 0, 1010},  {0x1E4B, 2, 0, 1012},  {0x1E4C, 3, 0, 1014},
    {0x1E4D, 3, 0, 1017},  {0x1E4E, 3, 0, 1020},  {0x1E4F, 3, 0, 1023},
    {0x1E50, 3, 0, 1026},  {0x1E51, 3, 0, 1029},  {0x1E52, 3, 0, 1032},
    {0x1E53, 3, 0, 1035},  {0x1E54, 2, 0, 1038},  {0x1E55, 2, 0, 1040},
    {0x1E56, 2, 0, 1042},  {0x1E57, 2, 0, 1044},  {0x1E58, 2, 0, 1046},
    {0x1E59, 2, 0, 1048},  {0x1E5A, 2, 0, 1050},  {0x1E5B, 2, 0, 1052},
    {0x1E5C, 3, 0, 1054},  {0x1E5D, 3, 0, 1057},  {0x1E5E, 2, 0, 1060},
    {0x1E5F, 2, 0, 1062},  {0x1E60, 2, 0, 1064},  {0x1E61, 2, 0, 1066},
    {0x1E62, 2, 0, 1068},  {0x1E63, 2, 0, 1070},  {0x1E64, 3, 0, 1072},
    {0x1E65, 3, 0, 1075},  {0x1E66, 3, 0, 1078},  {0x1E67, 3, 0, 1081},
    {0x1E68, 3, 0, 1084},  {0x1E69, 3, 0, 1087},  {0x1E6A, 2, 0, 1090},
    {0x1E6B, 2, 0, 1092},  {0x1E6C, 2, 0, 1094},  {0x1E6D, 2, 0, 1096},
    {0x1E6E, 2, 0, 1098},  {0x1E6F, 2, 0, 1100},  {0x1E70, 2, 0, 1102},
    {0x1E71, 2, 0, 1104},  {0x1E72, 2, 0, 1106},  {0x1E73, 2, 0, 1108},
    {0x1E74, 2, 0, 1110},  {0x1E75, 2, 0, 1112},  {0x1E76, 2, 0, 1114},
    {0x1E77, 2, 0, 1116},  {0x1E78, 3, 0, 1118},  {0x1E79, 3, 0, 1121},
    {0x1E7A, 3, 0, 1124},  {0x1E7B, 3, 0, 1127},  {0x1E7C, 2, 0, 1130},
    {0x1E7D, 2, 0, 1132},  {0x1E7E, 2, 0, 1134},  {0x1E7F, 2, 0, 1136},
    {0x1E80, 2, 0, 1138},  {0x1E81, 2, 0, 1140},  {0x1E82, 2, 0, 1142},
    {0x1E83, 2, 0, 1144},  {0x1E84, 2, 0, 1146},  {0x1E85, 2, 0, 1148},
    {0x1E86, 2, 0, 1150},  {0x1E87, 2, 0, 1152},  {0x1E88, 2, 0, 1154},
    {0x1E89, 2, 0, 1156},  {0x1E8A, 2, 0, 1158},  {0x1E8B, 2, 0, 1160},
    {0x1E8C, 2, 0, 1162},  {0x1E8D, 2, 0, 1164},  {0x1E8E, 2, 0, 1166},
    {0x1E8F, 2, 0, 1168},  {0x1E90, 2, 0, 1170},  {0x1E91, 2, 0, 1172},
    {0x1E92, 2, 0, 1174},  {0x1E93, 2, 0, 1176},  {0x1E94, 2, 0, 1178},
    {0x1E95, 2, 0, 1180},  {0x1E96, 2, 0, 1182},  {0x1E97, 2, 0, 1184},
    {0x1E98, 2, 0, 1186},  {0x1E99, 2, 0, 1188},  {0x1E9B, 2, 0, 1190},
    {0x1EA0, 2, 0, 1192},  {0x1EA1, 2, 0, 1194},  {0x1EA2, 2, 0, 1196},
    {0x1EA3, 2, 0, 1198},  {0x1EA4, 3, 0, 1200},  {0x1EA5, 3, 0, 1203},
    {0x1EA6, 3, 0, 1206},  {0x1EA7, 3, 0, 1209},  {0x1EA8, 3, 0, 1212},
    {0x1EA9, 3, 0, 1215},  {0x1EAA, 3, 0, 1218},  {0x1EAB, 3, 0, 1221},
    {0x1EAC, 3, 0, 1224},  {0x1EAD, 3, 0, 1227},  {0x1EAE, 3, 0, 1230},
    {0x1EAF, 3, 0, 1233},  {0x1EB0, 3, 0, 1236},  {0x1EB1, 3, 0, 1239},
    {0x1EB2, 3, 0, 1242},  {0x1EB3, 3, 0, 1245},  {0x1EB4, 3, 0, 1248},
    {0x1EB5, 3, 0, 1251},  {0x1EB6, 3, 0, 1254},  {0x1EB7, 3, 0, 1257},
    {0x1EB8, 2, 0, 1260},  {0x1EB9, 2, 0, 1262},  {0x1EBA, 2, 0, 1264},
    {0x1EBB, 2, 0, 1266},  {0x1EBC, 2, 0, 1268},  {0x1EBD, 2, 0, 1270},
    {0x1EBE, 3, 0, 1272},  {0x1EBF, 3, 0, 1275},  {0x1EC0, 3, 0, 1278},
    {0x1EC1, 3, 0, 1281},  {0x1EC2, 3, 0, 1284},  {0x1EC3, 3, 0, 1287},
    {0x1EC4, 3, 0, 1290},  {0x1EC5, 3, 0, 1293},  {0x1EC6, 3, 0, 1296},
    {0x1EC7, 3, 0, 1299},  {0x1EC8, 2, 0, 1302},  {0x1EC9, 2, 0, 1304},
    {0x1ECA, 2, 0, 1306},  {0x1ECB, 2, 0, 1308},  {0x1ECC, 2, 0, 1310},
    {0x1ECD, 2, 0, 1312},  {0x1ECE, 2, 0, 1314},  {0x1ECF, 2, 0, 1316},
    {0x1ED0, 3, 0, 1318},  {0x1ED1, 3, 0, 1321},  {0x1ED2, 3, 0, 1324},
    {0x1ED3, 3, 0, 1327},  {0x1ED4, 3, 0, 1330},  {0x1ED5, 3, 0, 1333},
    {0x1ED6, 3, 0, 1336},  {0x1ED7, 3, 0, 1339},  {0x1ED8, 3, 0, 1342},
    {0x1ED9, 3, 0, 1345},  {0x1EDA, 3, 0, 1348},  {0x1EDB, 3, 0, 1351},
    {0x1EDC, 3, 0, 1354},  {0x1EDD, 3, 0, 1357},  {0x1EDE, 3, 0, 1360},
    {0x1EDF, 3, 0, 1363},  {0x1EE0, 3, 0, 1366},  {0x1EE1, 3, 0, 1369},
    {0x1EE2, 3, 0, 1372},  {0x1EE3, 3, 0, 1375},  {0x1EE4, 2, 0, 1378},
    {0x1EE5, 2, 0, 1380},  {0x1EE6, 2, 0, 1382},  {0x1EE7, 2, 0, 1384},
    {0x1EE8, 3, 0, 1386},  {0x1EE9, 3, 0, 1389},  {0x1EEA, 3, 0, 1392},
    {0x1EEB, 3, 0, 1395},  {0x1EEC, 3, 0, 1398},  {0x1EED, 3, 0, 1401},
    {0x1EEE, 3, 0, 1404},  {0x1EEF, 3, 0, 1407},  {0x1EF0, 3, 0, 1410},
    {0x1EF1, 3, 0, 1413},  {0x1EF2, 2, 0, 1416},  {0x1EF3, 2, 0, 1418},
    {0x1EF4, 2, 0, 1420},  {0x1EF5, 2, 0, 1422},  {0x1EF6, 2, 0, 1424},
    {0x1EF7, 2, 0, 1426},  {0x1EF8, 2, 0, 1428},  {0x1EF9, 2, 0, 1430},
    {0x1F00, 2, 0, 1432},  {0x1F01, 2, 0, 1434},  {0x1F02, 3, 0, 1436},
    {0x1F03, 3, 0, 1439},  {0x1F04, 3, 0, 1442},  {0x1F05, 3, 0, 1445},
    {0x1F06, 3, 0, 1448},  {0x1F07, 3, 0, 1451},  {0x1F08, 2, 0, 1454},
    {0x1F09, 2, 0, 1456},  {0x1F0A, 3, 0, 1458},  {0x1F0B, 3, 0, 1461},
    {0x1F0C, 3, 0, 1464},  {0x1F0D, 3, 0, 1467},  {0x1F0E, 3, 0, 1470},
    {0x1F0F, 3, 0, 1473},  {0x1F10, 2, 0, 1476},  {0x1F11, 2, 0, 1478},
    {0x1F12, 3, 0, 1480},  {0x1F13, 3, 0, 1483},  {0x1F14, 3, 0, 1486},
    {0x1F15, 3, 0, 1489},  {0x1F18, 2, 0, 1492},  {0x1F19, 2, 0, 1494},
    {0x1F1A, 3, 0, 1496},  {0x1F1B, 3, 0, 1499},  {0x1F1C, 3, 0, 1502},
    {0x1F1D, 3, 0, 1505},  {0x1F20, 2, 0, 1508},  {0x1F21, 2, 0, 1510},
    {0x1F22, 3, 0, 1512},  {0x1F23, 3, 0, 1515},  {0x1F24, 3, 0, 1518},
    {0x1F25, 3, 0, 1521},  {0x1F26, 3, 0, 1524},  {0x1F27, 3, 0, 1527},
    {0x1F28, 2, 0, 1530},  {0x1F29, 2, 0, 1532},  {0x1F2A, 3, 0, 1534},
    {0x1F2B, 3, 0, 1537},  {0x1F2C, 3, 0, 1540},  {0x1F2D, 3, 0, 1543},
    {0x1F2E, 3, 0, 1546},  {0x1F2F, 3, 0, 1549},  {0x1F30, 2, 0, 1552},
    {0x1F31, 2, 0, 1554},  {0x1F32, 3, 0, 1556},  {0x1F33, 3, 0, 1559},
    {0x1F34, 3, 0, 1562},  {0x1F35, 3, 0, 1565},  {0x1F36, 3, 0, 1568},
    {0x1F37, 3, 0, 1571},  {0x1F38, 2, 0, 1574},  {0x1F39, 2, 0, 1576},
    {0x1F3A, 3, 0, 1578},  {0x1F3B, 3, 0, 1581},  {0x1F3C, 3, 0, 1584},
    {0x1F3D, 3, 0, 1587},  {0x1F3E, 3, 0, 1590},  {0x1F3F, 3, 0, 1593},
    {0x1F40, 2, 0, 1596},  {0x1F41, 2, 0, 1598},  {0x1F42, 3, 0, 1600},
    {0x1F43, 3, 0, 1603},  {0x1F44, 3, 0, 1606},  {0x1F45, 3, 0, 1609},
    {0x1F48, 2, 0, 1612},  {0x1F49, 2, 0, 1614},  {0x1F4A, 3, 0, 1616},
    {0x1F4B, 3, 0, 1619},  {0x1F4C, 3, 0, 1622},  {0x1F4D, 3, 0, 1625},
    {0x1F50, 2, 0, 1628},  {0x1F51, 2, 0, 1630},  {0x1F52, 3, 0, 1632},
    {0x1F53, 3, 0, 1635},  {0x1F54, 3, 0, 1638},  {0x1F55, 3, 0, 1641},
    {0x1F56, 3, 0, 1644},  {0x1F57, 3, 0, 1647},  {0x1F59, 2, 0, 1650},
    {0x1F5B, 3, 0, 1652},  {0x1F5D, 3, 0, 1655},  {0x1F5F, 3, 0, 1658},
    {0x1F60, 2, 0, 1661},  {0x1F61, 2, 0, 1663},  {0x1F62, 3, 0, 1665},
    {0x1F63, 3, 0, 1668},  {0x1F64, 3, 0, 1671},  {0x1F65, 3, 0, 1674},
    {0x1F66, 3, 0, 1677},  {0x1F67, 3, 0, 1680},  {0x1F68, 2, 0, 1683},
    {0x1F69, 2, 0, 1685},  {0x1F6A, 3, 0, 1687},  {0x1F6B, 3, 0, 1690},
    {0x1F6C, 3, 0, 1693},  {0x1F6D, 3, 0, 1696},  {0x1F6E, 3, 0, 1699},
    {0x1F6F, 3, 0, 1702},  {0x1F70, 2, 0, 1705},  {0x1F71, 2, 0, 557},
    {0x1F72, 2, 0, 1707},  {0x1F73, 2, 0, 559},   {0x1F74, 2, 0, 1709},
    {0x1F75, 2, 0, 561},   {0x1F76, 2, 0, 1711},  {0x1F77, 2, 0, 563},
    {0x1F78, 2, 0, 1713},  {0x1F79, 2, 0, 572},   {0x1F7A, 2, 0, 1715},
    {0x1F7B, 2, 0, 574},   {0x1F7C, 2, 0, 1717},  {0x1F7D, 2, 0, 576},
    {0x1F80, 3, 0, 1719},  {0x1F81, 3, 0, 1722},  {0x1F82, 4, 0, 1725},
    {0x1F83, 4, 0, 1729},  {0x1F84, 4, 0, 1733},  {0x1F85, 4, 0, 1737},
    {0x1F86, 4, 0, 1741},  {0x1F87, 4, 0, 1745},  {0x1F88, 3, 0, 1749},
    {0x1F89, 3, 0, 1752},  {0x1F8A, 4, 0, 1755},  {0x1F8B, 4, 0, 1759},
    {0x1F8C, 4, 0, 1763},  {0x1F8D, 4, 0, 1767},  {0x1F8E, 4, 0, 1771},
    {0x1F8F, 4, 0, 1775},  {0x1F90, 3, 0, 1779},  {0x1F91, 3, 0, 1782},
    {0x1F92, 4, 0, 1785},  {0x1F93, 4, 0, 1789},  {0x1F94, 4, 0, 1793},
    {0x1F95, 4, 0, 1797},  {0x1F96, 4, 0, 1801},  {0x1F97, 4, 0, 1805},
    {0x1F98, 3, 0, 1809},  {0x1F99, 3, 0, 1812},  {0x1F9A, 4, 0, 1815},
    {0x1F9B, 4, 0, 1819},  {0x1F9C, 4, 0, 1823},  {0x1F9D, 4, 0, 1827},
    {0x1F9E, 4, 0, 1831},  {0x1F9F, 4, 0, 1835},  {0x1FA0, 3, 0, 1839},
    {0x1FA1, 3, 0, 1842},  {0x1FA2, 4, 0, 1845},  {0x1FA3, 4, 0, 1849},
    {0x1FA4, 4, 0, 1853},  {0x1FA5, 4, 0, 1857},  {0x1FA6, 4, 0, 1861},
    {0x1FA7, 4, 0, 1865},  {0x1FA8, 3, 0, 1869},  {0x1FA9, 3, 0, 1872},
    {0x1FAA, 4, 0, 1875},  {0x1FAB, 4, 0, 1879},  {0x1FAC, 4, 0, 1883},
    {0x1FAD, 4, 0, 1887},  {0x1FAE, 4, 0, 1891},  {0x1FAF, 4, 0, 1895},
    {0x1FB0, 2, 0, 1899},  {0x1FB1, 2, 0, 1901},  {0x1FB2, 3, 0, 1903},
    {0x1FB3, 2, 0, 1906},  {0x1FB4, 3, 0, 1908},  {0x1FB6, 2, 0, 1911},
    {0x1FB7, 3, 0, 1913},  {0x1FB8, 2, 0, 1916},  {0x1FB9, 2, 0, 1918},
    {0x1FBA, 2, 0, 1920},  {0x1FBB, 2, 0, 535},   {0x1FBC, 2, 0, 1922},
    {0x1FBE, 1, 0, 1924},  {0x1FC1, 2, 0, 1925},  {0x1FC2, 3, 0, 1927},
    {0x1FC3, 2, 0, 1930},  {0x1FC4, 3, 0, 1932},  {0x1FC6, 2, 0, 1935},
    {0x1FC7, 3, 0, 1937},  {0x1FC8, 2, 0, 1940},  {0x1FC9, 2, 0, 538},
    {0x1FCA, 2, 0, 1942},  {0x1FCB, 2, 0, 540},   {0x1FCC, 2, 0, 1944},
    {0x1FCD, 2, 0, 1946},  {0x1FCE, 2, 0, 1948},  {0x1FCF, 2, 0, 1950},
    {0x1FD0, 2, 0, 1952},  {0x1FD1, 2, 0, 1954},  {0x1FD2, 3, 0, 1956},
    {0x1FD3, 3, 0, 550},   {0x1FD6, 2, 0, 1959},  {0x1FD7, 3, 0, 1961},
    {0x1FD8, 2, 0, 1964},  {0x1FD9, 2, 0, 1966},  {0x1FDA, 2, 0, 1968},
    {0x1FDB, 2, 0, 542},   {0x1FDD, 2, 0, 1970},  {0x1FDE, 2, 0, 1972},
    {0x1FDF, 2, 0, 1974},  {0x1FE0, 2, 0, 1976},  {0x1FE1, 2, 0, 1978},
    {0x1FE2, 3, 0, 1980},  {0x1FE3, 3, 0, 565},   {0x1FE4, 2, 0, 1983},
    {0x1FE5, 2, 0, 1985},  {0x1FE6, 2, 0, 1987},  {0x1FE7, 3, 0, 1989},
    {0x1FE8, 2, 0, 1992},  {0x1FE9, 2, 0, 1994},  {0x1FEA, 2, 0, 1996},
    {0x1FEB, 2, 0, 546},   {0x1FEC, 2, 0, 1998},  {0x1FED, 2, 0, 2000},
    {0x1FEE, 2, 0, 533},   {0x1FEF, 1, 0, 2002},  {0x1FF2, 3, 0, 2003},
    {0x1FF3, 2, 0, 2006},  {0x1FF4, 3, 0, 2008},  {0x1FF6, 2, 0, 2011},
    {0x1FF7, 3, 0, 2013},  {0x1FF8, 2, 0, 2016},  {0x1FF9, 2, 0, 544},
    {0x1FFA, 2, 0, 2018},  {0x1FFB, 2, 0, 548},   {0x1FFC, 2, 0, 2020},
    {0x1FFD, 1, 0, 2022},  {0x2000, 1, 0, 2023},  {0x2001, 1, 0, 2024},
    {0x2126, 1, 0, 2025},  {0x212A, 1, 0, 2026},  {0x212B, 2, 0, 10},
    {0x219A, 2, 0, 2027},  {0x219B, 2, 0, 2029},  {0x21AE, 2, 0, 2031},
    {0x21CD, 2, 0, 2033},  {0x21CE, 2, 0, 2035},  {0x21CF, 2, 0, 2037},
    {0x2204, 2, 0, 2039},  {0x2209, 2, 0, 2041},  {0x220C, 2, 0, 2043},
    {0x2224, 2, 0, 2045},  {0x2226, 2, 0, 2047},  {0x2241, 2, 0, 2049},
    {0x2244, 2, 0, 2051},  {0x2247, 2, 0, 2053},  {0x2249, 2, 0, 2055},
    {0x2260, 2, 0, 2057},  {0x2262, 2, 0, 2059},  {0x226D, 2, 0, 2061},
    {0x226E, 2, 0, 2063},  {0x226F, 2, 0, 2065},  {0x2270, 2, 0, 2067},
    {0x2271, 2, 0, 2069},  {0x2274, 2, 0, 2071},  {0x2275, 2, 0, 2073},
    {0x2278, 2, 0, 2075},  {0x2279, 2, 0, 2077},  {0x2280, 2, 0, 2079},
    {0x2281, 2, 0, 2081},  {0x2284, 2, 0, 2083},  {0x2285, 2, 0, 2085},
    {0x2288, 2, 0, 2087},  {0x2289, 2, 0, 2089},  {0x22AC, 2, 0, 2091},
    {0x22AD, 2, 0, 2093},  {0x22AE, 2, 0, 2095},  {0x22AF, 2, 0, 2097},
    {0x22E0, 2, 0, 2099},  {0x22E1, 2, 0, 2101},  {0x22E2, 2, 0, 2103},
    {0x22E3, 2, 0, 2105},  {0x22EA, 2, 0, 2107},  {0x22EB, 2, 0, 2109},
    {0x22EC, 2, 0, 2111},  {0x22ED, 2, 0, 2113},  {0x2329, 1, 0, 2115},
    {0x232A, 1, 0, 2116},  {0x2ADC, 2, 0, 2117},  {0x304C, 2, 0, 2119},
    {0x304E, 2, 0, 2121},  {0x3050, 2, 0, 2123},  {0x3052, 2, 0, 2125},
    {0x3054, 2, 0, 2127},  {0x3056, 2, 0, 2129},  {0x3058, 2, 0, 2131},
    {0x305A, 2, 0, 2133},  {0x305C, 2, 0, 2135},  {0x305E, 2, 0, 2137},
    {0x3060, 2, 0, 2139},  {0x3062, 2, 0, 2141},  {0x3065, 2, 0, 2143},
    {0x3067, 2, 0, 2145},  {0x3069, 2, 0, 2147},  {0x3070, 2, 0, 2149},
    {0x3071, 2, 0, 2151},  {0x3073, 2, 0, 2153},  {0x3074, 2, 0, 2155},
    {0x3076, 2, 0, 2157},  {0x3077, 2, 0, 2159},  {0x3079, 2, 0, 2161},
    {0x307A, 2, 0, 2163},  {0x307C, 2, 0, 2165},  {0x307D, 2, 0, 2167},
    {0x3094, 2, 0, 2169},  {0x309E, 2, 0, 2171},  {0x30AC, 2, 0, 2173},
    {0x30AE, 2, 0, 2175},  {0x30B0, 2, 0, 2177},  {0x30B2, 2, 0, 2179},
    {0x30B4, 2, 0, 2181},  {0x30B6, 2, 0, 2183},  {0x30B8, 2, 0, 2185},
    {0x30BA, 2, 0, 2187},  {0x30BC, 2, 0, 2189},  {0x30BE, 2, 0, 2191},
    {0x30C0, 2, 0, 2193},  {0x30C2, 2, 0, 2195},  {0x30C5, 2, 0, 2197},
    {0x30C7, 2, 0, 2199},  {0x30C9, 2, 0, 2201},  {0x30D0, 2, 0, 2203},
    {0x30D1, 2, 0, 2205},  {0x30D3, 2, 0, 2207},  {0x30D4, 2, 0, 2209},
    {0x30D6, 2, 0, 2211},  {0x30D7, 2, 0, 2213},  {0x30D9, 2, 0, 2215},
    {0x30DA, 2, 0, 2217},  {0x30DC, 2, 0, 2219},  {0x30DD, 2, 0, 2221},
    {0x30F4, 2, 0, 2223},  {0x30F7, 2, 0, 2225},  {0x30F8, 2, 0, 2227},
    {0x30F9, 2, 0, 2229},  {0x30FA, 2, 0, 2231},  {0x30FE, 2, 0, 2233},
    {0xF900, 1, 0, 2235},  {0xF901, 1, 0, 2236},  {0xF902, 1, 0, 2237},
    {0xF903, 1, 0, 2238},  {0xF904, 1, 0, 2239},  {0xF905, 1, 0, 2240},
    {0xF906, 1, 0, 2241},  {0xF907, 1, 0, 2242},  {0xF908, 1, 0, 2242},
    {0xF909, 1, 0, 2243},  {0xF90A, 1, 0, 2244},  {0xF90B, 1, 0, 2245},
    {0xF90C, 1, 0, 2246},  {0xF90D, 1, 0, 2247},  {0xF90E, 1, 0, 2248},
    {0xF90F, 1, 0, 2249},  {0xF910, 1, 0, 2250},  {0xF911, 1, 0, 2251},
    {0xF912, 1, 0, 2252},  {0xF913, 1, 0, 2253},  {0xF914, 1, 0, 2254},
    {0xF915, 1, 0, 2255},  {0xF916, 1, 0, 2256},  {0xF917, 1, 0, 2257},
    {0xF918, 1, 0, 2258},  {0xF919, 1, 0, 2259},  {0xF91A, 1, 0, 2260},
    {0xF91B, 1, 0, 2261},  {0xF91C, 1, 0, 2262},  {0xF91D, 1, 0, 2263},
    {0xF91E, 1, 0, 2264},  {0xF91F, 1, 0, 2265},  {0xF920, 1, 0, 2266},
    {0xF921, 1, 0, 2267},  {0xF922, 1, 0, 2268},  {0xF923, 1, 0, 2269},
    {0xF924, 1, 0, 2270},  {0xF925, 1, 0, 2271},  {0xF926, 1, 0, 2272},
    {0xF927, 1, 0, 2273},  {0xF928, 1, 0, 2274},  {0xF929, 1, 0, 2275},
    {0xF92A, 1, 0, 2276},  {0xF92B, 1, 0, 2277},  {0xF92C, 1, 0, 2278},
    {0xF92D, 1, 0, 2279},  {0xF92E, 1, 0, 2280},  {0xF92F, 1, 0, 2281},
    {0xF930, 1, 0, 2282},  {0xF931, 1, 0, 2283},  {0xF932, 1, 0, 2284},
    {0xF933, 1, 0, 2285},  {0xF934, 1, 0, 2286},  {0xF935, 1, 0, 2287},
    {0xF936, 1, 0, 2288},  {0xF937, 1, 0, 2289},  {0xF938, 1, 0, 2290},
    {0xF939, 1, 0, 2291},  {0xF93A, 1, 0, 2292},  {0xF93B, 1, 0, 2293},
    {0xF93C, 1, 0, 2294},  {0xF93D, 1, 0, 2295},  {0xF93E, 1, 0, 2296},
    {0xF93F, 1, 0, 2297},  {0xF940, 1, 0, 2298},  {0xF941, 1, 0, 2299},
    {0xF942, 1, 0, 2300},  {0xF943, 1, 0, 2301},  {0xF944, 1, 0, 2302},
    {0xF945, 1, 0, 2303},  {0xF946, 1, 0, 2304},  {0xF947, 1, 0, 2305},
    {0xF948, 1, 0, 2306},  {0xF949, 1, 0, 2307},  {0xF94A, 1, 0, 2308},
    {0xF94B, 1, 0, 2309},  {0xF94C, 1, 0, 2310},  {0xF94D, 1, 0, 2311},
    {0xF94E, 1, 0, 2312},  {0xF94F, 1, 0, 2313},  {0xF950, 1, 0, 2314},
    {0xF951, 1, 0, 2315},  {0xF952, 1, 0, 2316},  {0xF953, 1, 0, 2317},
    {0xF954, 1, 0, 2318},  {0xF955, 1, 0, 2319},  {0xF956, 1, 0, 2320},
    {0xF957, 1, 0, 2321},  {0xF958, 1, 0, 2322},  {0xF959, 1, 0, 2323},
    {0xF95A, 1, 0, 2324},  {0xF95B, 1, 0, 2325},  {0xF95C, 1, 0, 2254},
    {0xF95D, 1, 0, 2326},  {0xF95E, 1, 0, 2327},  {0xF95F, 1, 0, 2328},
    {0xF960, 1, 0, 2329},  {0xF961, 1, 0, 2330},  {0xF962, 1, 0, 2331},
    {0xF963, 1, 0, 2332},  {0xF964, 1, 0, 2333},  {0xF965, 1, 0, 2334},
    {0xF966, 1, 0, 2335},  {0xF967, 1, 0, 2336},  {0xF968, 1, 0, 2337},
    {0xF969, 1, 0, 2338},  {0xF96A, 1, 0, 2339},  {0xF96B, 1, 0, 2340},
    {0xF96C, 1, 0, 2341},  {0xF96D, 1, 0, 2342},  {0xF96E, 1, 0, 2343},
    {0xF96F, 1, 0, 2344},  {0xF970, 1, 0, 2345},  {0xF971, 1, 0, 2346},
    {0xF972, 1, 0, 2347},  {0xF973, 1, 0, 2348},  {0xF974, 1, 0, 2349},
    {0xF975, 1, 0, 2350},  {0xF976, 1, 0, 2351},  {0xF977, 1, 0, 2352},
    {0xF978, 1, 0, 2353},  {0xF979, 1, 0, 2354},  {0xF97A, 1, 0, 2355},
    {0xF97B, 1, 0, 2356},  {0xF97C, 1, 0, 2357},  {0xF97D, 1, 0, 2358},
    {0xF97E, 1, 0, 2359},  {0xF97F, 1, 0, 2360},  {0xF980, 1, 0, 2361},
    {0xF981, 1, 0, 2362},  {0xF982, 1, 0, 2363},  {0xF983, 1, 0, 2364},
    {0xF984, 1, 0, 2365},  {0xF985, 1, 0, 2366},  {0xF986, 1, 0, 2367},
    {0xF987, 1, 0, 2368},  {0xF988, 1, 0, 2369},  {0xF989, 1, 0, 2370},
    {0xF98A, 1, 0, 2371},  {0xF98B, 1, 0, 2372},  {0xF98C, 1, 0, 2373},
    {0xF98D, 1, 0, 2374},  {0xF98E, 1, 0, 2375},  {0xF98F, 1, 0, 2376},
    {0xF990, 1, 0, 2377},  {0xF991, 1, 0, 2378},  {0xF992, 1, 0, 2379},
    {0xF993, 1, 0, 2380},  {0xF994, 1, 0, 2381},  {0xF995, 1, 0, 2382},
    {0xF996, 1, 0, 2383},  {0xF997, 1, 0, 2384},  {0xF998, 1, 0, 2385},
    {0xF999, 1, 0, 2386},  {0xF99A, 1, 0, 2387},  {0xF99B, 1, 0, 2388},
    {0xF99C, 1, 0, 2389},  {0xF99D, 1, 0, 2390},  {0xF99E, 1, 0, 2391},
    {0xF99F, 1, 0, 2392},  {0xF9A0, 1, 0, 2393},  {0xF9A1, 1, 0, 2344},
    {0xF9A2, 1, 0, 2394},  {0xF9A3, 1, 0, 2395},  {0xF9A4, 1, 0, 2396},
    {0xF9A5, 1, 0, 2397},  {0xF9A6, 1, 0, 2398},  {0xF9A7, 1, 0, 2399},
    {0xF9A8, 1, 0, 2400},  {0xF9A9, 1, 0, 2401},  {0xF9AA, 1, 0, 2328},
    {0xF9AB, 1, 0, 2402},  {0xF9AC, 1, 0, 2403},  {0xF9AD, 1, 0, 2404},
    {0xF9AE, 1, 0, 2405},  {0xF9AF, 1, 0, 2406},  {0xF9B0, 1, 0, 2407},
    {0xF9B1, 1, 0, 2408},  {0xF9B2, 1, 0, 2409},  {0xF9B3, 1, 0, 2410},
    {0xF9B4, 1, 0, 2411},  {0xF9B5, 1, 0, 2412},  {0xF9B6, 1, 0, 2413},
    {0xF9B7, 1, 0, 2414},  {0xF9B8, 1, 0, 2415},  {0xF9B9, 1, 0, 2416},
    {0xF9BA, 1, 0, 2417},  {0xF9BB, 1, 0, 2418},  {0xF9BC, 1, 0, 2419},
    {0xF9BD, 1, 0, 2420},  {0xF9BE, 1, 0, 2421},  {0xF9BF, 1, 0, 2254},
    {0xF9C0, 1, 0, 2422},  {0xF9C1, 1, 0, 2423},  {0xF9C2, 1, 0, 2424},
    {0xF9C3, 1, 0, 2425},  {0xF9C4, 1, 0, 2426},  {0xF9C5, 1, 0, 2427},
    {0xF9C6, 1, 0, 2428},  {0xF9C7, 1, 0, 2429},  {0xF9C8, 1, 0, 2430},
    {0xF9C9, 1, 0, 2431},  {0xF9CA, 1, 0, 2432},  {0xF9CB, 1, 0, 2433},
    {0xF9CC, 1, 0, 2434},  {0xF9CD, 1, 0, 2435},  {0xF9CE, 1, 0, 2436},
    {0xF9CF, 1, 0, 2437},  {0xF9D0, 1, 0, 2438},  {0xF9D1, 1, 0, 2439},
    {0xF9D2, 1, 0, 2440},  {0xF9D3, 1, 0, 2441},  {0xF9D4, 1, 0, 2442},
    {0xF9D5, 1, 0, 2443},  {0xF9D6, 1, 0, 2444},  {0xF9D7, 1, 0, 2445},
    {0xF9D8, 1, 0, 2446},  {0xF9D9, 1, 0, 2447},  {0xF9DA, 1, 0, 2448},
    {0xF9DB, 1, 0, 2330},  {0xF9DC, 1, 0, 2449},  {0xF9DD, 1, 0, 2450},
    {0xF9DE, 1, 0, 2451},  {0xF9DF, 1, 0, 2452},  {0xF9E0, 1, 0, 2453},
    {0xF9E1, 1, 0, 2454},  {0xF9E2, 1, 0, 2455},  {0xF9E3, 1, 0, 2456},
    {0xF9E4, 1, 0, 2457},  {0xF9E5, 1, 0, 2458},  {0xF9E6, 1, 0, 2459},
    {0xF9E7, 1, 0, 2460},  {0xF9E8, 1, 0, 2461},  {0xF9E9, 1, 0, 2462},
    {0xF9EA, 1, 0, 2463},  {0xF9EB, 1, 0, 2464},  {0xF9EC, 1, 0, 2465},
    {0xF9ED, 1, 0, 2466},  {0xF9EE, 1, 0, 2467},  {0xF9EF, 1, 0, 2468},
    {0xF9F0, 1, 0, 2469},  {0xF9F1, 1, 0, 2470},  {0xF9F2, 1, 0, 2471},
    {0xF9F3, 1, 0, 2472},  {0xF9F4, 1, 0, 2473},  {0xF9F5, 1, 0, 2474},
    {0xF9F6, 1, 0, 2475},  {0xF9F7, 1, 0, 2476},  {0xF9F8, 1, 0, 2477},
    {0xF9F9, 1, 0, 2478},  {0xF9FA, 1, 0, 2479},  {0xF9FB, 1, 0, 2480},
    {0xF9FC, 1, 0, 2481},  {0xF9FD, 1, 0, 2482},  {0xF9FE, 1, 0, 2483},
    {0xF9FF, 1, 0, 2484},  {0xFA00, 1, 0, 2485},  {0xFA01, 1, 0, 2486},
    {0xFA02, 1, 0, 2487},  {0xFA03, 1, 0, 2488},  {0xFA04, 1, 0, 2489},
    {0xFA05, 1, 0, 2490},  {0xFA06, 1, 0, 2491},  {0xFA07, 1, 0, 2492},
    {0xFA08, 1, 0, 2493},  {0xFA09, 1, 0, 2494},  {0xFA0A, 1, 0, 2495},
    {0xFA0B, 1, 0, 2496},  {0xFA0C, 1, 0, 2497},  {0xFA0D, 1, 0, 2498},
    {0xFA10, 1, 0, 2499},  {0xFA12, 1, 0, 2500},  {0xFA15, 1, 0, 2501},
    {0xFA16, 1, 0, 2502},  {0xFA17, 1, 0, 2503},  {0xFA18, 1, 0, 2504},
    {0xFA19, 1, 0, 2505},  {0xFA1A, 1, 0, 2506},  {0xFA1B, 1, 0, 2507},
    {0xFA1C, 1, 0, 2508},  {0xFA1D, 1, 0, 2509},  {0xFA1E, 1, 0, 2510},
    {0xFA20, 1, 0, 2511},  {0xFA22, 1, 0, 2512},  {0xFA25, 1, 0, 2513},
    {0xFA26, 1, 0, 2514},  {0xFA2A, 1, 0, 2515},  {0xFA2B, 1, 0, 2516},
    {0xFA2C, 1, 0, 2517},  {0xFA2D, 1, 0, 2518},  {0xFA2E, 1, 0, 2519},
    {0xFA2F, 1, 0, 2520},  {0xFA30, 1, 0, 2521},  {0xFA31, 1, 0, 2522},
    {0xFA32, 1, 0, 2523},  {0xFA33, 1, 0, 2524},  {0xFA34, 1, 0, 2525},
    {0xFA35, 1, 0, 2526},  {0xFA36, 1, 0, 2527},  {0xFA37, 1, 0, 2528},
    {0xFA38, 1, 0, 2529},  {0xFA39, 1, 0, 2530},  {0xFA3A, 1, 0, 2531},
    {0xFA3B, 1, 0, 2532},  {0xFA3C, 1, 0, 2533},  {0xFA3D, 1, 0, 2534},
    {0xFA3E, 1, 0, 2535},  {0xFA3F, 1, 0, 2536},  {0xFA40, 1, 0, 2537},
    {0xFA41, 1, 0, 2538},  {0xFA42, 1, 0, 2539},  {0xFA43, 1, 0, 2540},
    {0xFA44, 1, 0, 2541},  {0xFA45, 1, 0, 2542},  {0xFA46, 1, 0, 2543},
    {0xFA47, 1, 0, 2544},  {0xFA48, 1, 0, 2545},  {0xFA49, 1, 0, 2546},
    {0xFA4A, 1, 0, 2547},  {0xFA4B, 1, 0, 2548},  {0xFA4C, 1, 0, 2549},
    {0xFA4D, 1, 0, 2550},  {0xFA4E, 1, 0, 2551},  {0xFA4F, 1, 0, 2552},
    {0xFA50, 1, 0, 2553},  {0xFA51, 1, 0, 2554},  {0xFA52, 1, 0, 2555},
    {0xFA53, 1, 0, 2556},  {0xFA54, 1, 0, 2557},  {0xFA55, 1, 0, 2558},
    {0xFA56, 1, 0, 2559},  {0xFA57, 1, 0, 2383},  {0xFA58, 1, 0, 2560},
    {0xFA59, 1, 0, 2561},  {0xFA5A, 1, 0, 2562},  {0xFA5B, 1, 0, 2563},
    {0xFA5C, 1, 0, 2564},  {0xFA5D, 1, 0, 2565},  {0xFA5E, 1, 0, 2565},
    {0xFA5F, 1, 0, 2566},  {0xFA60, 1, 0, 2567},  {0xFA61, 1, 0, 2568},
    {0xFA62, 1, 0, 2569},  {0xFA63, 1, 0, 2570},  {0xFA64, 1, 0, 2571},
    {0xFA65, 1, 0, 2572},  {0xFA66, 1, 0, 2573},  {0xFA67, 1, 0, 2513},
    {0xFA68, 1, 0, 2574},  {0xFA69, 1, 0, 2575},  {0xFA6A, 1, 0, 2576},
    {0xFA6B, 1, 0, 2577},  {0xFA6C, 1, 1, 0},     {0xFA6D, 1, 0, 2578},
    {0xFA70, 1, 0, 2579},  {0xFA71, 1, 0, 2580},  {0xFA72, 1, 0, 2581},
    {0xFA73, 1, 0, 2582},  {0xFA74, 1, 0, 2583},  {0xFA75, 1, 0, 2584},
    {0xFA76, 1, 0, 2585},  {0xFA77, 1, 0, 2586},  {0xFA78, 1, 0, 2527},
    {0xFA79, 1, 0, 2587},  {0xFA7A, 1, 0, 2588},  {0xFA7B, 1, 0, 2589},
    {0xFA7C, 1, 0, 2499},  {0xFA7D, 1, 0, 2590},  {0xFA7E, 1, 0, 2591},
    {0xFA7F, 1, 0, 2592},  {0xFA80, 1, 0, 2593},  {0xFA81, 1, 0, 2594},
    {0xFA82, 1, 0, 2595},  {0xFA83, 1, 0, 2596},  {0xFA84, 1, 0, 2597},
    {0xFA85, 1, 0, 2598},  {0xFA86, 1, 0, 2599},  {0xFA87, 1, 0, 2600},
    {0xFA88, 1, 0, 2601},  {0xFA89, 1, 0, 2536},  {0xFA8A, 1, 0, 2602},
    {0xFA8B, 1, 0, 2537},  {0xFA8C, 1, 0, 2603},  {0xFA8D, 1, 0, 2604},
    {0xFA8E, 1, 0, 2605},  {0xFA8F, 1, 0, 2606},  {0xFA90, 1, 0, 2607},
    {0xFA91, 1, 0, 2500},  {0xFA92, 1, 0, 2275},  {0xFA93, 1, 0, 2608},
    {0xFA94, 1, 0, 2609},  {0xFA95, 1, 0, 2610},  {0xFA96, 1, 0, 2345},
    {0xFA97, 1, 0, 2432},  {0xFA98, 1, 0, 2611},  {0xFA99, 1, 0, 2612},
    {0xFA9A, 1, 0, 2544},  {0xFA9B, 1, 0, 2613},  {0xFA9C, 1, 0, 2545},
    {0xFA9D, 1, 0, 2614},  {0xFA9E, 1, 0, 2615},  {0xFA9F, 1, 0, 2616},
    {0xFAA0, 1, 0, 2502},  {0xFAA1, 1, 0, 2617},  {0xFAA2, 1, 0, 2618},
    {0xFAA3, 1, 0, 2619},  {0xFAA4, 1, 0, 2620},  {0xFAA5, 1, 0, 2621},
    {0xFAA6, 1, 0, 2503},  {0xFAA7, 1, 0, 2622},  {0xFAA8, 1, 0, 2623},
    {0xFAA9, 1, 0, 2624},  {0xFAAA, 1, 0, 2625},  {0xFAAB, 1, 0, 2626},
    {0xFAAC, 1, 0, 2627},  {0xFAAD, 1, 0, 2559},  {0xFAAE, 1, 0, 2628},
    {0xFAAF, 1, 0, 2629},  {0xFAB0, 1, 0, 2383},  {0xFAB1, 1, 0, 2630},
    {0xFAB2, 1, 0, 2563},  {0xFAB3, 1, 0, 2631},  {0xFAB4, 1, 0, 2632},
    {0xFAB5, 1, 0, 2633},  {0xFAB6, 1, 0, 2634},  {0xFAB7, 1, 0, 2635},
    {0xFAB8, 1, 0, 2568},  {0xFAB9, 1, 0, 2636},  {0xFABA, 1, 0, 2512},
    {0xFABB, 1, 0, 2637},  {0xFABC, 1, 0, 2569},  {0xFABD, 1, 0, 2326},
    {0xFABE, 1, 0, 2638},  {0xFABF, 1, 0, 2570},  {0xFAC0, 1, 0, 2639},
    {0xFAC1, 1, 0, 2572},  {0xFAC2, 1, 0, 2640},  {0xFAC3, 1, 0, 2641},
    {0xFAC4, 1, 0, 2642},  {0xFAC5, 1, 0, 2643},  {0xFAC6, 1, 0, 2644},
    {0xFAC7, 1, 0, 2574},  {0xFAC8, 1, 0, 2508},  {0xFAC9, 1, 0, 2645},
    {0xFACA, 1, 0, 2575},  {0xFACB, 1, 0, 2646},  {0xFACC, 1, 0, 2576},
    {0xFACD, 1, 0, 2647},  {0xFACE, 1, 0, 2242},  {0xFACF, 1, 1, 1},
    {0xFAD0, 1, 1, 2},     {0xFAD1, 1, 1, 3},     {0xFAD2, 1, 0, 2648},
    {0xFAD3, 1, 0, 2649},  {0xFAD4, 1, 0, 2650},  {0xFAD5, 1, 1, 4},
    {0xFAD6, 1, 1, 5},     {0xFAD7, 1, 1, 6},     {0xFAD8, 1, 0, 2651},
    {0xFAD9, 1, 0, 2652},  {0xFB1D, 2, 0, 2653},  {0xFB1F, 2, 0, 2655},
    {0xFB2A, 2, 0, 2657},  {0xFB2B, 2, 0, 2659},  {0xFB2C, 3, 0, 2661},
    {0xFB2D, 3, 0, 2664},  {0xFB2E, 2, 0, 2667},  {0xFB2F, 2, 0, 2669},
    {0xFB30, 2, 0, 2671},  {0xFB31, 2, 0, 2673},  {0xFB32, 2, 0, 2675},
    {0xFB33, 2, 0, 2677},  {0xFB34, 2, 0, 2679},  {0xFB35, 2, 0, 2681},
    {0xFB36, 2, 0, 2683},  {0xFB38, 2, 0, 2685},  {0xFB39, 2, 0, 2687},
    {0xFB3A, 2, 0, 2689},  {0xFB3B, 2, 0, 2691},  {0xFB3C, 2, 0, 2693},
    {0xFB3E, 2, 0, 2695},  {0xFB40, 2, 0, 2697},  {0xFB41, 2, 0, 2699},
    {0xFB43, 2, 0, 2701},  {0xFB44, 2, 0, 2703},  {0xFB46, 2, 0, 2705},
    {0xFB47, 2, 0, 2707},  {0xFB48, 2, 0, 2709},  {0xFB49, 2, 0, 2711},
    {0xFB4A, 2, 0, 2713},  {0xFB4B, 2, 0, 2715},  {0xFB4C, 2, 0, 2717},
    {0xFB4D, 2, 0, 2719},  {0xFB4E, 2, 0, 2721},  {0x105C9, 2, 1, 7},
    {0x105E4, 2, 1, 9},    {0x1109A, 2, 1, 11},   {0x1109C, 2, 1, 13},
    {0x110AB, 2, 1, 15},   {0x1112E, 2, 1, 17},   {0x1112F, 2, 1, 19},
    {0x1134B, 2, 1, 21},   {0x1134C, 2, 1, 23},   {0x11383, 2, 1, 25},
    {0x11385, 2, 1, 27},   {0x1138E, 2, 1, 29},   {0x11391, 2, 1, 31},
    {0x113C5, 2, 1, 33},   {0x113C7, 2, 1, 35},   {0x113C8, 2, 1, 37},
    {0x114BB, 2, 1, 39},   {0x114BC, 2, 1, 41},   {0x114BE, 2, 1, 43},
    {0x115BA, 2, 1, 45},   {0x115BB, 2, 1, 47},   {0x11938, 2, 1, 49},
    {0x16121, 2, 1, 51},   {0x16122, 2, 1, 53},   {0x16123, 2, 1, 55},
    {0x16124, 2, 1, 57},   {0x16125, 2, 1, 59},   {0x16126, 3, 1, 61},
    {0x16127, 3, 1, 64},   {0x16128, 3, 1, 67},   {0x16D68, 2, 1, 70},
    {0x16D69, 2, 1, 72},   {0x16D6A, 3, 1, 74},   {0x1D15E, 2, 1, 77},
    {0x1D15F, 2, 1, 79},   {0x1D160, 3, 1, 81},   {0x1D161, 3, 1, 84},
    {0x1D162, 3, 1, 87},   {0x1D163, 3, 1, 90},   {0x1D164, 3, 1, 93},
    {0x1D1BB, 2, 1, 96},   {0x1D1BC, 2, 1, 98},   {0x1D1BD, 3, 1, 100},
    {0x1D1BE, 3, 1, 103},  {0x1D1BF, 3, 1, 106},  {0x1D1C0, 3, 1, 109},
    {0x2F800, 1, 0, 2723}, {0x2F801, 1, 0, 2724}, {0x2F802, 1, 0, 2725},
    {0x2F803, 1, 1, 112},  {0x2F804, 1, 0, 2726}, {0x2F805, 1, 0, 2521},
    {0x2F806, 1, 0, 2727}, {0x2F807, 1, 0, 2728}, {0x2F808, 1, 0, 2729},
    {0x2F809, 1, 0, 2730}, {0x2F80A, 1, 0, 2522}, {0x2F80B, 1, 0, 2731},
    {0x2F80C, 1, 0, 2732}, {0x2F80D, 1, 1, 113},  {0x2F80E, 1, 0, 2523},
    {0x2F80F, 1, 0, 2733}, {0x2F810, 1, 0, 2734}, {0x2F811, 1, 0, 2735},
    {0x2F812, 1, 1, 114},  {0x2F813, 1, 0, 2736}, {0x2F814, 1, 0, 2737},
    {0x2F815, 1, 0, 2738}, {0x2F816, 1, 1, 115},  {0x2F817, 1, 0, 2739},
    {0x2F818, 1, 0, 2740}, {0x2F819, 1, 0, 2741}, {0x2F81A, 1, 0, 2742},
    {0x2F81B, 1, 0, 2580}, {0x2F81C, 1, 1, 116},  {0x2F81D, 1, 0, 2743},
    {0x2F81E, 1, 0, 2744}, {0x2F81F, 1, 0, 2745}, {0x2F820, 1, 0, 2746},
    {0x2F821, 1, 0, 2747}, {0x2F822, 1, 0, 2748}, {0x2F823, 1, 0, 2749},
    {0x2F824, 1, 0, 2750}, {0x2F825, 1, 0, 2585}, {0x2F826, 1, 0, 2524},
    {0x2F827, 1, 0, 2525}, {0x2F828, 1, 0, 2586}, {0x2F829, 1, 0, 2751},
    {0x2F82A, 1, 0, 2752}, {0x2F82B, 1, 0, 2332}, {0x2F82C, 1, 0, 2753},
    {0x2F82D, 1, 0, 2526}, {0x2F82E, 1, 0, 2754}, {0x2F82F, 1, 0, 2755},
    {0x2F830, 1, 0, 2756}, {0x2F831, 1, 0, 2757}, {0x2F832, 1, 0, 2757},
    {0x2F833, 1, 0, 2757}, {0x2F834, 1, 1, 117},  {0x2F835, 1, 0, 2758},
    {0x2F836, 1, 0, 2759}, {0x2F837, 1, 0, 2760}, {0x2F838, 1, 1, 118},
    {0x2F839, 1, 0, 2761}, {0x2F83A, 1, 0, 2762}, {0x2F83B, 1, 0, 2763},
    {0x2F83C, 1, 0, 2764}, {0x2F83D, 1, 0, 2765}, {0x2F83E, 1, 0, 2766},
    {0x2F83F, 1, 0, 2767}, {0x2F840, 1, 0, 2768}, {0x2F841, 1, 0, 2769},
    {0x2F842, 1, 0, 2770}, {0x2F843, 1, 0, 2771}, {0x2F844, 1, 0, 2772},
    {0x2F845, 1, 0, 2773}, {0x2F846, 1, 0, 2773}, {0x2F847, 1, 0, 2588},
    {0x2F848, 1, 0, 2774}, {0x2F849, 1, 0, 2775}, {0x2F84A, 1, 0, 2776},
    {0x2F84B, 1, 0, 2777}, {0x2F84C, 1, 0, 2528}, {0x2F84D, 1, 0, 2778},
    {0x2F84E, 1, 0, 2779}, {0x2F84F, 1, 0, 2780}, {0x2F850, 1, 0, 2485},
    {0x2F851, 1, 0, 2781}, {0x2F852, 1, 0, 2782}, {0x2F853, 1, 0, 2783},
    {0x2F854, 1, 0, 2784}, {0x2F855, 1, 0, 2785}, {0x2F856, 1, 0, 2786},
    {0x2F857, 1, 0, 2787}, {0x2F858, 1, 0, 2788}, {0x2F859, 1, 1, 119},
    {0x2F85A, 1, 0, 2789}, {0x2F85B, 1, 0, 2790}, {0x2F85C, 1, 0, 2791},
    {0x2F85D, 1, 0, 2792}, {0x2F85E, 1, 0, 2793}, {0x2F85F, 1, 0, 2794},
    {0x2F860, 1, 1, 120},  {0x2F861, 1, 1, 121},  {0x2F862, 1, 0, 2795},
    {0x2F863, 1, 0, 2796}, {0x2F864, 1, 0, 2797}, {0x2F865, 1, 0, 2798},
    {0x2F866, 1, 0, 2799}, {0x2F867, 1, 0, 2800}, {0x2F868, 1, 0, 2801},
    {0x2F869, 1, 0, 2802}, {0x2F86A, 1, 0, 2803}, {0x2F86B, 1, 0, 2803},
    {0x2F86C, 1, 1, 122},  {0x2F86D, 1, 0, 2804}, {0x2F86E, 1, 0, 2805},
    {0x2F86F, 1, 0, 2328}, {0x2F870, 1, 0, 2806}, {0x2F871, 1, 1, 123},
    {0x2F872, 1, 0, 2807}, {0x2F873, 1, 0, 2808}, {0x2F874, 1, 0, 2809},
    {0x2F875, 1, 0, 2810}, {0x2F876, 1, 0, 2811}, {0x2F877, 1, 0, 2812},
    {0x2F878, 1, 0, 2533}, {0x2F879, 1, 0, 2813}, {0x2F87A, 1, 0, 2814},
    {0x2F87B, 1, 1, 124},  {0x2F87C, 1, 0, 2815}, {0x2F87D, 1, 1, 125},
    {0x2F87E, 1, 0, 2816}, {0x2F87F, 1, 0, 2817}, {0x2F880, 1, 0, 2818},
    {0x2F881, 1, 0, 2819}, {0x2F882, 1, 0, 2820}, {0x2F883, 1, 0, 2821},
    {0x2F884, 1, 0, 2822}, {0x2F885, 1, 0, 2823}, {0x2F886, 1, 0, 2824},
    {0x2F887, 1, 0, 2825}, {0x2F888, 1, 0, 2826}, {0x2F889, 1, 1, 126},
    {0x2F88A, 1, 0, 2827}, {0x2F88B, 1, 0, 2828}, {0x2F88C, 1, 0, 2829},
    {0x2F88D, 1, 0, 2830}, {0x2F88E, 1, 0, 2274}, {0x2F88F, 1, 1, 127},
    {0x2F890, 1, 0, 2831}, {0x2F891, 1, 1, 128},  {0x2F892, 1, 1, 128},
    {0x2F893, 1, 0, 2832}, {0x2F894, 1, 0, 2833}, {0x2F895, 1, 0, 2833},
    {0x2F896, 1, 0, 2834}, {0x2F897, 1, 1, 129},  {0x2F898, 1, 1, 130},
    {0x2F899, 1, 0, 2835}, {0x2F89A, 1, 0, 2836}, {0x2F89B, 1, 0, 2837},
    {0x2F89C, 1, 0, 2838}, {0x2F89D, 1, 0, 2839}, {0x2F89E, 1, 0, 2840},
    {0x2F89F, 1, 0, 2841}, {0x2F8A0, 1, 0, 2842}, {0x2F8A1, 1, 0, 2843},
    {0x2F8A2, 1, 0, 2844}, {0x2F8A3, 1, 0, 2534}, {0x2F8A4, 1, 1, 131},
    {0x2F8A5, 1, 0, 2845}, {0x2F8A6, 1, 0, 2846}, {0x2F8A7, 1, 0, 2847},
    {0x2F8A8, 1, 0, 2600}, {0x2F8A9, 1, 0, 2847}, {0x2F8AA, 1, 0, 2848},
    {0x2F8AB, 1, 0, 2536}, {0x2F8AC, 1, 0, 2849}, {0x2F8AD, 1, 0, 2850},
    {0x2F8AE, 1, 0, 2851}, {0x2F8AF, 1, 0, 2852}, {0x2F8B0, 1, 0, 2537},
    {0x2F8B1, 1, 0, 2247}, {0x2F8B2, 1, 0, 2853}, {0x2F8B3, 1, 0, 2854},
    {0x2F8B4, 1, 0, 2855}, {0x2F8B5, 1, 0, 2856}, {0x2F8B6, 1, 0, 2857},
    {0x2F8B7, 1, 0, 2858}, {0x2F8B8, 1, 1, 132},  {0x2F8B9, 1, 0, 2859},
    {0x2F8BA, 1, 0, 2860}, {0x2F8BB, 1, 0, 2861}, {0x2F8BC, 1, 0, 2862},
    {0x2F8BD, 1, 0, 2863}, {0x2F8BE, 1, 1, 133},  {0x2F8BF, 1, 0, 2864},
    {0x2F8C0, 1, 0, 2865}, {0x2F8C1, 1, 0, 2866}, {0x2F8C2, 1, 0, 2867},
    {0x2F8C3, 1, 0, 2868}, {0x2F8C4, 1, 0, 2869}, {0x2F8C5, 1, 0, 2870},
    {0x2F8C6, 1, 0, 2871}, {0x2F8C7, 1, 0, 2872}, {0x2F8C8, 1, 0, 2538},
    {0x2F8C9, 1, 0, 2873}, {0x2F8CA, 1, 1, 134},  {0x2F8CB, 1, 0, 2874},
    {0x2F8CC, 1, 0, 2875}, {0x2F8CD, 1, 0, 2876}, {0x2F8CE, 1, 0, 2877},
    {0x2F8CF, 1, 0, 2540}, {0x2F8D0, 1, 0, 2878}, {0x2F8D1, 1, 0, 2879},
    {0x2F8D2, 1, 0, 2880}, {0x2F8D3, 1, 0, 2881}, {0x2F8D4, 1, 0, 2882},
    {0x2F8D5, 1, 0, 2883}, {0x2F8D6, 1, 0, 2884}, {0x2F8D7, 1, 0, 2885},
    {0x2F8D8, 1, 0, 2275}, {0x2F8D9, 1, 0, 2608}, {0x2F8DA, 1, 0, 2886},
    {0x2F8DB, 1, 0, 2887}, {0x2F8DC, 1, 0, 2888}, {0x2F8DD, 1, 1, 135},
    {0x2F8DE, 1, 0, 2889}, {0x2F8DF, 1, 0, 2890}, {0x2F8E0, 1, 0, 2891},
    {0x2F8E1, 1, 0, 2892}, {0x2F8E2, 1, 0, 2541}, {0x2F8E3, 1, 1, 136},
    {0x2F8E4, 1, 0, 2893}, {0x2F8E5, 1, 0, 2894}, {0x2F8E6, 1, 0, 2895},
    {0x2F8E7, 1, 0, 2648}, {0x2F8E8, 1, 0, 2896}, {0x2F8E9, 1, 0, 2897},
    {0x2F8EA, 1, 0, 2898}, {0x2F8EB, 1, 0, 2899}, {0x2F8EC, 1, 1, 137},
    {0x2F8ED, 1, 0, 2900}, {0x2F8EE, 1, 0, 2901}, {0x2F8EF, 1, 0, 2902},
    {0x2F8F0, 1, 1, 138},  {0x2F8F1, 1, 0, 2903}, {0x2F8F2, 1, 0, 2904},
    {0x2F8F3, 1, 0, 2905}, {0x2F8F4, 1, 0, 2906}, {0x2F8F5, 1, 0, 2345},
    {0x2F8F6, 1, 0, 2907}, {0x2F8F7, 1, 1, 139},  {0x2F8F8, 1, 1, 140},
    {0x2F8F9, 1, 1, 141},  {0x2F8FA, 1, 0, 2908}, {0x2F8FB, 1, 1, 142},
    {0x2F8FC, 1, 0, 2909}, {0x2F8FD, 1, 0, 2910}, {0x2F8FE, 1, 0, 2911},
    {0x2F8FF, 1, 0, 2912}, {0x2F900, 1, 0, 2913}, {0x2F901, 1, 0, 2542},
    {0x2F902, 1, 0, 2432}, {0x2F903, 1, 0, 2914}, {0x2F904, 1, 0, 2915},
    {0x2F905, 1, 0, 2916}, {0x2F906, 1, 1, 143},  {0x2F907, 1, 0, 2917},
    {0x2F908, 1, 0, 2918}, {0x2F909, 1, 0, 2919}, {0x2F90A, 1, 0, 2920},
    {0x2F90B, 1, 0, 2612}, {0x2F90C, 1, 0, 2921}, {0x2F90D, 1, 1, 144},
    {0x2F90E, 1, 0, 2922}, {0x2F90F, 1, 0, 2923}, {0x2F910, 1, 1, 145},
    {0x2F911, 1, 1, 146},  {0x2F912, 1, 0, 2924}, {0x2F913, 1, 0, 2925},
    {0x2F914, 1, 0, 2613}, {0x2F915, 1, 0, 2926}, {0x2F916, 1, 0, 2927},
    {0x2F917, 1, 0, 2928}, {0x2F918, 1, 0, 2929}, {0x2F919, 1, 0, 2930},
    {0x2F91A, 1, 0, 2931}, {0x2F91B, 1, 1, 147},  {0x2F91C, 1, 0, 2932},
    {0x2F91D, 1, 1, 148},  {0x2F91E, 1, 0, 2933}, {0x2F91F, 1, 1, 149},
    {0x2F920, 1, 0, 2934}, {0x2F921, 1, 0, 2615}, {0x2F922, 1, 0, 2935},
    {0x2F923, 1, 1, 150},  {0x2F924, 1, 0, 2936}, {0x2F925, 1, 0, 2937},
    {0x2F926, 1, 1, 151},  {0x2F927, 1, 1, 152},  {0x2F928, 1, 0, 2938},
    {0x2F929, 1, 0, 2939}, {0x2F92A, 1, 0, 2940}, {0x2F92B, 1, 0, 2941},
    {0x2F92C, 1, 0, 2942}, {0x2F92D, 1, 0, 2942}, {0x2F92E, 1, 0, 2943},
    {0x2F92F, 1, 0, 2944}, {0x2F930, 1, 0, 2617}, {0x2F931, 1, 0, 2945},
    {0x2F932, 1, 0, 2946}, {0x2F933, 1, 0, 2947}, {0x2F934, 1, 0, 2948},
    {0x2F935, 1, 1, 153},  {0x2F936, 1, 0, 2949}, {0x2F937, 1, 1, 154},
    {0x2F938, 1, 0, 2331}, {0x2F939, 1, 1, 155},  {0x2F93A, 1, 0, 2950},
    {0x2F93B, 1, 1, 156},  {0x2F93C, 1, 1, 157},  {0x2F93D, 1, 1, 158},
    {0x2F93E, 1, 0, 2951}, {0x2F93F, 1, 0, 2952}, {0x2F940, 1, 0, 2623},
    {0x2F941, 1, 1, 159},  {0x2F942, 1, 1, 160},  {0x2F943, 1, 1, 161},
    {0x2F944, 1, 1, 162},  {0x2F945, 1, 0, 2953}, {0x2F946, 1, 0, 2954},
    {0x2F947, 1, 0, 2954}, {0x2F948, 1, 0, 2624}, {0x2F949, 1, 0, 2650},
    {0x2F94A, 1, 0, 2955}, {0x2F94B, 1, 0, 2956}, {0x2F94C, 1, 0, 2957},
    {0x2F94D, 1, 1, 163},  {0x2F94E, 1, 0, 2958}, {0x2F94F, 1, 0, 2293},
    {0x2F950, 1, 0, 2626}, {0x2F951, 1, 0, 2959}, {0x2F952, 1, 1, 164},
    {0x2F953, 1, 0, 2553}, {0x2F954, 1, 1, 165},  {0x2F955, 1, 1, 166},
    {0x2F956, 1, 0, 2507}, {0x2F957, 1, 0, 2960}, {0x2F958, 1, 0, 2961},
    {0x2F959, 1, 0, 2557}, {0x2F95A, 1, 0, 2962}, {0x2F95B, 1, 0, 2963},
    {0x2F95C, 1, 1, 167},  {0x2F95D, 1, 1, 168},  {0x2F95E, 1, 1, 168},
    {0x2F95F, 1, 0, 2964}, {0x2F960, 1, 0, 2965}, {0x2F961, 1, 1, 169},
    {0x2F962, 1, 0, 2966}, {0x2F963, 1, 0, 2967}, {0x2F964, 1, 0, 2968},
    {0x2F965, 1, 1, 170},  {0x2F966, 1, 0, 2969}, {0x2F967, 1, 0, 2970},
    {0x2F968, 1, 0, 2971}, {0x2F969, 1, 0, 2972}, {0x2F96A, 1, 0, 2973},
    {0x2F96B, 1, 1, 171},  {0x2F96C, 1, 0, 2974}, {0x2F96D, 1, 0, 2975},
    {0x2F96E, 1, 0, 2976}, {0x2F96F, 1, 0, 2977}, {0x2F970, 1, 0, 2978},
    {0x2F971, 1, 0, 2979}, {0x2F972, 1, 1, 172},  {0x2F973, 1, 1, 173},
    {0x2F974, 1, 0, 2980}, {0x2F975, 1, 1, 174},  {0x2F976, 1, 0, 2981},
    {0x2F977, 1, 1, 175},  {0x2F978, 1, 0, 2982}, {0x2F979, 1, 0, 2983},
    {0x2F97A, 1, 0, 2563}, {0x2F97B, 1, 1, 176},  {0x2F97C, 1, 1, 177},
    {0x2F97D, 1, 0, 2984}, {0x2F97E, 1, 1, 178},  {0x2F97F, 1, 0, 2985},
    {0x2F980, 1, 1, 179},  {0x2F981, 1, 0, 2986}, {0x2F982, 1, 0, 2987},
    {0x2F983, 1, 0, 2988}, {0x2F984, 1, 0, 2989}, {0x2F985, 1, 0, 2990},
    {0x2F986, 1, 0, 2991}, {0x2F987, 1, 1, 180},  {0x2F988, 1, 1, 181},
    {0x2F989, 1, 1, 182},  {0x2F98A, 1, 1, 183},  {0x2F98B, 1, 0, 2832},
    {0x2F98C, 1, 0, 2992}, {0x2F98D, 1, 0, 2993}, {0x2F98E, 1, 0, 2994},
    {0x2F98F, 1, 0, 2995}, {0x2F990, 1, 0, 2996}, {0x2F991, 1, 0, 2997},
    {0x2F992, 1, 0, 2998}, {0x2F993, 1, 0, 2999}, {0x2F994, 1, 0, 3000},
    {0x2F995, 1, 0, 3001}, {0x2F996, 1, 0, 3002}, {0x2F997, 1, 1, 184},
    {0x2F998, 1, 0, 2349}, {0x2F999, 1, 0, 3003}, {0x2F99A, 1, 0, 3004},
    {0x2F99B, 1, 0, 3005}, {0x2F99C, 1, 0, 3006}, {0x2F99D, 1, 0, 3007},
    {0x2F99E, 1, 0, 3008}, {0x2F99F, 1, 0, 2566}, {0x2F9A0, 1, 0, 3009},
    {0x2F9A1, 1, 0, 3010}, {0x2F9A2, 1, 0, 3011}, {0x2F9A3, 1, 0, 3012},
    {0x2F9A4, 1, 1, 185},  {0x2F9A5, 1, 1, 186},  {0x2F9A6, 1, 1, 187},
    {0x2F9A7, 1, 0, 3013}, {0x2F9A8, 1, 0, 3014}, {0x2F9A9, 1, 0, 3015},
    {0x2F9AA, 1, 0, 3016}, {0x2F9AB, 1, 1, 188},  {0x2F9AC, 1, 0, 3017},
    {0x2F9AD, 1, 1, 189},  {0x2F9AE, 1, 0, 3018}, {0x2F9AF, 1, 0, 3019},
    {0x2F9B0, 1, 1, 190},  {0x2F9B1, 1, 1, 191},  {0x2F9B2, 1, 0, 3020},
    {0x2F9B3, 1, 0, 3021}, {0x2F9B4, 1, 0, 2288}, {0x2F9B5, 1, 0, 3022},
    {0x2F9B6, 1, 0, 3023}, {0x2F9B7, 1, 0, 3024}, {0x2F9B8, 1, 0, 3025},
    {0x2F9B9, 1, 0, 3026}, {0x2F9BA, 1, 0, 3027}, {0x2F9BB, 1, 0, 2633},
    {0x2F9BC, 1, 0, 3028}, {0x2F9BD, 1, 0, 3029}, {0x2F9BE, 1, 0, 3030},
    {0x2F9BF, 1, 0, 3031}, {0x2F9C0, 1, 0, 3032}, {0x2F9C1, 1, 0, 3033},
    {0x2F9C2, 1, 0, 3034}, {0x2F9C3, 1, 0, 3035}, {0x2F9C4, 1, 0, 3036},
    {0x2F9C5, 1, 1, 192},  {0x2F9C6, 1, 0, 3037}, {0x2F9C7, 1, 0, 3038},
    {0x2F9C8, 1, 0, 3039}, {0x2F9C9, 1, 0, 3040}, {0x2F9CA, 1, 0, 3041},
    {0x2F9CB, 1, 1, 193},  {0x2F9CC, 1, 1, 194},  {0x2F9CD, 1, 0, 3042},
    {0x2F9CE, 1, 0, 3043}, {0x2F9CF, 1, 0, 3044}, {0x2F9D0, 1, 0, 2638},
    {0x2F9D1, 1, 0, 2639}, {0x2F9D2, 1, 0, 3045}, {0x2F9D3, 1, 1, 195},
    {0x2F9D4, 1, 0, 3046}, {0x2F9D5, 1, 0, 3047}, {0x2F9D6, 1, 0, 3048},
    {0x2F9D7, 1, 0, 3049}, {0x2F9D8, 1, 1, 196},  {0x2F9D9, 1, 1, 197},
    {0x2F9DA, 1, 0, 3050}, {0x2F9DB, 1, 0, 3051}, {0x2F9DC, 1, 0, 3052},
    {0x2F9DD, 1, 1, 198},  {0x2F9DE, 1, 0, 3053}, {0x2F9DF, 1, 0, 2640},
    {0x2F9E0, 1, 1, 199},  {0x2F9E1, 1, 1, 200},  {0x2F9E2, 1, 0, 3054},
    {0x2F9E3, 1, 0, 3055}, {0x2F9E4, 1, 0, 3056}, {0x2F9E5, 1, 1, 201},
    {0x2F9E6, 1, 0, 3057}, {0x2F9E7, 1, 0, 3058}, {0x2F9E8, 1, 0, 3059},
    {0x2F9E9, 1, 0, 3060}, {0x2F9EA, 1, 0, 3061}, {0x2F9EB, 1, 0, 3062},
    {0x2F9EC, 1, 0, 3063}, {0x2F9ED, 1, 1, 202},  {0x2F9EE, 1, 0, 3064},
    {0x2F9EF, 1, 0, 3065}, {0x2F9F0, 1, 0, 3066}, {0x2F9F1, 1, 1, 203},
    {0x2F9F2, 1, 0, 3067}, {0x2F9F3, 1, 0, 3068}, {0x2F9F4, 1, 0, 3069},
    {0x2F9F5, 1, 0, 3070}, {0x2F9F6, 1, 1, 204},  {0x2F9F7, 1, 1, 205},
    {0x2F9F8, 1, 0, 3071}, {0x2F9F9, 1, 0, 3072}, {0x2F9FA, 1, 0, 3073},
    {0x2F9FB, 1, 1, 206},  {0x2F9FC, 1, 0, 3074}, {0x2F9FD, 1, 1, 207},
    {0x2F9FE, 1, 0, 2646}, {0x2F9FF, 1, 0, 2646}, {0x2FA00, 1, 0, 3075},
    {0x2FA01, 1, 1, 208},  {0x2FA02, 1, 0, 3076}, {0x2FA03, 1, 0, 3077},
    {0x2FA04, 1, 0, 3078}, {0x2FA05, 1, 0, 3079}, {0x2FA06, 1, 0, 3080},
    {0x2FA07, 1, 0, 3081}, {0x2FA08, 1, 0, 3082}, {0x2FA09, 1, 1, 209},
    {0x2FA0A, 1, 0, 2647}, {0x2FA0B, 1, 0, 3083}, {0x2FA0C, 1, 0, 3084},
    {0x2FA0D, 1, 0, 3085}, {0x2FA0E, 1, 0, 3086}, {0x2FA0F, 1, 0, 3087},
    {0x2FA10, 1, 1, 210},  {0x2FA11, 1, 0, 3088}, {0x2FA12, 1, 1, 211},
    {0x2FA13, 1, 1, 212},  {0x2FA14, 1, 1, 213},  {0x2FA15, 1, 0, 3089},
    {0x2FA16, 1, 0, 3090}, {0x2FA17, 1, 0, 3091}, {0x2FA18, 1, 0, 3092},
    {0x2FA19, 1, 0, 3093}, {0x2FA1A, 1, 0, 3094}, {0x2FA1B, 1, 0, 3095},
    {0x2FA1C, 1, 0, 3096}, {0x2FA1D, 1, 1, 214},
};

static constexpr DecompEntry COMPAT_DECOMP[] = {
    {0x00A0, 1, 0, 3097},  {0x00A8, 2, 0, 3098},  {0x00AA, 1, 0, 3100},
    {0x00AF, 2, 0, 3101},  {0x00B2, 1, 0, 3103},  {0x00B3, 1, 0, 3104},
    {0x00B4, 2, 0, 3105},  {0x00B5, 1, 0, 3107},  {0x00B8, 2, 0, 3108},
    {0x00B9, 1, 0, 3110},  {0x00BA, 1, 0, 3111},  {0x00BC, 3, 0, 3112},
    {0x00BD, 3, 0, 3115},  {0x00BE, 3, 0, 3118},  {0x0132, 2, 0, 3121},
    {0x0133, 2, 0, 3123},  {0x013F, 2, 0, 3125},  {0x0140, 2, 0, 3127},
    {0x0149, 2, 0, 3129},  {0x017F, 1, 0, 3131},  {0x01C4, 3, 0, 3132},
    {0x01C5, 3, 0, 3135},  {0x01C6, 3, 0, 3138},  {0x01C7, 2, 0, 3141},
    {0x01C8, 2, 0, 3143},  {0x01C9, 2, 0, 3145},  {0x01CA, 2, 0, 3147},
    {0x01CB, 2, 0, 3149},  {0x01CC, 2, 0, 3151},  {0x01F1, 2, 0, 3153},
    {0x01F2, 2, 0, 3155},  {0x01F3, 2, 0, 3157},  {0x02B0, 1, 0, 3159},
    {0x02B1, 1, 0, 3160},  {0x02B2, 1, 0, 3161},  {0x02B3, 1, 0, 3162},
    {0x02B4, 1, 0, 3163},  {0x02B5, 1, 0, 3164},  {0x02B6, 1, 0, 3165},
    {0x02B7, 1, 0, 3166},  {0x02B8, 1, 0, 3167},  {0x02D8, 2, 0, 3168},
    {0x02D9, 2, 0, 3170},  {0x02DA, 2, 0, 3172},  {0x02DB, 2, 0, 3174},
    {0x02DC, 2, 0, 3176},  {0x02DD, 2, 0, 3178},  {0x02E0, 1, 0, 3180},
    {0x02E1, 1, 0, 3181},  {0x02E2, 1, 0, 3131},  {0x02E3, 1, 0, 3182},
    {0x02E4, 1, 0, 3183},  {0x037A, 2, 0, 3184},  {0x0384, 2, 0, 3105},
    {0x0385, 3, 0, 3186},  {0x03D0, 1, 0, 3189},  {0x03D1, 1, 0, 3190},
    {0x03D2, 1, 0, 3191},  {0x03D3, 2, 0, 546},   {0x03D4, 2, 0, 555},
    {0x03D5, 1, 0, 3192},  {0x03D6, 1, 0, 3193},  {0x03F0, 1, 0, 3194},
    {0x03F1, 1, 0, 3195},  {0x03F2, 1, 0, 3196},  {0x03F4, 1, 0, 3197},
    {0x03F5, 1, 0, 3198},  {0x03F9, 1, 0, 3199},  {0x0587, 2, 0, 3200},
    {0x0675, 2, 0, 3202},  {0x0676, 2, 0, 3204},  {0x0677, 2, 0, 3206},
    {0x0678, 2, 0, 3208},  {0x0E33, 2, 0, 3210},  {0x0EB3, 2, 0, 3212},
    {0x0EDC, 2, 0, 3214},  {0x0EDD, 2, 0, 3216},  {0x0F0C, 1, 0, 3218},
    {0x0F77, 3, 0, 3219},  {0x0F79, 3, 0, 3222},  {0x10FC, 1, 0, 3225},
    {0x1D2C, 1, 0, 3226},  {0x1D2D, 1, 0, 3227},  {0x1D2E, 1, 0, 3228},
    {0x1D30, 1, 0, 3229},  {0x1D31, 1, 0, 3230},  {0x1D32, 1, 0, 3231},
    {0x1D33, 1, 0, 3232},  {0x1D34, 1, 0, 3233},  {0x1D35, 1, 0, 3234},
    {0x1D36, 1, 0, 3235},  {0x1D37, 1, 0, 2026},  {0x1D38, 1, 0, 3236},
    {0x1D39, 1, 0, 3237},  {0x1D3A, 1, 0, 3238},  {0x1D3C, 1, 0, 3239},
    {0x1D3D, 1, 0, 3240},  {0x1D3E, 1, 0, 3241},  {0x1D3F, 1, 0, 3242},
    {0x1D40, 1, 0, 3243},  {0x1D41, 1, 0, 3244},  {0x1D42, 1, 0, 3245},
    {0x1D43, 1, 0, 3100},  {0x1D44, 1, 0, 3246},  {0x1D45, 1, 0, 3247},
    {0x1D46, 1, 0, 3248},  {0x1D47, 1, 0, 3249},  {0x1D48, 1, 0, 3250},
    {0x1D49, 1, 0, 3251},  {0x1D4A, 1, 0, 3252},  {0x1D4B, 1, 0, 3253},
    {0x1D4C, 1, 0, 3254},  {0x1D4D, 1, 0, 3255},  {0x1D4F, 1, 0, 3256},
    {0x1D50, 1, 0, 3257},  {0x1D51, 1, 0, 3258},  {0x1D52, 1, 0, 3111},
    {0x1D53, 1, 0, 3259},  {0x1D54, 1, 0, 3260},  {0x1D55, 1, 0, 3261},
    {0x1D56, 1, 0, 3262},  {0x1D57, 1, 0, 3263},  {0x1D58, 1, 0, 3264},
    {0x1D59, 1, 0, 3265},  {0x1D5A, 1, 0, 3266},  {0x1D5B, 1, 0, 3267},
    {0x1D5C, 1, 0, 3268},  {0x1D5D, 1, 0, 3189},  {0x1D5E, 1, 0, 3269},
    {0x1D5F, 1, 0, 3270},  {0x1D60, 1, 0, 3192},  {0x1D61, 1, 0, 3271},
    {0x1D62, 1, 0, 3272},  {0x1D63, 1, 0, 3162},  {0x1D64, 1, 0, 3264},
    {0x1D65, 1, 0, 3267},  {0x1D66, 1, 0, 3189},  {0x1D67, 1, 0, 3269},
    {0x1D68, 1, 0, 3195},  {0x1D69, 1, 0, 3192},  {0x1D6A, 1, 0, 3271},
    {0x1D78, 1, 0, 3273},  {0x1D9B, 1, 0, 3274},  {0x1D9C, 1, 0, 3275},
    {0x1D9D, 1, 0, 3276},  {0x1D9E, 1, 0, 3277},  {0x1D9F, 1, 0, 3254},
    {0x1DA0, 1, 0, 3278},  {0x1DA1, 1, 0, 3279},  {0x1DA2, 1, 0, 3280},
    {0x1DA3, 1, 0, 3281},  {0x1DA4, 1, 0, 3282},  {0x1DA5, 1, 0, 3283},
    {0x1DA6, 1, 0, 3284},  {0x1DA7, 1, 0, 3285},  {0x1DA8, 1, 0, 3286},
    {0x1DA9, 1, 0, 3287},  {0x1DAA, 1, 0, 3288},  {0x1DAB, 1, 0, 3289},
    {0x1DAC, 1, 0, 3290},  {0x1DAD, 1, 0, 3291},  {0x1DAE, 1, 0, 3292},
    {0x1DAF, 1, 0, 3293},  {0x1DB0, 1, 0, 3294},  {0x1DB1, 1, 0, 3295},
    {0x1DB2, 1, 0, 3296},  {0x1DB3, 1, 0, 3297},  {0x1DB4, 1, 0, 3298},
    {0x1DB5, 1, 0, 3299},  {0x1DB6, 1, 0, 3300},  {0x1DB7, 1, 0, 3301},
    {0x1DB8, 1, 0, 3302},  {0x1DB9, 1, 0, 3303},  {0x1DBA, 1, 0, 3304},
    {0x1DBB, 1, 0, 3305},  {0x1DBC, 1, 0, 3306},  {0x1DBD, 1, 0, 3307},
    {0x1DBE, 1, 0, 3308},  {0x1DBF, 1, 0, 3190},  {0x1E9A, 2, 0, 3309},
    {0x1E9B, 2, 0, 1066},  {0x1FBD, 2, 0, 3311},  {0x1FBF, 2, 0, 3311},
    {0x1FC0, 2, 0, 3313},  {0x1FC1, 3, 0, 3315},  {0x1FCD, 3, 0, 3318},
    {0x1FCE, 3, 0, 3321},  {0x1FCF, 3, 0, 3324},  {0x1FDD, 3, 0, 3327},
    {0x1FDE, 3, 0, 3330},  {0x1FDF, 3, 0, 3333},  {0x1FED, 3, 0, 3336},
    {0x1FEE, 3, 0, 3186},  {0x1FFD, 2, 0, 3105},  {0x1FFE, 2, 0, 3339},
    {0x2000, 1, 0, 3097},  {0x2001, 1, 0, 3097},  {0x2002, 1, 0, 3097},
    {0x2003, 1, 0, 3097},  {0x2004, 1, 0, 3097},  {0x2005, 1, 0, 3097},
    {0x2006, 1, 0, 3097},  {0x2007, 1, 0, 3097},  {0x2008, 1, 0, 3097},
    {0x2009, 1, 0, 3097},  {0x200A, 1, 0, 3097},  {0x2011, 1, 0, 3341},
    {0x2017, 2, 0, 3342},  {0x2024, 1, 0, 3344},  {0x2025, 2, 0, 3345},
    {0x2026, 3, 0, 3347},  {0x202F, 1, 0, 3097},  {0x2033, 2, 0, 3350},
    {0x2034, 3, 0, 3352},  {0x2036, 2, 0, 3355},  {0x2037, 3, 0, 3357},
    {0x203C, 2, 0, 3360},  {0x203E, 2, 0, 3362},  {0x2047, 2, 0, 3364},
    {0x2048, 2, 0, 3366},  {0x2049, 2, 0, 3368},  {0x2057, 4, 0, 3370},
    {0x205F, 1, 0, 3097},  {0x2070, 1, 0, 3374},  {0x2071, 1, 0, 3272},
    {0x2074, 1, 0, 3375},  {0x2075, 1, 0, 3376},  {0x2076, 1, 0, 3377},
    {0x2077, 1, 0, 3378},  {0x2078, 1, 0, 3379},  {0x2079, 1, 0, 3380},
    {0x207A, 1, 0, 3381},  {0x207B, 1, 0, 3382},  {0x207C, 1, 0, 3383},
    {0x207D, 1, 0, 3384},  {0x207E, 1, 0, 3385},  {0x207F, 1, 0, 3386},
    {0x2080, 1, 0, 3374},  {0x2081, 1, 0, 3110},  {0x2082, 1, 0, 3103},
    {0x2083, 1, 0, 3104},  {0x2084, 1, 0, 3375},  {0x2085, 1, 0, 3376},
    {0x2086, 1, 0, 3377},  {0x2087, 1, 0, 3378},  {0x2088, 1, 0, 3379},
    {0x2089, 1, 0, 3380},  {0x208A, 1, 0, 3381},  {0x208B, 1, 0, 3382},
    {0x208C, 1, 0, 3383},  {0x208D, 1, 0, 3384},  {0x208E, 1, 0, 3385},
    {0x2090, 1, 0, 3100},  {0x2091, 1, 0, 3251},  {0x2092, 1, 0, 3111},
    {0x2093, 1, 0, 3182},  {0x2094, 1, 0, 3252},  {0x2095, 1, 0, 3159},
    {0x2096, 1, 0, 3256},  {0x2097, 1, 0, 3181},  {0x2098, 1, 0, 3257},
    {0x2099, 1, 0, 3386},  {0x209A, 1, 0, 3262},  {0x209B, 1, 0, 3131},
    {0x209C, 1, 0, 3263},  {0x20A8, 2, 0, 3387},  {0x2100, 3, 0, 3389},
    {0x2101, 3, 0, 3392},  {0x2102, 1, 0, 3395},  {0x2103, 2, 0, 3396},
    {0x2105, 3, 0, 3398},  {0x2106, 3, 0, 3401},  {0x2107, 1, 0, 3404},
    {0x2109, 2, 0, 3405},  {0x210A, 1, 0, 3255},  {0x210B, 1, 0, 3233},
    {0x210C, 1, 0, 3233},  {0x210D, 1, 0, 3233},  {0x210E, 1, 0, 3159},
    {0x210F, 1, 0, 3407},  {0x2110, 1, 0, 3234},  {0x2111, 1, 0, 3234},
    {0x2112, 1, 0, 3236},  {0x2113, 1, 0, 3181},  {0x2115, 1, 0, 3238},
    {0x2116, 2, 0, 3408},  {0x2119, 1, 0, 3241},  {0x211A, 1, 0, 3410},
    {0x211B, 1, 0, 3242},  {0x211C, 1, 0, 3242},  {0x211D, 1, 0, 3242},
    {0x2120, 2, 0, 3411},  {0x2121, 3, 0, 3413},  {0x2122, 2, 0, 3416},
    {0x2124, 1, 0, 3418},  {0x2128, 1, 0, 3418},  {0x212C, 1, 0, 3228},
    {0x212D, 1, 0, 3395},  {0x212F, 1, 0, 3251},  {0x2130, 1, 0, 3230},
    {0x2131, 1, 0, 3419},  {0x2133, 1, 0, 3237},  {0x2134, 1, 0, 3111},
    {0x2135, 1, 0, 3420},  {0x2136, 1, 0, 3421},  {0x2137, 1, 0, 3422},
    {0x2138, 1, 0, 3423},  {0x2139, 1, 0, 3272},  {0x213B, 3, 0, 3424},
    {0x213C, 1, 0, 3193},  {0x213D, 1, 0, 3269},  {0x213E, 1, 0, 3427},
    {0x213F, 1, 0, 3428},  {0x2140, 1, 0, 3429},  {0x2145, 1, 0, 3229},
    {0x2146, 1, 0, 3250},  {0x2147, 1, 0, 3251},  {0x2148, 1, 0, 3272},
    {0x2149, 1, 0, 3161},  {0x2150, 3, 0, 3430},  {0x2151, 3, 0, 3433},
    {0x2152, 4, 0, 3436},  {0x2153, 3, 0, 3440},  {0x2154, 3, 0, 3443},
    {0x2155, 3, 0, 3446},  {0x2156, 3, 0, 3449},  {0x2157, 3, 0, 3452},
    {0x2158, 3, 0, 3455},  {0x2159, 3, 0, 3458},  {0x215A, 3, 0, 3461},
    {0x215B, 3, 0, 3464},  {0x215C, 3, 0, 3467},  {0x215D, 3, 0, 3470},
    {0x215E, 3, 0, 3473},  {0x215F, 2, 0, 3476},  {0x2160, 1, 0, 3234},
    {0x2161, 2, 0, 3478},  {0x2162, 3, 0, 3480},  {0x2163, 2, 0, 3483},
    {0x2164, 1, 0, 3485},  {0x2165, 2, 0, 3486},  {0x2166, 3, 0, 3488},
    {0x2167, 4, 0, 3491},  {0x2168, 2, 0, 3495},  {0x2169, 1, 0, 3497},
    {0x216A, 2, 0, 3498},  {0x216B, 3, 0, 3500},  {0x216C, 1, 0, 3236},
    {0x216D, 1, 0, 3395},  {0x216E, 1, 0, 3229},  {0x216F, 1, 0, 3237},
    {0x2170, 1, 0, 3272},  {0x2171, 2, 0, 3503},  {0x2172, 3, 0, 3505},
    {0x2173, 2, 0, 3508},  {0x2174, 1, 0, 3267},  {0x2175, 2, 0, 3510},
    {0x2176, 3, 0, 3512},  {0x2177, 4, 0, 3515},  {0x2178, 2, 0, 3519},
    {0x2179, 1, 0, 3182},  {0x217A, 2, 0, 3521},  {0x217B, 3, 0, 3523},
    {0x217C, 1, 0, 3181},  {0x217D, 1, 0, 3275},  {0x217E, 1, 0, 3250},
    {0x217F, 1, 0, 3257},  {0x2189, 3, 0, 3526},  {0x222C, 2, 0, 3529},
    {0x222D, 3, 0, 3531},  {0x222F, 2, 0, 3534},  {0x2230, 3, 0, 3536},
    {0x2460, 1, 0, 3110},  {0x2461, 1, 0, 3103},  {0x2462, 1, 0, 3104},
    {0x2463, 1, 0, 3375},  {0x2464, 1, 0, 3376},  {0x2465, 1, 0, 3377},
    {0x2466, 1, 0, 3378},  {0x2467, 1, 0, 3379},  {0x2468, 1, 0, 3380},
    {0x2469, 2, 0, 3539},  {0x246A, 2, 0, 3541},  {0x246B, 2, 0, 3543},
    {0x246C, 2, 0, 3545},  {0x246D, 2, 0, 3547},  {0x246E, 2, 0, 3549},
    {0x246F, 2, 0, 3551},  {0x2470, 2, 0, 3553},  {0x2471, 2, 0, 3555},
    {0x2472, 2, 0, 3557},  {0x2473, 2, 0, 3559},  {0x2474, 3, 0, 3561},
    {0x2475, 3, 0, 3564},  {0x2476, 3, 0, 3567},  {0x2477, 3, 0, 3570},
    {0x2478, 3, 0, 3573},  {0x2479, 3, 0, 3576},  {0x247A, 3, 0, 3579},
    {0x247B, 3, 0, 3582},  {0x247C, 3, 0, 3585},  {0x247D, 4, 0, 3588},
    {0x247E, 4, 0, 3592},  {0x247F, 4, 0, 3596},  {0x2480, 4, 0, 3600},
    {0x2481, 4, 0, 3604},  {0x2482, 4, 0, 3608},  {0x2483, 4, 0, 3612},
    {0x2484, 4, 0, 3616},  {0x2485, 4, 0, 3620},  {0x2486, 4, 0, 3624},
    {0x2487, 4, 0, 3628},  {0x2488, 2, 0, 3632},  {0x2489, 2, 0, 3634},
    {0x248A, 2, 0, 3636},  {0x248B, 2, 0, 3638},  {0x248C, 2, 0, 3640},
    {0x248D, 2, 0, 3642},  {0x248E, 2, 0, 3644},  {0x248F, 2, 0, 3646},
    {0x2490, 2, 0, 3648},  {0x2491, 3, 0, 3650},  {0x2492, 3, 0, 3653},
    {0x2493, 3, 0, 3656},  {0x2494, 3, 0, 3659},  {0x2495, 3, 0, 3662},
    {0x2496, 3, 0, 3665},  {0x2497, 3, 0, 3668},  {0x2498, 3, 0, 3671},
    {0x2499, 3, 0, 3674},  {0x249A, 3, 0, 3677},  {0x249B, 3, 0, 3680},
    {0x249C, 3, 0, 3683},  {0x249D, 3, 0, 3686},  {0x249E, 3, 0, 3689},
    {0x249F, 3, 0, 3692},  {0x24A0, 3, 0, 3695},  {0x24A1, 3, 0, 3698},
    {0x24A2, 3, 0, 3701},  {0x24A3, 3, 0, 3704},  {0x24A4, 3, 0, 3707},
    {0x24A5, 3, 0, 3710},  {0x24A6, 3, 0, 3713},  {0x24A7, 3, 0, 3716},
    {0x24A8, 3, 0, 3719},  {0x24A9, 3, 0, 3722},  {0x24AA, 3, 0, 3725},
    {0x24AB, 3, 0, 3728},  {0x24AC, 3, 0, 3731},  {0x24AD, 3, 0, 3734},
    {0x24AE, 3, 0, 3737},  {0x24AF, 3, 0, 3740},  {0x24B0, 3, 0, 3743},
    {0x24B1, 3, 0, 3746},  {0x24B2, 3, 0, 3749},  {0x24B3, 3, 0, 3752},
    {0x24B4, 3, 0, 3755},  {0x24B5, 3, 0, 3758},  {0x24B6, 1, 0, 3226},
    {0x24B7, 1, 0, 3228},  {0x24B8, 1, 0, 3395},  {0x24B9, 1, 0, 3229},
    {0x24BA, 1, 0, 3230},  {0x24BB, 1, 0, 3419},  {0x24BC, 1, 0, 3232},
    {0x24BD, 1, 0, 3233},  {0x24BE, 1, 0, 3234},  {0x24BF, 1, 0, 3235},
    {0x24C0, 1, 0, 2026},  {0x24C1, 1, 0, 3236},  {0x24C2, 1, 0, 3237},
    {0x24C3, 1, 0, 3238},  {0x24C4, 1, 0, 3239},  {0x24C5, 1, 0, 3241},
    {0x24C6, 1, 0, 3410},  {0x24C7, 1, 0, 3242},  {0x24C8, 1, 0, 3761},
    {0x24C9, 1, 0, 3243},  {0x24CA, 1, 0, 3244},  {0x24CB, 1, 0, 3485},
    {0x24CC, 1, 0, 3245},  {0x24CD, 1, 0, 3497},  {0x24CE, 1, 0, 3762},
    {0x24CF, 1, 0, 3418},  {0x24D0, 1, 0, 3100},  {0x24D1, 1, 0, 3249},
    {0x24D2, 1, 0, 3275},  {0x24D3, 1, 0, 3250},  {0x24D4, 1, 0, 3251},
    {0x24D5, 1, 0, 3278},  {0x24D6, 1, 0, 3255},  {0x24D7, 1, 0, 3159},
    {0x24D8, 1, 0, 3272},  {0x24D9, 1, 0, 3161},  {0x24DA, 1, 0, 3256},
    {0x24DB, 1, 0, 3181},  {0x24DC, 1, 0, 3257},  {0x24DD, 1, 0, 3386},
    {0x24DE, 1, 0, 3111},  {0x24DF, 1, 0, 3262},  {0x24E0, 1, 0, 3763},
    {0x24E1, 1, 0, 3162},  {0x24E2, 1, 0, 3131},  {0x24E3, 1, 0, 3263},
    {0x24E4, 1, 0, 3264},  {0x24E5, 1, 0, 3267},  {0x24E6, 1, 0, 3166},
    {0x24E7, 1, 0, 3182},  {0x24E8, 1, 0, 3167},  {0x24E9, 1, 0, 3305},
    {0x24EA, 1, 0, 3374},  {0x2A0C, 4, 0, 3764},  {0x2A74, 3, 0, 3768},
    {0x2A75, 2, 0, 3771},  {0x2A76, 3, 0, 3773},  {0x2C7C, 1, 0, 3161},
    {0x2C7D, 1, 0, 3485},  {0x2D6F, 1, 0, 3776},  {0x2E9F, 1, 0, 3777},
    {0x2EF3, 1, 0, 3778},  {0x2F00, 1, 0, 3779},  {0x2F01, 1, 0, 3780},
    {0x2F02, 1, 0, 3781},  {0x2F03, 1, 0, 3782},  {0x2F04, 1, 0, 3783},
    {0x2F05, 1, 0, 3784},  {0x2F06, 1, 0, 3785},  {0x2F07, 1, 0, 3786},
    {0x2F08, 1, 0, 3787},  {0x2F09, 1, 0, 3788},  {0x2F0A, 1, 0, 3789},
    {0x2F0B, 1, 0, 3790},  {0x2F0C, 1, 0, 3791},  {0x2F0D, 1, 0, 3792},
    {0x2F0E, 1, 0, 3793},  {0x2F0F, 1, 0, 3794},  {0x2F10, 1, 0, 2743},
    {0x2F11, 1, 0, 3795},  {0x2F12, 1, 0, 2371},  {0x2F13, 1, 0, 3796},
    {0x2F14, 1, 0, 3797},  {0x2F15, 1, 0, 3798},  {0x2F16, 1, 0, 3799},
    {0x2F17, 1, 0, 3800},  {0x2F18, 1, 0, 3801},  {0x2F19, 1, 0, 3802},
    {0x2F1A, 1, 0, 3803},  {0x2F1B, 1, 0, 3804},  {0x2F1C, 1, 0, 3805},
    {0x2F1D, 1, 0, 3806},  {0x2F1E, 1, 0, 3807},  {0x2F1F, 1, 0, 3808},
    {0x2F20, 1, 0, 3809},  {0x2F21, 1, 0, 3810},  {0x2F22, 1, 0, 3811},
    {0x2F23, 1, 0, 3812},  {0x2F24, 1, 0, 3813},  {0x2F25, 1, 0, 2362},
    {0x2F26, 1, 0, 3814},  {0x2F27, 1, 0, 3815},  {0x2F28, 1, 0, 3816},
    {0x2F29, 1, 0, 3817},  {0x2F2A, 1, 0, 2810},  {0x2F2B, 1, 0, 3818},
    {0x2F2C, 1, 0, 2533},  {0x2F2D, 1, 0, 3819},  {0x2F2E, 1, 0, 3820},
    {0x2F2F, 1, 0, 3821},  {0x2F30, 1, 0, 3822},  {0x2F31, 1, 0, 3823},
    {0x2F32, 1, 0, 3824},  {0x2F33, 1, 0, 3825},  {0x2F34, 1, 0, 3826},
    {0x2F35, 1, 0, 3827},  {0x2F36, 1, 0, 2831},  {0x2F37, 1, 0, 3828},
    {0x2F38, 1, 0, 3829},  {0x2F39, 1, 0, 3830},  {0x2F3A, 1, 0, 3831},
    {0x2F3B, 1, 0, 3832},  {0x2F3C, 1, 0, 3833},  {0x2F3D, 1, 0, 3834},
    {0x2F3E, 1, 0, 3835},  {0x2F3F, 1, 0, 3836},  {0x2F40, 1, 0, 3837},
    {0x2F41, 1, 0, 3838},  {0x2F42, 1, 0, 3839},  {0x2F43, 1, 0, 3840},
    {0x2F44, 1, 0, 3841},  {0x2F45, 1, 0, 3842},  {0x2F46, 1, 0, 3843},
    {0x2F47, 1, 0, 3844},  {0x2F48, 1, 0, 3845},  {0x2F49, 1, 0, 3846},
    {0x2F4A, 1, 0, 3847},  {0x2F4B, 1, 0, 3848},  {0x2F4C, 1, 0, 3849},
    {0x2F4D, 1, 0, 2610},  {0x2F4E, 1, 0, 3850},  {0x2F4F, 1, 0, 3851},
    {0x2F50, 1, 0, 3852},  {0x2F51, 1, 0, 3853},  {0x2F52, 1, 0, 3854},
    {0x2F53, 1, 0, 3855},  {0x2F54, 1, 0, 3856},  {0x2F55, 1, 0, 3857},
    {0x2F56, 1, 0, 3858},  {0x2F57, 1, 0, 3859},  {0x2F58, 1, 0, 3860},
    {0x2F59, 1, 0, 3861},  {0x2F5A, 1, 0, 3862},  {0x2F5B, 1, 0, 3863},
    {0x2F5C, 1, 0, 3864},  {0x2F5D, 1, 0, 3865},  {0x2F5E, 1, 0, 3866},
    {0x2F5F, 1, 0, 3867},  {0x2F60, 1, 0, 3868},  {0x2F61, 1, 0, 3869},
    {0x2F62, 1, 0, 3870},  {0x2F63, 1, 0, 3871},  {0x2F64, 1, 0, 3872},
    {0x2F65, 1, 0, 3873},  {0x2F66, 1, 0, 3874},  {0x2F67, 1, 0, 3875},
    {0x2F68, 1, 0, 3876},  {0x2F69, 1, 0, 3877},  {0x2F6A, 1, 0, 3878},
    {0x2F6B, 1, 0, 3879},  {0x2F6C, 1, 0, 3880},  {0x2F6D, 1, 0, 3881},
    {0x2F6E, 1, 0, 3882},  {0x2F6F, 1, 0, 3883},  {0x2F70, 1, 0, 3884},
    {0x2F71, 1, 0, 3885},  {0x2F72, 1, 0, 3886},  {0x2F73, 1, 0, 3887},
    {0x2F74, 1, 0, 2476},  {0x2F75, 1, 0, 3888},  {0x2F76, 1, 0, 3889},
    {0x2F77, 1, 0, 3890},  {0x2F78, 1, 0, 3891},  {0x2F79, 1, 0, 3892},
    {0x2F7A, 1, 0, 3893},  {0x2F7B, 1, 0, 2510},  {0x2F7C, 1, 0, 2286},
    {0x2F7D, 1, 0, 3894},  {0x2F7E, 1, 0, 3895},  {0x2F7F, 1, 0, 3896},
    {0x2F80, 1, 0, 3897},  {0x2F81, 1, 0, 3898},  {0x2F82, 1, 0, 3899},
    {0x2F83, 1, 0, 3900},  {0x2F84, 1, 0, 3901},  {0x2F85, 1, 0, 3902},
    {0x2F86, 1, 0, 3903},  {0x2F87, 1, 0, 3904},  {0x2F88, 1, 0, 3905},
    {0x2F89, 1, 0, 3906},  {0x2F8A, 1, 0, 3907},  {0x2F8B, 1, 0, 3908},
    {0x2F8C, 1, 0, 3909},  {0x2F8D, 1, 0, 3910},  {0x2F8E, 1, 0, 3911},
    {0x2F8F, 1, 0, 2493},  {0x2F90, 1, 0, 3036},  {0x2F91, 1, 0, 3912},
    {0x2F92, 1, 0, 2495},  {0x2F93, 1, 0, 3913},  {0x2F94, 1, 0, 3914},
    {0x2F95, 1, 0, 3915},  {0x2F96, 1, 0, 3916},  {0x2F97, 1, 0, 3045},
    {0x2F98, 1, 0, 3917},  {0x2F99, 1, 0, 3918},  {0x2F9A, 1, 0, 3919},
    {0x2F9B, 1, 0, 3920},  {0x2F9C, 1, 0, 3921},  {0x2F9D, 1, 0, 3922},
    {0x2F9E, 1, 0, 2237},  {0x2F9F, 1, 0, 3923},  {0x2FA0, 1, 0, 2346},
    {0x2FA1, 1, 0, 3924},  {0x2FA2, 1, 0, 3925},  {0x2FA3, 1, 0, 3926},
    {0x2FA4, 1, 0, 3927},  {0x2FA5, 1, 0, 2462},  {0x2FA6, 1, 0, 2244},
    {0x2FA7, 1, 0, 3928},  {0x2FA8, 1, 0, 3929},  {0x2FA9, 1, 0, 3930},
    {0x2FAA, 1, 0, 3931},  {0x2FAB, 1, 0, 3932},  {0x2FAC, 1, 0, 3933},
    {0x2FAD, 1, 0, 3934},  {0x2FAE, 1, 0, 3935},  {0x2FAF, 1, 0, 3936},
    {0x2FB0, 1, 0, 3937},  {0x2FB1, 1, 0, 3938},  {0x2FB2, 1, 0, 3939},
    {0x2FB3, 1, 0, 3940},  {0x2FB4, 1, 0, 3941},  {0x2FB5, 1, 0, 3942},
    {0x2FB6, 1, 0, 3943},  {0x2FB7, 1, 0, 3944},  {0x2FB8, 1, 0, 3945},
    {0x2FB9, 1, 0, 3946},  {0x2FBA, 1, 0, 3947},  {0x2FBB, 1, 0, 3948},
    {0x2FBC, 1, 0, 3949},  {0x2FBD, 1, 0, 3950},  {0x2FBE, 1, 0, 3951},
    {0x2FBF, 1, 0, 3952},  {0x2FC0, 1, 0, 3953},  {0x2FC1, 1, 0, 3954},
    {0x2FC2, 1, 0, 3955},  {0x2FC3, 1, 0, 3956},  {0x2FC4, 1, 0, 3957},
    {0x2FC5, 1, 0, 2298},  {0x2FC6, 1, 0, 3958},  {0x2FC7, 1, 0, 3089},
    {0x2FC8, 1, 0, 3959},  {0x2FC9, 1, 0, 3960},  {0x2FCA, 1, 0, 3961},
    {0x2FCB, 1, 0, 3091},  {0x2FCC, 1, 0, 3962},  {0x2FCD, 1, 0, 3963},
    {0x2FCE, 1, 0, 3964},  {0x2FCF, 1, 0, 3965},  {0x2FD0, 1, 0, 3096},
    {0x2FD1, 1, 0, 3966},  {0x2FD2, 1, 0, 3967},  {0x2FD3, 1, 0, 2426},
    {0x2FD4, 1, 0, 2242},  {0x2FD5, 1, 0, 3968},  {0x3000, 1, 0, 3097},
    {0x3036, 1, 0, 3969},  {0x3038, 1, 0, 3800},  {0x3039, 1, 0, 3970},
    {0x303A, 1, 0, 3971},  {0x309B, 2, 0, 3972},  {0x309C, 2, 0, 3974},
    {0x309F, 2, 0, 3976},  {0x30FF, 2, 0, 3978},  {0x3131, 1, 0, 3980},
    {0x3132, 1, 0, 3981},  {0x3133, 1, 0, 3982},  {0x3134, 1, 0, 3983},
    {0x3135, 1, 0, 3984},  {0x3136, 1, 0, 3985},  {0x3137, 1, 0, 3986},
    {0x3138, 1, 0, 3987},  {0x3139, 1, 0, 3988},  {0x313A, 1, 0, 3989},
    {0x313B, 1, 0, 3990},  {0x313C, 1, 0, 3991},  {0x313D, 1, 0, 3992},
    {0x313E, 1, 0, 3993},  {0x313F, 1, 0, 3994},  {0x3140, 1, 0, 3995},
    {0x3141, 1, 0, 3996},  {0x3142, 1, 0, 3997},  {0x3143, 1, 0, 3998},
    {0x3144, 1, 0, 3999},  {0x3145, 1, 0, 4000},  {0x3146, 1, 0, 4001},
    {0x3147, 1, 0, 4002},  {0x3148, 1, 0, 4003},  {0x3149, 1, 0, 4004},
    {0x314A, 1, 0, 4005},  {0x314B, 1, 0, 4006},  {0x314C, 1, 0, 4007},
    {0x314D, 1, 0, 4008},  {0x314E, 1, 0, 4009},  {0x314F, 1, 0, 4010},
    {0x3150, 1, 0, 4011},  {0x3151, 1, 0, 4012},  {0x3152, 1, 0, 4013},
    {0x3153, 1, 0, 4014},  {0x3154, 1, 0, 4015},  {0x3155, 1, 0, 4016},
    {0x3156, 1, 0, 4017},  {0x3157, 1, 0, 4018},  {0x3158, 1, 0, 4019},
    {0x3159, 1, 0, 4020},  {0x315A, 1, 0, 4021},  {0x315B, 1, 0, 4022},
    {0x315C, 1, 0, 4023},  {0x315D, 1, 0, 4024},  {0x315E, 1, 0, 4025},
    {0x315F, 1, 0, 4026},  {0x3160, 1, 0, 4027},  {0x3161, 1, 0, 4028},
    {0x3162, 1, 0, 4029},  {0x3163, 1, 0, 4030},  {0x3164, 1, 0, 4031},
    {0x3165, 1, 0, 4032},  {0x3166, 1, 0, 4033},  {0x3167, 1, 0, 4034},
    {0x3168, 1, 0, 4035},  {0x3169, 1, 0, 4036},  {0x316A, 1, 0, 4037},
    {0x316B, 1, 0, 4038},  {0x316C, 1, 0, 4039},  {0x316D, 1, 0, 4040},
    {0x316E, 1, 0, 4041},  {0x316F, 1, 0, 4042},  {0x3170, 1, 0, 4043},
    {0x3171, 1, 0, 4044},  {0x3172, 1, 0, 4045},  {0x3173, 1, 0, 4046},
    {0x3174, 1, 0, 4047},  {0x3175, 1, 0, 4048},  {0x3176, 1, 0, 4049},
    {0x3177, 1, 0, 4050},  {0x3178, 1, 0, 4051},  {0x3179, 1, 0, 4052},
    {0x317A, 1, 0, 4053},  {0x317B, 1, 0, 4054},  {0x317C, 1, 0, 4055},
    {0x317D, 1, 0, 4056},  {0x317E, 1, 0, 4057},  {0x317F, 1, 0, 4058},
    {0x3180, 1, 0, 4059},  {0x3181, 1, 0, 4060},  {0x3182, 1, 0, 4061},
    {0x3183, 1, 0, 4062},  {0x3184, 1, 0, 4063},  {0x3185, 1, 0, 4064},
    {0x3186, 1, 0, 4065},  {0x3187, 1, 0, 4066},  {0x3188, 1, 0, 4067},
    {0x3189, 1, 0, 4068},  {0x318A, 1, 0, 4069},  {0x318B, 1, 0, 4070},
    {0x318C, 1, 0, 4071},  {0x318D, 1, 0, 4072},  {0x318E, 1, 0, 4073},
    {0x3192, 1, 0, 3779},  {0x3193, 1, 0, 3785},  {0x3194, 1, 0, 4074},
    {0x3195, 1, 0, 4075},  {0x3196, 1, 0, 4076},  {0x3197, 1, 0, 4077},
    {0x3198, 1, 0, 4078},  {0x3199, 1, 0, 4079},  {0x319A, 1, 0, 3783},
    {0x319B, 1, 0, 4080},  {0x319C, 1, 0, 4081},  {0x319D, 1, 0, 4082},
    {0x319E, 1, 0, 4083},  {0x319F, 1, 0, 3787},  {0x3200, 3, 0, 4084},
    {0x3201, 3, 0, 4087},  {0x3202, 3, 0, 4090},  {0x3203, 3, 0, 4093},
    {0x3204, 3, 0, 4096},  {0x3205, 3, 0, 4099},  {0x3206, 3, 0, 4102},
    {0x3207, 3, 0, 4105},  {0x3208, 3, 0, 4108},  {0x3209, 3, 0, 4111},
    {0x320A, 3, 0, 4114},  {0x320B, 3, 0, 4117},  {0x320C, 3, 0, 4120},
    {0x320D, 3, 0, 4123},  {0x320E, 4, 0, 4126},  {0x320F, 4, 0, 4130},
    {0x3210, 4, 0, 4134},  {0x3211, 4, 0, 4138},  {0x3212, 4, 0, 4142},
    {0x3213, 4, 0, 4146},  {0x3214, 4, 0, 4150},  {0x3215, 4, 0, 4154},
    {0x3216, 4, 0, 4158},  {0x3217, 4, 0, 4162},  {0x3218, 4, 0, 4166},
    {0x3219, 4, 0, 4170},  {0x321A, 4, 0, 4174},  {0x321B, 4, 0, 4178},
    {0x321C, 4, 0, 4182},  {0x321D, 7, 0, 4186},  {0x321E, 6, 0, 4193},
    {0x3220, 3, 0, 4199},  {0x3221, 3, 0, 4202},  {0x3222, 3, 0, 4205},
    {0x3223, 3, 0, 4208},  {0x3224, 3, 0, 4211},  {0x3225, 3, 0, 4214},
    {0x3226, 3, 0, 4217},  {0x3227, 3, 0, 4220},  {0x3228, 3, 0, 4223},
    {0x3229, 3, 0, 4226},  {0x322A, 3, 0, 4229},  {0x322B, 3, 0, 4232},
    {0x322C, 3, 0, 4235},  {0x322D, 3, 0, 4238},  {0x322E, 3, 0, 4241},
    {0x322F, 3, 0, 4244},  {0x3230, 3, 0, 4247},  {0x3231, 3, 0, 4250},
    {0x3232, 3, 0, 4253},  {0x3233, 3, 0, 4256},  {0x3234, 3, 0, 4259},
    {0x3235, 3, 0, 4262},  {0x3236, 3, 0, 4265},  {0x3237, 3, 0, 4268},
    {0x3238, 3, 0, 4271},  {0x3239, 3, 0, 4274},  {0x323A, 3, 0, 4277},
    {0x323B, 3, 0, 4280},  {0x323C, 3, 0, 4283},  {0x323D, 3, 0, 4286},
    {0x323E, 3, 0, 4289},  {0x323F, 3, 0, 4292},  {0x3240, 3, 0, 4295},
    {0x3241, 3, 0, 4298},  {0x3242, 3, 0, 4301},  {0x3243, 3, 0, 4304},
    {0x3244, 1, 0, 4307},  {0x3245, 1, 0, 4308},  {0x3246, 1, 0, 3839},
    {0x3247, 1, 0, 4309},  {0x3250, 3, 0, 4310},  {0x3251, 2, 0, 4313},
    {0x3252, 2, 0, 4315},  {0x3253, 2, 0, 4317},  {0x3254, 2, 0, 4319},
    {0x3255, 2, 0, 4321},  {0x3256, 2, 0, 4323},  {0x3257, 2, 0, 4325},
    {0x3258, 2, 0, 4327},  {0x3259, 2, 0, 4329},  {0x325A, 2, 0, 4331},
    {0x325B, 2, 0, 4333},  {0x325C, 2, 0, 4335},  {0x325D, 2, 0, 4337},
    {0x325E, 2, 0, 4339},  {0x325F, 2, 0, 4341},  {0x3260, 1, 0, 3980},
    {0x3261, 1, 0, 3983},  {0x3262, 1, 0, 3986},  {0x3263, 1, 0, 3988},
    {0x3264, 1, 0, 3996},  {0x3265, 1, 0, 3997},  {0x3266, 1, 0, 4000},
    {0x3267, 1, 0, 4002},  {0x3268, 1, 0, 4003},  {0x3269, 1, 0, 4005},
    {0x326A, 1, 0, 4006},  {0x326B, 1, 0, 4007},  {0x326C, 1, 0, 4008},
    {0x326D, 1, 0, 4009},  {0x326E, 2, 0, 4343},  {0x326F, 2, 0, 4345},
    {0x3270, 2, 0, 4347},  {0x3271, 2, 0, 4349},  {0x3272, 2, 0, 4351},
    {0x3273, 2, 0, 4353},  {0x3274, 2, 0, 4355},  {0x3275, 2, 0, 4357},
    {0x3276, 2, 0, 4359},  {0x3277, 2, 0, 4361},  {0x3278, 2, 0, 4363},
    {0x3279, 2, 0, 4365},  {0x327A, 2, 0, 4367},  {0x327B, 2, 0, 4369},
    {0x327C, 5, 0, 4371},  {0x327D, 4, 0, 4376},  {0x327E, 2, 0, 4380},
    {0x3280, 1, 0, 3779},  {0x3281, 1, 0, 3785},  {0x3282, 1, 0, 4074},
    {0x3283, 1, 0, 4075},  {0x3284, 1, 0, 4382},  {0x3285, 1, 0, 2439},
    {0x3286, 1, 0, 4383},  {0x3287, 1, 0, 3790},  {0x3288, 1, 0, 4384},
    {0x3289, 1, 0, 3800},  {0x328A, 1, 0, 3846},  {0x328B, 1, 0, 3857},
    {0x328C, 1, 0, 3856},  {0x328D, 1, 0, 3847},  {0x328E, 1, 0, 2244},
    {0x328F, 1, 0, 3808},  {0x3290, 1, 0, 3844},  {0x3291, 1, 0, 4385},
    {0x3292, 1, 0, 4386},  {0x3293, 1, 0, 2549},  {0x3294, 1, 0, 4387},
    {0x3295, 1, 0, 4388},  {0x3296, 1, 0, 4389},  {0x3297, 1, 0, 2554},
    {0x3298, 1, 0, 4390},  {0x3299, 1, 0, 4391},  {0x329A, 1, 0, 4392},
    {0x329B, 1, 0, 2362},  {0x329C, 1, 0, 4393},  {0x329D, 1, 0, 4394},
    {0x329E, 1, 0, 4395},  {0x329F, 1, 0, 4396},  {0x32A0, 1, 0, 4397},
    {0x32A1, 1, 0, 4398},  {0x32A2, 1, 0, 4399},  {0x32A3, 1, 0, 4400},
    {0x32A4, 1, 0, 4076},  {0x32A5, 1, 0, 4077},  {0x32A6, 1, 0, 4078},
    {0x32A7, 1, 0, 4401},  {0x32A8, 1, 0, 4402},  {0x32A9, 1, 0, 4403},
    {0x32AA, 1, 0, 4404},  {0x32AB, 1, 0, 4405},  {0x32AC, 1, 0, 4406},
    {0x32AD, 1, 0, 4407},  {0x32AE, 1, 0, 4408},  {0x32AF, 1, 0, 4409},
    {0x32B0, 1, 0, 4410},  {0x32B1, 2, 0, 4411},  {0x32B2, 2, 0, 4413},
    {0x32B3, 2, 0, 4415},  {0x32B4, 2, 0, 4417},  {0x32B5, 2, 0, 4419},
    {0x32B6, 2, 0, 4421},  {0x32B7, 2, 0, 4423},  {0x32B8, 2, 0, 4425},
    {0x32B9, 2, 0, 4427},  {0x32BA, 2, 0, 4429},  {0x32BB, 2, 0, 4431},
    {0x32BC, 2, 0, 4433},  {0x32BD, 2, 0, 4435},  {0x32BE, 2, 0, 4437},
    {0x32BF, 2, 0, 4439},  {0x32C0, 2, 0, 4441},  {0x32C1, 2, 0, 4443},
    {0x32C2, 2, 0, 4445},  {0x32C3, 2, 0, 4447},  {0x32C4, 2, 0, 4449},
    {0x32C5, 2, 0, 4451},  {0x32C6, 2, 0, 4453},  {0x32C7, 2, 0, 4455},
    {0x32C8, 2, 0, 4457},  {0x32C9, 3, 0, 4459},  {0x32CA, 3, 0, 4462},
    {0x32CB, 3, 0, 4465},  {0x32CC, 2, 0, 4468},  {0x32CD, 3, 0, 4470},
    {0x32CE, 2, 0, 4473},  {0x32CF, 3, 0, 4475},  {0x32D0, 1, 0, 4478},
    {0x32D1, 1, 0, 4479},  {0x32D2, 1, 0, 4480},  {0x32D3, 1, 0, 4481},
    {0x32D4, 1, 0, 4482},  {0x32D5, 1, 0, 4483},  {0x32D6, 1, 0, 4484},
    {0x32D7, 1, 0, 4485},  {0x32D8, 1, 0, 4486},  {0x32D9, 1, 0, 4487},
    {0x32DA, 1, 0, 4488},  {0x32DB, 1, 0, 4489},  {0x32DC, 1, 0, 4490},
    {0x32DD, 1, 0, 4491},  {0x32DE, 1, 0, 4492},  {0x32DF, 1, 0, 4493},
    {0x32E0, 1, 0, 4494},  {0x32E1, 1, 0, 4495},  {0x32E2, 1, 0, 4496},
    {0x32E3, 1, 0, 4497},  {0x32E4, 1, 0, 4498},  {0x32E5, 1, 0, 4499},
    {0x32E6, 1, 0, 4500},  {0x32E7, 1, 0, 4501},  {0x32E8, 1, 0, 4502},
    {0x32E9, 1, 0, 4503},  {0x32EA, 1, 0, 4504},  {0x32EB, 1, 0, 4505},
    {0x32EC, 1, 0, 4506},  {0x32ED, 1, 0, 4507},  {0x32EE, 1, 0, 4508},
    {0x32EF, 1, 0, 4509},  {0x32F0, 1, 0, 4510},  {0x32F1, 1, 0, 4511},
    {0x32F2, 1, 0, 4512},  {0x32F3, 1, 0, 4513},  {0x32F4, 1, 0, 4514},
    {0x32F5, 1, 0, 4515},  {0x32F6, 1, 0, 4516},  {0x32F7, 1, 0, 4517},
    {0x32F8, 1, 0, 4518},  {0x32F9, 1, 0, 4519},  {0x32FA, 1, 0, 4520},
    {0x32FB, 1, 0, 4521},  {0x32FC, 1, 0, 4522},  {0x32FD, 1, 0, 4523},
    {0x32FE, 1, 0, 4524},  {0x32FF, 2, 0, 4525},  {0x3300, 5, 0, 4527},
    {0x3301, 4, 0, 4532},  {0x3302, 5, 0, 4536},  {0x3303, 3, 0, 4541},
    {0x3304, 5, 0, 4544},  {0x3305, 3, 0, 4549},  {0x3306, 3, 0, 4552},
    {0x3307, 6, 0, 4555},  {0x3308, 4, 0, 4561},  {0x3309, 3, 0, 4565},
    {0x330A, 3, 0, 4568},  {0x330B, 3, 0, 4571},  {0x330C, 4, 0, 4574},
    {0x330D, 4, 0, 4578},  {0x330E, 4, 0, 4582},  {0x330F, 4, 0, 4586},
    {0x3310, 4, 0, 4590},  {0x3311, 4, 0, 4594},  {0x3312, 4, 0, 4598},
    {0x3313, 6, 0, 4602},  {0x3314, 2, 0, 4608},  {0x3315, 6, 0, 4610},
    {0x3316, 6, 0, 4616},  {0x3317, 5, 0, 4622},  {0x3318, 4, 0, 4627},
    {0x3319, 6, 0, 4631},  {0x331A, 6, 0, 4637},  {0x331B, 4, 0, 4643},
    {0x331C, 3, 0, 4647},  {0x331D, 3, 0, 4650},  {0x331E, 4, 0, 4653},
    {0x331F, 4, 0, 4657},  {0x3320, 5, 0, 4661},  {0x3321, 5, 0, 4666},
    {0x3322, 3, 0, 4671},  {0x3323, 3, 0, 4674},  {0x3324, 4, 0, 4677},
    {0x3325, 3, 0, 4681},  {0x3326, 3, 0, 4684},  {0x3327, 2, 0, 4687},
    {0x3328, 2, 0, 4689},  {0x3329, 3, 0, 4691},  {0x332A, 3, 0, 4694},
    {0x332B, 6, 0, 4697},  {0x332C, 4, 0, 4703},  {0x332D, 5, 0, 4707},
    {0x332E, 6, 0, 4712},  {0x332F, 4, 0, 4718},  {0x3330, 3, 0, 4722},
    {0x3331, 3, 0, 4725},  {0x3332, 6, 0, 4728},  {0x3333, 4, 0, 4734},
    {0x3334, 6, 0, 4738},  {0x3335, 3, 0, 4744},  {0x3336, 5, 0, 4747},
    {0x3337, 3, 0, 4752},  {0x3338, 4, 0, 4755},  {0x3339, 3, 0, 4759},
    {0x333A, 4, 0, 4762},  {0x333B, 5, 0, 4766},  {0x333C, 4, 0, 4771},
    {0x333D, 5, 0, 4775},  {0x333E, 4, 0, 4780},  {0x333F, 2, 0, 4784},
    {0x3340, 5, 0, 4786},  {0x3341, 3, 0, 4791},  {0x3342, 3, 0, 4794},
    {0x3343, 4, 0, 4797},  {0x3344, 3, 0, 4801},  {0x3345, 3, 0, 4804},
    {0x3346, 3, 0, 4807},  {0x3347, 5, 0, 4810},  {0x3348, 4, 0, 4815},
    {0x3349, 2, 0, 4819},  {0x334A, 6, 0, 4821},  {0x334B, 3, 0, 4827},
    {0x334C, 5, 0, 4830},  {0x334D, 4, 0, 4835},  {0x334E, 4, 0, 4839},
    {0x334F, 3, 0, 4843},  {0x3350, 3, 0, 4846},  {0x3351, 4, 0, 4849},
    {0x3352, 2, 0, 4853},  {0x3353, 4, 0, 4855},  {0x3354, 5, 0, 4859},
    {0x3355, 2, 0, 4864},  {0x3356, 6, 0, 4866},  {0x3357, 3, 0, 4872},
    {0x3358, 2, 0, 4875},  {0x3359, 2, 0, 4877},  {0x335A, 2, 0, 4879},
    {0x335B, 2, 0, 4881},  {0x335C, 2, 0, 4883},  {0x335D, 2, 0, 4885},
    {0x335E, 2, 0, 4887},  {0x335F, 2, 0, 4889},  {0x3360, 2, 0, 4891},
    {0x3361, 2, 0, 4893},  {0x3362, 3, 0, 4895},  {0x3363, 3, 0, 4898},
    {0x3364, 3, 0, 4901},  {0x3365, 3, 0, 4904},  {0x3366, 3, 0, 4907},
    {0x3367, 3, 0, 4910},  {0x3368, 3, 0, 4913},  {0x3369, 3, 0, 4916},
    {0x336A, 3, 0, 4919},  {0x336B, 3, 0, 4922},  {0x336C, 3, 0, 4925},
    {0x336D, 3, 0, 4928},  {0x336E, 3, 0, 4931},  {0x336F, 3, 0, 4934},
    {0x3370, 3, 0, 4937},  {0x3371, 3, 0, 4940},  {0x3372, 2, 0, 4943},
    {0x3373, 2, 0, 4945},  {0x3374, 3, 0, 4947},  {0x3375, 2, 0, 4950},
    {0x3376, 2, 0, 4952},  {0x3377, 2, 0, 4954},  {0x3378, 3, 0, 4956},
    {0x3379, 3, 0, 4959},  {0x337A, 2, 0, 4962},  {0x337B, 2, 0, 4964},
    {0x337C, 2, 0, 4966},  {0x337D, 2, 0, 4968},  {0x337E, 2, 0, 4970},
    {0x337F, 4, 0, 4972},  {0x3380, 2, 0, 4976},  {0x3381, 2, 0, 4978},
    {0x3382, 2, 0, 4980},  {0x3383, 2, 0, 4982},  {0x3384, 2, 0, 4984},
    {0x3385, 2, 0, 4986},  {0x3386, 2, 0, 4988},  {0x3387, 2, 0, 4990},
    {0x3388, 3, 0, 4992},  {0x3389, 4, 0, 4995},  {0x338A, 2, 0, 4999},
    {0x338B, 2, 0, 5001},  {0x338C, 2, 0, 5003},  {0x338D, 2, 0, 5005},
    {0x338E, 2, 0, 5007},  {0x338F, 2, 0, 5009},  {0x3390, 2, 0, 5011},
    {0x3391, 3, 0, 5013},  {0x3392, 3, 0, 5016},  {0x3393, 3, 0, 5019},
    {0x3394, 3, 0, 5022},  {0x3395, 2, 0, 5025},  {0x3396, 2, 0, 5027},
    {0x3397, 2, 0, 5029},  {0x3398, 2, 0, 5031},  {0x3399, 2, 0, 5033},
    {0x339A, 2, 0, 5035},  {0x339B, 2, 0, 5037},  {0x339C, 2, 0, 5039},
    {0x339D, 2, 0, 5041},  {0x339E, 2, 0, 5043},  {0x339F, 3, 0, 5045},
    {0x33A0, 3, 0, 5048},  {0x33A1, 2, 0, 5051},  {0x33A2, 3, 0, 5053},
    {0x33A3, 3, 0, 5056},  {0x33A4, 3, 0, 5059},  {0x33A5, 2, 0, 5062},
    {0x33A6, 3, 0, 5064},  {0x33A7, 3, 0, 5067},  {0x33A8, 4, 0, 5070},
    {0x33A9, 2, 0, 5074},  {0x33AA, 3, 0, 5076},  {0x33AB, 3, 0, 5079},
    {0x33AC, 3, 0, 5082},  {0x33AD, 3, 0, 5085},  {0x33AE, 5, 0, 5088},
    {0x33AF, 6, 0, 5093},  {0x33B0, 2, 0, 5099},  {0x33B1, 2, 0, 5101},
    {0x33B2, 2, 0, 5103},  {0x33B3, 2, 0, 5105},  {0x33B4, 2, 0, 5107},
    {0x33B5, 2, 0, 5109},  {0x33B6, 2, 0, 5111},  {0x33B7, 2, 0, 5113},
    {0x33B8, 2, 0, 5115},  {0x33B9, 2, 0, 5117},  {0x33BA, 2, 0, 5119},
    {0x33BB, 2, 0, 5121},  {0x33BC, 2, 0, 5123},  {0x33BD, 2, 0, 5125},
    {0x33BE, 2, 0, 5127},  {0x33BF, 2, 0, 5129},  {0x33C0, 2, 0, 5131},
    {0x33C1, 2, 0, 5133},  {0x33C2, 4, 0, 5135},  {0x33C3, 2, 0, 5139},
    {0x33C4, 2, 0, 5141},  {0x33C5, 2, 0, 5143},  {0x33C6, 4, 0, 5145},
    {0x33C7, 3, 0, 5149},  {0x33C8, 2, 0, 5152},  {0x33C9, 2, 0, 5154},
    {0x33CA, 2, 0, 5156},  {0x33CB, 2, 0, 5158},  {0x33CC, 2, 0, 5160},
    {0x33CD, 2, 0, 5162},  {0x33CE, 2, 0, 5164},  {0x33CF, 2, 0, 5166},
    {0x33D0, 2, 0, 5168},  {0x33D1, 2, 0, 5170},  {0x33D2, 3, 0, 5172},
    {0x33D3, 2, 0, 5175},  {0x33D4, 2, 0, 5177},  {0x33D5, 3, 0, 5179},
    {0x33D6, 3, 0, 5182},  {0x33D7, 2, 0, 5185},  {0x33D8, 4, 0, 5187},
    {0x33D9, 3, 0, 5191},  {0x33DA, 2, 0, 5194},  {0x33DB, 2, 0, 5196},
    {0x33DC, 2, 0, 5198},  {0x33DD, 2, 0, 5200},  {0x33DE, 3, 0, 5202},
    {0x33DF, 3, 0, 5205},  {0x33E0, 2, 0, 5208},  {0x33E1, 2, 0, 5210},
    {0x33E2, 2, 0, 5212},  {0x33E3, 2, 0, 5214},  {0x33E4, 2, 0, 5216},
    {0x33E5, 2, 0, 5218},  {0x33E6, 2, 0, 5220},  {0x33E7, 2, 0, 5222},
    {0x33E8, 2, 0, 5224},  {0x33E9, 3, 0, 5226},  {0x33EA, 3, 0, 5229},
    {0x33EB, 3, 0, 5232},  {0x33EC, 3, 0, 5235},  {0x33ED, 3, 0, 5238},
    {0x33EE, 3, 0, 5241},  {0x33EF, 3, 0, 5244},  {0x33F0, 3, 0, 5247},
    {0x33F1, 3, 0, 5250},  {0x33F2, 3, 0, 5253},  {0x33F3, 3, 0, 5256},
    {0x33F4, 3, 0, 5259},  {0x33F5, 3, 0, 5262},  {0x33F6, 3, 0, 5265},
    {0x33F7, 3, 0, 5268},  {0x33F8, 3, 0, 5271},  {0x33F9, 3, 0, 5274},
    {0x33FA, 3, 0, 5277},  {0x33FB, 3, 0, 5280},  {0x33FC, 3, 0, 5283},
    {0x33FD, 3, 0, 5286},  {0x33FE, 3, 0, 5289},  {0x33FF, 3, 0, 5292},
    {0xA69C, 1, 0, 5295},  {0xA69D, 1, 0, 5296},  {0xA770, 1, 0, 5297},
    {0xA7F1, 1, 0, 3761},  {0xA7F2, 1, 0, 3395},  {0xA7F3, 1, 0, 3419},
    {0xA7F4, 1, 0, 3410},  {0xA7F8, 1, 0, 5298},  {0xA7F9, 1, 0, 5299},
    {0xAB5C, 1, 0, 5300},  {0xAB5D, 1, 0, 5301},  {0xAB5E, 1, 0, 5302},
    {0xAB5F, 1, 0, 5303},  {0xAB69, 1, 0, 5304},  {0xFB00, 2, 0, 5305},
    {0xFB01, 2, 0, 5307},  {0xFB02, 2, 0, 5309},  {0xFB03, 3, 0, 5311},
    {0xFB04, 3, 0, 5314},  {0xFB05, 2, 0, 5317},  {0xFB06, 2, 0, 5317},
    {0xFB13, 2, 0, 5319},  {0xFB14, 2, 0, 5321},  {0xFB15, 2, 0, 5323},
    {0xFB16, 2, 0, 5325},  {0xFB17, 2, 0, 5327},  {0xFB20, 1, 0, 5329},
    {0xFB21, 1, 0, 3420},  {0xFB22, 1, 0, 3423},  {0xFB23, 1, 0, 5330},
    {0xFB24, 1, 0, 5331},  {0xFB25, 1, 0, 5332},  {0xFB26, 1, 0, 5333},
    {0xFB27, 1, 0, 5334},  {0xFB28, 1, 0, 5335},  {0xFB29, 1, 0, 3381},
    {0xFB4F, 2, 0, 5336},  {0xFB50, 1, 0, 5338},  {0xFB51, 1, 0, 5338},
    {0xFB52, 1, 0, 5339},  {0xFB53, 1, 0, 5339},  {0xFB54, 1, 0, 5339},
    {0xFB55, 1, 0, 5339},  {0xFB56, 1, 0, 5340},  {0xFB57, 1, 0, 5340},
    {0xFB58, 1, 0, 5340},  {0xFB59, 1, 0, 5340},  {0xFB5A, 1, 0, 5341},
    {0xFB5B, 1, 0, 5341},  {0xFB5C, 1, 0, 5341},  {0xFB5D, 1, 0, 5341},
    {0xFB5E, 1, 0, 5342},  {0xFB5F, 1, 0, 5342},  {0xFB60, 1, 0, 5342},
    {0xFB61, 1, 0, 5342},  {0xFB62, 1, 0, 5343},  {0xFB63, 1, 0, 5343},
    {0xFB64, 1, 0, 5343},  {0xFB65, 1, 0, 5343},  {0xFB66, 1, 0, 5344},
    {0xFB67, 1, 0, 5344},  {0xFB68, 1, 0, 5344},  {0xFB69, 1, 0, 5344},
    {0xFB6A, 1, 0, 5345},  {0xFB6B, 1, 0, 5345},  {0xFB6C, 1, 0, 5345},
    {0xFB6D, 1, 0, 5345},  {0xFB6E, 1, 0, 5346},  {0xFB6F, 1, 0, 5346},
    {0xFB70, 1, 0, 5346},  {0xFB71, 1, 0, 5346},  {0xFB72, 1, 0, 5347},
    {0xFB73, 1, 0, 5347},  {0xFB74, 1, 0, 5347},  {0xFB75, 1, 0, 5347},
    {0xFB76, 1, 0, 5348},  {0xFB77, 1, 0, 5348},  {0xFB78, 1, 0, 5348},
    {0xFB79, 1, 0, 5348},  {0xFB7A, 1, 0, 5349},  {0xFB7B, 1, 0, 5349},
    {0xFB7C, 1, 0, 5349},  {0xFB7D, 1, 0, 5349},  {0xFB7E, 1, 0, 5350},
    {0xFB7F, 1, 0, 5350},  {0xFB80, 1, 0, 5350},  {0xFB81, 1, 0, 5350},
    {0xFB82, 1, 0, 5351},  {0xFB83, 1, 0, 5351},  {0xFB84, 1, 0, 5352},
    {0xFB85, 1, 0, 5352},  {0xFB86, 1, 0, 5353},  {0xFB87, 1, 0, 5353},
    {0xFB88, 1, 0, 5354},  {0xFB89, 1, 0, 5354},  {0xFB8A, 1, 0, 5355},
    {0xFB8B, 1, 0, 5355},  {0xFB8C, 1, 0, 5356},  {0xFB8D, 1, 0, 5356},
    {0xFB8E, 1, 0, 5357},  {0xFB8F, 1, 0, 5357},  {0xFB90, 1, 0, 5357},
    {0xFB91, 1, 0, 5357},  {0xFB92, 1, 0, 5358},  {0xFB93, 1, 0, 5358},
    {0xFB94, 1, 0, 5358},  {0xFB95, 1, 0, 5358},  {0xFB96, 1, 0, 5359},
    {0xFB97, 1, 0, 5359},  {0xFB98, 1, 0, 5359},  {0xFB99, 1, 0, 5359},
    {0xFB9A, 1, 0, 5360},  {0xFB9B, 1, 0, 5360},  {0xFB9C, 1, 0, 5360},
    {0xFB9D, 1, 0, 5360},  {0xFB9E, 1, 0, 5361},  {0xFB9F, 1, 0, 5361},
    {0xFBA0, 1, 0, 5362},  {0xFBA1, 1, 0, 5362},  {0xFBA2, 1, 0, 5362},
    {0xFBA3, 1, 0, 5362},  {0xFBA4, 2, 0, 696},   {0xFBA5, 2, 0, 696},
    {0xFBA6, 1, 0, 5363},  {0xFBA7, 1, 0, 5363},  {0xFBA8, 1, 0, 5363},
    {0xFBA9, 1, 0, 5363},  {0xFBAA, 1, 0, 5364},  {0xFBAB, 1, 0, 5364},
    {0xFBAC, 1, 0, 5364},  {0xFBAD, 1, 0, 5364},  {0xFBAE, 1, 0, 5365},
    {0xFBAF, 1, 0, 5365},  {0xFBB0, 2, 0, 700},   {0xFBB1, 2, 0, 700},
    {0xFBD3, 1, 0, 5366},  {0xFBD4, 1, 0, 5366},  {0xFBD5, 1, 0, 5366},
    {0xFBD6, 1, 0, 5366},  {0xFBD7, 1, 0, 5367},  {0xFBD8, 1, 0, 5367},
    {0xFBD9, 1, 0, 5368},  {0xFBDA, 1, 0, 5368},  {0xFBDB, 1, 0, 5369},
    {0xFBDC, 1, 0, 5369},  {0xFBDD, 2, 0, 3206},  {0xFBDE, 1, 0, 5370},
    {0xFBDF, 1, 0, 5370},  {0xFBE0, 1, 0, 5371},  {0xFBE1, 1, 0, 5371},
    {0xFBE2, 1, 0, 5372},  {0xFBE3, 1, 0, 5372},  {0xFBE4, 1, 0, 5373},
    {0xFBE5, 1, 0, 5373},  {0xFBE6, 1, 0, 5373},  {0xFBE7, 1, 0, 5373},
    {0xFBE8, 1, 0, 5374},  {0xFBE9, 1, 0, 5374},  {0xFBEA, 3, 0, 5375},
    {0xFBEB, 3, 0, 5375},  {0xFBEC, 3, 0, 5378},  {0xFBED, 3, 0, 5378},
    {0xFBEE, 3, 0, 5381},  {0xFBEF, 3, 0, 5381},  {0xFBF0, 3, 0, 5384},
    {0xFBF1, 3, 0, 5384},  {0xFBF2, 3, 0, 5387},  {0xFBF3, 3, 0, 5387},
    {0xFBF4, 3, 0, 5390},  {0xFBF5, 3, 0, 5390},  {0xFBF6, 3, 0, 5393},
    {0xFBF7, 3, 0, 5393},  {0xFBF8, 3, 0, 5393},  {0xFBF9, 3, 0, 5396},
    {0xFBFA, 3, 0, 5396},  {0xFBFB, 3, 0, 5396},  {0xFBFC, 1, 0, 5399},
    {0xFBFD, 1, 0, 5399},  {0xFBFE, 1, 0, 5399},  {0xFBFF, 1, 0, 5399},
    {0xFC00, 3, 0, 5400},  {0xFC01, 3, 0, 5403},  {0xFC02, 3, 0, 5406},
    {0xFC03, 3, 0, 5396},  {0xFC04, 3, 0, 5409},  {0xFC05, 2, 0, 5412},
    {0xFC06, 2, 0, 5414},  {0xFC07, 2, 0, 5416},  {0xFC08, 2, 0, 5418},
    {0xFC09, 2, 0, 5420},  {0xFC0A, 2, 0, 5422},  {0xFC0B, 2, 0, 5424},
    {0xFC0C, 2, 0, 5426},  {0xFC0D, 2, 0, 5428},  {0xFC0E, 2, 0, 5430},
    {0xFC0F, 2, 0, 5432},  {0xFC10, 2, 0, 5434},  {0xFC11, 2, 0, 5436},
    {0xFC12, 2, 0, 5438},  {0xFC13, 2, 0, 5440},  {0xFC14, 2, 0, 5442},
    {0xFC15, 2, 0, 5444},  {0xFC16, 2, 0, 5446},  {0xFC17, 2, 0, 5448},
    {0xFC18, 2, 0, 5450},  {0xFC19, 2, 0, 5452},  {0xFC1A, 2, 0, 5454},
    {0xFC1B, 2, 0, 5456},  {0xFC1C, 2, 0, 5458},  {0xFC1D, 2, 0, 5460},
    {0xFC1E, 2, 0, 5462},  {0xFC1F, 2, 0, 5464},  {0xFC20, 2, 0, 5466},
    {0xFC21, 2, 0, 5468},  {0xFC22, 2, 0, 5470},  {0xFC23, 2, 0, 5472},
    {0xFC24, 2, 0, 5474},  {0xFC25, 2, 0, 5476},  {0xFC26, 2, 0, 5478},
    {0xFC27, 2, 0, 5480},  {0xFC28, 2, 0, 5482},  {0xFC29, 2, 0, 5484},
    {0xFC2A, 2, 0, 5486},  {0xFC2B, 2, 0, 5488},  {0xFC2C, 2, 0, 5490},
    {0xFC2D, 2, 0, 5492},  {0xFC2E, 2, 0, 5494},  {0xFC2F, 2, 0, 5496},
    {0xFC30, 2, 0, 5498},  {0xFC31, 2, 0, 5500},  {0xFC32, 2, 0, 5502},
    {0xFC33, 2, 0, 5504},  {0xFC34, 2, 0, 5506},  {0xFC35, 2, 0, 5508},
    {0xFC36, 2, 0, 5510},  {0xFC37, 2, 0, 5512},  {0xFC38, 2, 0, 5514},
    {0xFC39, 2, 0, 5516},  {0xFC3A, 2, 0, 5518},  {0xFC3B, 2, 0, 5520},
    {0xFC3C, 2, 0, 5522},  {0xFC3D, 2, 0, 5524},  {0xFC3E, 2, 0, 5526},
    {0xFC3F, 2, 0, 5528},  {0xFC40, 2, 0, 5530},  {0xFC41, 2, 0, 5532},
    {0xFC42, 2, 0, 5534},  {0xFC43, 2, 0, 5536},  {0xFC44, 2, 0, 5538},
    {0xFC45, 2, 0, 5540},  {0xFC46, 2, 0, 5542},  {0xFC47, 2, 0, 5544},
    {0xFC48, 2, 0, 5546},  {0xFC49, 2, 0, 5548},  {0xFC4A, 2, 0, 5550},
    {0xFC4B, 2, 0, 5552},  {0xFC4C, 2, 0, 5554},  {0xFC4D, 2, 0, 5556},
    {0xFC4E, 2, 0, 5558},  {0xFC4F, 2, 0, 5560},  {0xFC50, 2, 0, 5562},
    {0xFC51, 2, 0, 5564},  {0xFC52, 2, 0, 5566},  {0xFC53, 2, 0, 5568},
    {0xFC54, 2, 0, 5570},  {0xFC55, 2, 0, 5572},  {0xFC56, 2, 0, 5574},
    {0xFC57, 2, 0, 5576},  {0xFC58, 2, 0, 5578},  {0xFC59, 2, 0, 5580},
    {0xFC5A, 2, 0, 5582},  {0xFC5B, 2, 0, 5584},  {0xFC5C, 2, 0, 5586},
    {0xFC5D, 2, 0, 5588},  {0xFC5E, 3, 0, 5590},  {0xFC5F, 3, 0, 5593},
    {0xFC60, 3, 0, 5596},  {0xFC61, 3, 0, 5599},  {0xFC62, 3, 0, 5602},
    {0xFC63, 3, 0, 5605},  {0xFC64, 3, 0, 5608},  {0xFC65, 3, 0, 5611},
    {0xFC66, 3, 0, 5406},  {0xFC67, 3, 0, 5614},  {0xFC68, 3, 0, 5396},
    {0xFC69, 3, 0, 5409},  {0xFC6A, 2, 0, 5617},  {0xFC6B, 2, 0, 5619},
    {0xFC6C, 2, 0, 5418},  {0xFC6D, 2, 0, 5621},  {0xFC6E, 2, 0, 5420},
    {0xFC6F, 2, 0, 5422},  {0xFC70, 2, 0, 5623},  {0xFC71, 2, 0, 5625},
    {0xFC72, 2, 0, 5430},  {0xFC73, 2, 0, 5627},  {0xFC74, 2, 0, 5432},
    {0xFC75, 2, 0, 5434},  {0xFC76, 2, 0, 5629},  {0xFC77, 2, 0, 5631},
    {0xFC78, 2, 0, 5438},  {0xFC79, 2, 0, 5633},  {0xFC7A, 2, 0, 5440},
    {0xFC7B, 2, 0, 5442},  {0xFC7C, 2, 0, 5500},  {0xFC7D, 2, 0, 5502},
    {0xFC7E, 2, 0, 5508},  {0xFC7F, 2, 0, 5510},  {0xFC80, 2, 0, 5512},
    {0xFC81, 2, 0, 5520},  {0xFC82, 2, 0, 5522},  {0xFC83, 2, 0, 5524},
    {0xFC84, 2, 0, 5526},  {0xFC85, 2, 0, 5534},  {0xFC86, 2, 0, 5536},
    {0xFC87, 2, 0, 5538},  {0xFC88, 2, 0, 5635},  {0xFC89, 2, 0, 5546},
    {0xFC8A, 2, 0, 5637},  {0xFC8B, 2, 0, 5639},  {0xFC8C, 2, 0, 5558},
    {0xFC8D, 2, 0, 5641},  {0xFC8E, 2, 0, 5560},  {0xFC8F, 2, 0, 5562},
    {0xFC90, 2, 0, 5588},  {0xFC91, 2, 0, 5643},  {0xFC92, 2, 0, 5645},
    {0xFC93, 2, 0, 5578},  {0xFC94, 2, 0, 5647},  {0xFC95, 2, 0, 5580},
    {0xFC96, 2, 0, 5582},  {0xFC97, 3, 0, 5400},  {0xFC98, 3, 0, 5403},
    {0xFC99, 3, 0, 5649},  {0xFC9A, 3, 0, 5406},  {0xFC9B, 3, 0, 5652},
    {0xFC9C, 2, 0, 5412},  {0xFC9D, 2, 0, 5414},  {0xFC9E, 2, 0, 5416},
    {0xFC9F, 2, 0, 5418},  {0xFCA0, 2, 0, 5655},  {0xFCA1, 2, 0, 5424},
    {0xFCA2, 2, 0, 5426},  {0xFCA3, 2, 0, 5428},  {0xFCA4, 2, 0, 5430},
    {0xFCA5, 2, 0, 5657},  {0xFCA6, 2, 0, 5438},  {0xFCA7, 2, 0, 5444},
    {0xFCA8, 2, 0, 5446},  {0xFCA9, 2, 0, 5448},  {0xFCAA, 2, 0, 5450},
    {0xFCAB, 2, 0, 5452},  {0xFCAC, 2, 0, 5456},  {0xFCAD, 2, 0, 5458},
    {0xFCAE, 2, 0, 5460},  {0xFCAF, 2, 0, 5462},  {0xFCB0, 2, 0, 5464},
    {0xFCB1, 2, 0, 5466},  {0xFCB2, 2, 0, 5659},  {0xFCB3, 2, 0, 5468},
    {0xFCB4, 2, 0, 5470},  {0xFCB5, 2, 0, 5472},  {0xFCB6, 2, 0, 5474},
    {0xFCB7, 2, 0, 5476},  {0xFCB8, 2, 0, 5478},  {0xFCB9, 2, 0, 5482},
    {0xFCBA, 2, 0, 5484},  {0xFCBB, 2, 0, 5486},  {0xFCBC, 2, 0, 5488},
    {0xFCBD, 2, 0, 5490},  {0xFCBE, 2, 0, 5492},  {0xFCBF, 2, 0, 5494},
    {0xFCC0, 2, 0, 5496},  {0xFCC1, 2, 0, 5498},  {0xFCC2, 2, 0, 5504},
    {0xFCC3, 2, 0, 5506},  {0xFCC4, 2, 0, 5514},  {0xFCC5, 2, 0, 5516},
    {0xFCC6, 2, 0, 5518},  {0xFCC7, 2, 0, 5520},  {0xFCC8, 2, 0, 5522},
    {0xFCC9, 2, 0, 5528},  {0xFCCA, 2, 0, 5530},  {0xFCCB, 2, 0, 5532},
    {0xFCCC, 2, 0, 5534},  {0xFCCD, 2, 0, 5661},  {0xFCCE, 2, 0, 5540},
    {0xFCCF, 2, 0, 5542},  {0xFCD0, 2, 0, 5544},  {0xFCD1, 2, 0, 5546},
    {0xFCD2, 2, 0, 5552},  {0xFCD3, 2, 0, 5554},  {0xFCD4, 2, 0, 5556},
    {0xFCD5, 2, 0, 5558},  {0xFCD6, 2, 0, 5663},  {0xFCD7, 2, 0, 5564},
    {0xFCD8, 2, 0, 5566},  {0xFCD9, 2, 0, 5665},  {0xFCDA, 2, 0, 5572},
    {0xFCDB, 2, 0, 5574},  {0xFCDC, 2, 0, 5576},  {0xFCDD, 2, 0, 5578},
    {0xFCDE, 2, 0, 5667},  {0xFCDF, 3, 0, 5406},  {0xFCE0, 3, 0, 5652},
    {0xFCE1, 2, 0, 5418},  {0xFCE2, 2, 0, 5655},  {0xFCE3, 2, 0, 5430},
    {0xFCE4, 2, 0, 5657},  {0xFCE5, 2, 0, 5438},  {0xFCE6, 2, 0, 5669},
    {0xFCE7, 2, 0, 5464},  {0xFCE8, 2, 0, 5671},  {0xFCE9, 2, 0, 5673},
    {0xFCEA, 2, 0, 5675},  {0xFCEB, 2, 0, 5520},  {0xFCEC, 2, 0, 5522},
    {0xFCED, 2, 0, 5534},  {0xFCEE, 2, 0, 5558},  {0xFCEF, 2, 0, 5663},
    {0xFCF0, 2, 0, 5578},  {0xFCF1, 2, 0, 5667},  {0xFCF2, 3, 0, 5677},
    {0xFCF3, 3, 0, 5680},  {0xFCF4, 3, 0, 5683},  {0xFCF5, 2, 0, 5686},
    {0xFCF6, 2, 0, 5688},  {0xFCF7, 2, 0, 5690},  {0xFCF8, 2, 0, 5692},
    {0xFCF9, 2, 0, 5694},  {0xFCFA, 2, 0, 5696},  {0xFCFB, 2, 0, 5698},
    {0xFCFC, 2, 0, 5700},  {0xFCFD, 2, 0, 5702},  {0xFCFE, 2, 0, 5704},
    {0xFCFF, 2, 0, 5706},  {0xFD00, 2, 0, 5708},  {0xFD01, 2, 0, 5710},
    {0xFD02, 2, 0, 5712},  {0xFD03, 2, 0, 5714},  {0xFD04, 2, 0, 5716},
    {0xFD05, 2, 0, 5718},  {0xFD06, 2, 0, 5720},  {0xFD07, 2, 0, 5722},
    {0xFD08, 2, 0, 5724},  {0xFD09, 2, 0, 5726},  {0xFD0A, 2, 0, 5728},
    {0xFD0B, 2, 0, 5730},  {0xFD0C, 2, 0, 5673},  {0xFD0D, 2, 0, 5732},
    {0xFD0E, 2, 0, 5734},  {0xFD0F, 2, 0, 5736},  {0xFD10, 2, 0, 5738},
    {0xFD11, 2, 0, 5686},  {0xFD12, 2, 0, 5688},  {0xFD13, 2, 0, 5690},
    {0xFD14, 2, 0, 5692},  {0xFD15, 2, 0, 5694},  {0xFD16, 2, 0, 5696},
    {0xFD17, 2, 0, 5698},  {0xFD18, 2, 0, 5700},  {0xFD19, 2, 0, 5702},
    {0xFD1A, 2, 0, 5704},  {0xFD1B, 2, 0, 5706},  {0xFD1C, 2, 0, 5708},
    {0xFD1D, 2, 0, 5710},  {0xFD1E, 2, 0, 5712},  {0xFD1F, 2, 0, 5714},
    {0xFD20, 2, 0, 5716},  {0xFD21, 2, 0, 5718},  {0xFD22, 2, 0, 5720},
    {0xFD23, 2, 0, 5722},  {0xFD24, 2, 0, 5724},  {0xFD25, 2, 0, 5726},
    {0xFD26, 2, 0, 5728},  {0xFD27, 2, 0, 5730},  {0xFD28, 2, 0, 5673},
    {0xFD29, 2, 0, 5732},  {0xFD2A, 2, 0, 5734},  {0xFD2B, 2, 0, 5736},
    {0xFD2C, 2, 0, 5738},  {0xFD2D, 2, 0, 5726},  {0xFD2E, 2, 0, 5728},
    {0xFD2F, 2, 0, 5730},  {0xFD30, 2, 0, 5673},  {0xFD31, 2, 0, 5671},
    {0xFD32, 2, 0, 5675},  {0xFD33, 2, 0, 5480},  {0xFD34, 2, 0, 5458},
    {0xFD35, 2, 0, 5460},  {0xFD36, 2, 0, 5462},  {0xFD37, 2, 0, 5726},
    {0xFD38, 2, 0, 5728},  {0xFD39, 2, 0, 5730},  {0xFD3A, 2, 0, 5480},
    {0xFD3B, 2, 0, 5482},  {0xFD3C, 2, 0, 5740},  {0xFD3D, 2, 0, 5740},
    {0xFD50, 3, 0, 5742},  {0xFD51, 3, 0, 5745},  {0xFD52, 3, 0, 5745},
    {0xFD53, 3, 0, 5748},  {0xFD54, 3, 0, 5751},  {0xFD55, 3, 0, 5754},
    {0xFD56, 3, 0, 5757},  {0xFD57, 3, 0, 5760},  {0xFD58, 3, 0, 5763},
    {0xFD59, 3, 0, 5763},  {0xFD5A, 3, 0, 5766},  {0xFD5B, 3, 0, 5769},
    {0xFD5C, 3, 0, 5772},  {0xFD5D, 3, 0, 5775},  {0xFD5E, 3, 0, 5778},
    {0xFD5F, 3, 0, 5781},  {0xFD60, 3, 0, 5781},  {0xFD61, 3, 0, 5784},
    {0xFD62, 3, 0, 5787},  {0xFD63, 3, 0, 5787},  {0xFD64, 3, 0, 5790},
    {0xFD65, 3, 0, 5790},  {0xFD66, 3, 0, 5793},  {0xFD67, 3, 0, 5796},
    {0xFD68, 3, 0, 5796},  {0xFD69, 3, 0, 5799},  {0xFD6A, 3, 0, 5802},
    {0xFD6B, 3, 0, 5802},  {0xFD6C, 3, 0, 5805},  {0xFD6D, 3, 0, 5805},
    {0xFD6E, 3, 0, 5808},  {0xFD6F, 3, 0, 5811},  {0xFD70, 3, 0, 5811},
    {0xFD71, 3, 0, 5814},  {0xFD72, 3, 0, 5814},  {0xFD73, 3, 0, 5817},
    {0xFD74, 3, 0, 5820},  {0xFD75, 3, 0, 5823},  {0xFD76, 3, 0, 5826},
    {0xFD77, 3, 0, 5826},  {0xFD78, 3, 0, 5829},  {0xFD79, 3, 0, 5832},
    {0xFD7A, 3, 0, 5835},  {0xFD7B, 3, 0, 5838},  {0xFD7C, 3, 0, 5841},
    {0xFD7D, 3, 0, 5841},  {0xFD7E, 3, 0, 5844},  {0xFD7F, 3, 0, 5847},
    {0xFD80, 3, 0, 5850},  {0xFD81, 3, 0, 5853},  {0xFD82, 3, 0, 5856},
    {0xFD83, 3, 0, 5859},  {0xFD84, 3, 0, 5859},  {0xFD85, 3, 0, 5862},
    {0xFD86, 3, 0, 5862},  {0xFD87, 3, 0, 5865},  {0xFD88, 3, 0, 5865},
    {0xFD89, 3, 0, 5868},  {0xFD8A, 3, 0, 5871},  {0xFD8B, 3, 0, 5874},
    {0xFD8C, 3, 0, 5877},  {0xFD8D, 3, 0, 5880},  {0xFD8E, 3, 0, 5883},
    {0xFD8F, 3, 0, 5886},  {0xFD92, 3, 0, 5889},  {0xFD93, 3, 0, 5892},
    {0xFD94, 3, 0, 5895},  {0xFD95, 3, 0, 5898},  {0xFD96, 3, 0, 5901},
    {0xFD97, 3, 0, 5904},  {0xFD98, 3, 0, 5904},  {0xFD99, 3, 0, 5907},
    {0xFD9A, 3, 0, 5910},  {0xFD9B, 3, 0, 5913},  {0xFD9C, 3, 0, 5916},
    {0xFD9D, 3, 0, 5916},  {0xFD9E, 3, 0, 5919},  {0xFD9F, 3, 0, 5922},
    {0xFDA0, 3, 0, 5925},  {0xFDA1, 3, 0, 5928},  {0xFDA2, 3, 0, 5931},
    {0xFDA3, 3, 0, 5934},  {0xFDA4, 3, 0, 5937},  {0xFDA5, 3, 0, 5940},
    {0xFDA6, 3, 0, 5943},  {0xFDA7, 3, 0, 5946},  {0xFDA8, 3, 0, 5949},
    {0xFDA9, 3, 0, 5952},  {0xFDAA, 3, 0, 5955},  {0xFDAB, 3, 0, 5958},
    {0xFDAC, 3, 0, 5961},  {0xFDAD, 3, 0, 5964},  {0xFDAE, 3, 0, 5967},
    {0xFDAF, 3, 0, 5970},  {0xFDB0, 3, 0, 5973},  {0xFDB1, 3, 0, 5976},
    {0xFDB2, 3, 0, 5979},  {0xFDB3, 3, 0, 5982},  {0xFDB4, 3, 0, 5844},
    {0xFDB5, 3, 0, 5850},  {0xFDB6, 3, 0, 5985},  {0xFDB7, 3, 0, 5988},
    {0xFDB8, 3, 0, 5991},  {0xFDB9, 3, 0, 5994},  {0xFDBA, 3, 0, 5997},
    {0xFDBB, 3, 0, 6000},  {0xFDBC, 3, 0, 5997},  {0xFDBD, 3, 0, 5991},
    {0xFDBE, 3, 0, 6003},  {0xFDBF, 3, 0, 6006},  {0xFDC0, 3, 0, 6009},
    {0xFDC1, 3, 0, 6012},  {0xFDC2, 3, 0, 6015},  {0xFDC3, 3, 0, 6000},
    {0xFDC4, 3, 0, 5823},  {0xFDC5, 3, 0, 5793},  {0xFDC6, 3, 0, 6018},
    {0xFDC7, 3, 0, 6021},  {0xFDF0, 3, 0, 6024},  {0xFDF1, 3, 0, 6027},
    {0xFDF2, 4, 0, 6030},  {0xFDF3, 4, 0, 6034},  {0xFDF4, 4, 0, 6038},
    {0xFDF5, 4, 0, 6042},  {0xFDF6, 4, 0, 6046},  {0xFDF7, 4, 0, 6050},
    {0xFDF8, 4, 0, 6054},  {0xFDF9, 3, 0, 6058},  {0xFDFA, 18, 0, 6061},
    {0xFDFB, 8, 0, 6079},  {0xFDFC, 4, 0, 6087},  {0xFE10, 1, 0, 6091},
    {0xFE11, 1, 0, 6092},  {0xFE12, 1, 0, 6093},  {0xFE13, 1, 0, 6094},
    {0xFE14, 1, 0, 532},   {0xFE15, 1, 0, 6095},  {0xFE16, 1, 0, 6096},
    {0xFE17, 1, 0, 6097},  {0xFE18, 1, 0, 6098},  {0xFE19, 3, 0, 3347},
    {0xFE30, 2, 0, 3345},  {0xFE31, 1, 0, 6099},  {0xFE32, 1, 0, 6100},
    {0xFE33, 1, 0, 6101},  {0xFE34, 1, 0, 6101},  {0xFE35, 1, 0, 3384},
    {0xFE36, 1, 0, 3385},  {0xFE37, 1, 0, 6102},  {0xFE38, 1, 0, 6103},
    {0xFE39, 1, 0, 6104},  {0xFE3A, 1, 0, 6105},  {0xFE3B, 1, 0, 6106},
    {0xFE3C, 1, 0, 6107},  {0xFE3D, 1, 0, 6108},  {0xFE3E, 1, 0, 6109},
    {0xFE3F, 1, 0, 2115},  {0xFE40, 1, 0, 2116},  {0xFE41, 1, 0, 6110},
    {0xFE42, 1, 0, 6111},  {0xFE43, 1, 0, 6112},  {0xFE44, 1, 0, 6113},
    {0xFE47, 1, 0, 6114},  {0xFE48, 1, 0, 6115},  {0xFE49, 2, 0, 3362},
    {0xFE4A, 2, 0, 3362},  {0xFE4B, 2, 0, 3362},  {0xFE4C, 2, 0, 3362},
    {0xFE4D, 1, 0, 6101},  {0xFE4E, 1, 0, 6101},  {0xFE4F, 1, 0, 6101},
    {0xFE50, 1, 0, 6091},  {0xFE51, 1, 0, 6092},  {0xFE52, 1, 0, 3344},
    {0xFE54, 1, 0, 532},   {0xFE55, 1, 0, 6094},  {0xFE56, 1, 0, 6096},
    {0xFE57, 1, 0, 6095},  {0xFE58, 1, 0, 6099},  {0xFE59, 1, 0, 3384},
    {0xFE5A, 1, 0, 3385},  {0xFE5B, 1, 0, 6102},  {0xFE5C, 1, 0, 6103},
    {0xFE5D, 1, 0, 6104},  {0xFE5E, 1, 0, 6105},  {0xFE5F, 1, 0, 6116},
    {0xFE60, 1, 0, 6117},  {0xFE61, 1, 0, 6118},  {0xFE62, 1, 0, 3381},
    {0xFE63, 1, 0, 6119},  {0xFE64, 1, 0, 6120},  {0xFE65, 1, 0, 6121},
    {0xFE66, 1, 0, 3383},  {0xFE68, 1, 0, 6122},  {0xFE69, 1, 0, 6123},
    {0xFE6A, 1, 0, 6124},  {0xFE6B, 1, 0, 6125},  {0xFE70, 2, 0, 6126},
    {0xFE71, 2, 0, 6128},  {0xFE72, 2, 0, 6130},  {0xFE74, 2, 0, 6132},
    {0xFE76, 2, 0, 6134},  {0xFE77, 2, 0, 6136},  {0xFE78, 2, 0, 6138},
    {0xFE79, 2, 0, 6140},  {0xFE7A, 2, 0, 6142},  {0xFE7B, 2, 0, 6144},
    {0xFE7C, 2, 0, 6146},  {0xFE7D, 2, 0, 6148},  {0xFE7E, 2, 0, 6150},
    {0xFE7F, 2, 0, 6152},  {0xFE80, 1, 0, 6154},  {0xFE81, 2, 0, 686},
    {0xFE82, 2, 0, 686},   {0xFE83, 2, 0, 688},   {0xFE84, 2, 0, 688},
    {0xFE85, 2, 0, 690},   {0xFE86, 2, 0, 690},   {0xFE87, 2, 0, 692},
    {0xFE88, 2, 0, 692},   {0xFE89, 2, 0, 694},   {0xFE8A, 2, 0, 694},
    {0xFE8B, 2, 0, 694},   {0xFE8C, 2, 0, 694},   {0xFE8D, 1, 0, 6155},
    {0xFE8E, 1, 0, 6155},  {0xFE8F, 1, 0, 6156},  {0xFE90, 1, 0, 6156},
    {0xFE91, 1, 0, 6156},  {0xFE92, 1, 0, 6156},  {0xFE93, 1, 0, 6157},
    {0xFE94, 1, 0, 6157},  {0xFE95, 1, 0, 6158},  {0xFE96, 1, 0, 6158},
    {0xFE97, 1, 0, 6158},  {0xFE98, 1, 0, 6158},  {0xFE99, 1, 0, 6159},
    {0xFE9A, 1, 0, 6159},  {0xFE9B, 1, 0, 6159},  {0xFE9C, 1, 0, 6159},
    {0xFE9D, 1, 0, 6160},  {0xFE9E, 1, 0, 6160},  {0xFE9F, 1, 0, 6160},
    {0xFEA0, 1, 0, 6160},  {0xFEA1, 1, 0, 6161},  {0xFEA2, 1, 0, 6161},
    {0xFEA3, 1, 0, 6161},  {0xFEA4, 1, 0, 6161},  {0xFEA5, 1, 0, 6162},
    {0xFEA6, 1, 0, 6162},  {0xFEA7, 1, 0, 6162},  {0xFEA8, 1, 0, 6162},
    {0xFEA9, 1, 0, 6163},  {0xFEAA, 1, 0, 6163},  {0xFEAB, 1, 0, 6164},
    {0xFEAC, 1, 0, 6164},  {0xFEAD, 1, 0, 6165},  {0xFEAE, 1, 0, 6165},
    {0xFEAF, 1, 0, 6166},  {0xFEB0, 1, 0, 6166},  {0xFEB1, 1, 0, 6167},
    {0xFEB2, 1, 0, 6167},  {0xFEB3, 1, 0, 6167},  {0xFEB4, 1, 0, 6167},
    {0xFEB5, 1, 0, 6168},  {0xFEB6, 1, 0, 6168},  {0xFEB7, 1, 0, 6168},
    {0xFEB8, 1, 0, 6168},  {0xFEB9, 1, 0, 6169},  {0xFEBA, 1, 0, 6169},
    {0xFEBB, 1, 0, 6169},  {0xFEBC, 1, 0, 6169},  {0xFEBD, 1, 0, 6170},
    {0xFEBE, 1, 0, 6170},  {0xFEBF, 1, 0, 6170},  {0xFEC0, 1, 0, 6170},
    {0xFEC1, 1, 0, 6171},  {0xFEC2, 1, 0, 6171},  {0xFEC3, 1, 0, 6171},
    {0xFEC4, 1, 0, 6171},  {0xFEC5, 1, 0, 6172},  {0xFEC6, 1, 0, 6172},
    {0xFEC7, 1, 0, 6172},  {0xFEC8, 1, 0, 6172},  {0xFEC9, 1, 0, 6173},
    {0xFECA, 1, 0, 6173},  {0xFECB, 1, 0, 6173},  {0xFECC, 1, 0, 6173},
    {0xFECD, 1, 0, 6174},  {0xFECE, 1, 0, 6174},  {0xFECF, 1, 0, 6174},
    {0xFED0, 1, 0, 6174},  {0xFED1, 1, 0, 6175},  {0xFED2, 1, 0, 6175},
    {0xFED3, 1, 0, 6175},  {0xFED4, 1, 0, 6175},  {0xFED5, 1, 0, 6176},
    {0xFED6, 1, 0, 6176},  {0xFED7, 1, 0, 6176},  {0xFED8, 1, 0, 6176},
    {0xFED9, 1, 0, 6177},  {0xFEDA, 1, 0, 6177},  {0xFEDB, 1, 0, 6177},
    {0xFEDC, 1, 0, 6177},  {0xFEDD, 1, 0, 6178},  {0xFEDE, 1, 0, 6178},
    {0xFEDF, 1, 0, 6178},  {0xFEE0, 1, 0, 6178},  {0xFEE1, 1, 0, 6179},
    {0xFEE2, 1, 0, 6179},  {0xFEE3, 1, 0, 6179},  {0xFEE4, 1, 0, 6179},
    {0xFEE5, 1, 0, 6180},  {0xFEE6, 1, 0, 6180},  {0xFEE7, 1, 0, 6180},
    {0xFEE8, 1, 0, 6180},  {0xFEE9, 1, 0, 6181},  {0xFEEA, 1, 0, 6181},
    {0xFEEB, 1, 0, 6181},  {0xFEEC, 1, 0, 6181},  {0xFEED, 1, 0, 6182},
    {0xFEEE, 1, 0, 6182},  {0xFEEF, 1, 0, 5374},  {0xFEF0, 1, 0, 5374},
    {0xFEF1, 1, 0, 6183},  {0xFEF2, 1, 0, 6183},  {0xFEF3, 1, 0, 6183},
    {0xFEF4, 1, 0, 6183},  {0xFEF5, 3, 0, 6184},  {0xFEF6, 3, 0, 6184},
    {0xFEF7, 3, 0, 6187},  {0xFEF8, 3, 0, 6187},  {0xFEF9, 3, 0, 6190},
    {0xFEFA, 3, 0, 6190},  {0xFEFB, 2, 0, 6193},  {0xFEFC, 2, 0, 6193},
    {0xFF01, 1, 0, 6095},  {0xFF02, 1, 0, 6195},  {0xFF03, 1, 0, 6116},
    {0xFF04, 1, 0, 6123},  {0xFF05, 1, 0, 6124},  {0xFF06, 1, 0, 6117},
    {0xFF07, 1, 0, 6196},  {0xFF08, 1, 0, 3384},  {0xFF09, 1, 0, 3385},
    {0xFF0A, 1, 0, 6118},  {0xFF0B, 1, 0, 3381},  {0xFF0C, 1, 0, 6091},
    {0xFF0D, 1, 0, 6119},  {0xFF0E, 1, 0, 3344},  {0xFF0F, 1, 0, 6197},
    {0xFF10, 1, 0, 3374},  {0xFF11, 1, 0, 3110},  {0xFF12, 1, 0, 3103},
    {0xFF13, 1, 0, 3104},  {0xFF14, 1, 0, 3375},  {0xFF15, 1, 0, 3376},
    {0xFF16, 1, 0, 3377},  {0xFF17, 1, 0, 3378},  {0xFF18, 1, 0, 3379},
    {0xFF19, 1, 0, 3380},  {0xFF1A, 1, 0, 6094},  {0xFF1B, 1, 0, 532},
    {0xFF1C, 1, 0, 6120},  {0xFF1D, 1, 0, 3383},  {0xFF1E, 1, 0, 6121},
    {0xFF1F, 1, 0, 6096},  {0xFF20, 1, 0, 6125},  {0xFF21, 1, 0, 3226},
    {0xFF22, 1, 0, 3228},  {0xFF23, 1, 0, 3395},  {0xFF24, 1, 0, 3229},
    {0xFF25, 1, 0, 3230},  {0xFF26, 1, 0, 3419},  {0xFF27, 1, 0, 3232},
    {0xFF28, 1, 0, 3233},  {0xFF29, 1, 0, 3234},  {0xFF2A, 1, 0, 3235},
    {0xFF2B, 1, 0, 2026},  {0xFF2C, 1, 0, 3236},  {0xFF2D, 1, 0, 3237},
    {0xFF2E, 1, 0, 3238},  {0xFF2F, 1, 0, 3239},  {0xFF30, 1, 0, 3241},
    {0xFF31, 1, 0, 3410},  {0xFF32, 1, 0, 3242},  {0xFF33, 1, 0, 3761},
    {0xFF34, 1, 0, 3243},  {0xFF35, 1, 0, 3244},  {0xFF36, 1, 0, 3485},
    {0xFF37, 1, 0, 3245},  {0xFF38, 1, 0, 3497},  {0xFF39, 1, 0, 3762},
    {0xFF3A, 1, 0, 3418},  {0xFF3B, 1, 0, 6114},  {0xFF3C, 1, 0, 6122},
    {0xFF3D, 1, 0, 6115},  {0xFF3E, 1, 0, 6198},  {0xFF3F, 1, 0, 6101},
    {0xFF40, 1, 0, 2002},  {0xFF41, 1, 0, 3100},  {0xFF42, 1, 0, 3249},
    {0xFF43, 1, 0, 3275},  {0xFF44, 1, 0, 3250},  {0xFF45, 1, 0, 3251},
    {0xFF46, 1, 0, 3278},  {0xFF47, 1, 0, 3255},  {0xFF48, 1, 0, 3159},
    {0xFF49, 1, 0, 3272},  {0xFF4A, 1, 0, 3161},  {0xFF4B, 1, 0, 3256},
    {0xFF4C, 1, 0, 3181},  {0xFF4D, 1, 0, 3257},  {0xFF4E, 1, 0, 3386},
    {0xFF4F, 1, 0, 3111},  {0xFF50, 1, 0, 3262},  {0xFF51, 1, 0, 3763},
    {0xFF52, 1, 0, 3162},  {0xFF53, 1, 0, 3131},  {0xFF54, 1, 0, 3263},
    {0xFF55, 1, 0, 3264},  {0xFF56, 1, 0, 3267},  {0xFF57, 1, 0, 3166},
    {0xFF58, 1, 0, 3182},  {0xFF59, 1, 0, 3167},  {0xFF5A, 1, 0, 3305},
    {0xFF5B, 1, 0, 6102},  {0xFF5C, 1, 0, 6199},  {0xFF5D, 1, 0, 6103},
    {0xFF5E, 1, 0, 6200},  {0xFF5F, 1, 0, 6201},  {0xFF60, 1, 0, 6202},
    {0xFF61, 1, 0, 6093},  {0xFF62, 1, 0, 6110},  {0xFF63, 1, 0, 6111},
    {0xFF64, 1, 0, 6092},  {0xFF65, 1, 0, 6203},  {0xFF66, 1, 0, 4524},
    {0xFF67, 1, 0, 6204},  {0xFF68, 1, 0, 6205},  {0xFF69, 1, 0, 6206},
    {0xFF6A, 1, 0, 6207},  {0xFF6B, 1, 0, 6208},  {0xFF6C, 1, 0, 6209},
    {0xFF6D, 1, 0, 6210},  {0xFF6E, 1, 0, 6211},  {0xFF6F, 1, 0, 6212},
    {0xFF70, 1, 0, 6213},  {0xFF71, 1, 0, 4478},  {0xFF72, 1, 0, 4479},
    {0xFF73, 1, 0, 4480},  {0xFF74, 1, 0, 4481},  {0xFF75, 1, 0, 4482},
    {0xFF76, 1, 0, 4483},  {0xFF77, 1, 0, 4484},  {0xFF78, 1, 0, 4485},
    {0xFF79, 1, 0, 4486},  {0xFF7A, 1, 0, 4487},  {0xFF7B, 1, 0, 4488},
    {0xFF7C, 1, 0, 4489},  {0xFF7D, 1, 0, 4490},  {0xFF7E, 1, 0, 4491},
    {0xFF7F, 1, 0, 4492},  {0xFF80, 1, 0, 4493},  {0xFF81, 1, 0, 4494},
    {0xFF82, 1, 0, 4495},  {0xFF83, 1, 0, 4496},  {0xFF84, 1, 0, 4497},
    {0xFF85, 1, 0, 4498},  {0xFF86, 1, 0, 4499},  {0xFF87, 1, 0, 4500},
    {0xFF88, 1, 0, 4501},  {0xFF89, 1, 0, 4502},  {0xFF8A, 1, 0, 4503},
    {0xFF8B, 1, 0, 4504},  {0xFF8C, 1, 0, 4505},  {0xFF8D, 1, 0, 4506},
    {0xFF8E, 1, 0, 4507},  {0xFF8F, 1, 0, 4508},  {0xFF90, 1, 0, 4509},
    {0xFF91, 1, 0, 4510},  {0xFF92, 1, 0, 4511},  {0xFF93, 1, 0, 4512},
    {0xFF94, 1, 0, 4513},  {0xFF95, 1, 0, 4514},  {0xFF96, 1, 0, 4515},
    {0xFF97, 1, 0, 4516},  {0xFF98, 1, 0, 4517},  {0xFF99, 1, 0, 4518},
    {0xFF9A, 1, 0, 4519},  {0xFF9B, 1, 0, 4520},  {0xFF9C, 1, 0, 4521},
    {0xFF9D, 1, 0, 6214},  {0xFF9E, 1, 0, 6215},  {0xFF9F, 1, 0, 6216},
    {0xFFA0, 1, 0, 4031},  {0xFFA1, 1, 0, 3980},  {0xFFA2, 1, 0, 3981},
    {0xFFA3, 1, 0, 3982},  {0xFFA4, 1, 0, 3983},  {0xFFA5, 1, 0, 3984},
    {0xFFA6, 1, 0, 3985},  {0xFFA7, 1, 0, 3986},  {0xFFA8, 1, 0, 3987},
    {0xFFA9, 1, 0, 3988},  {0xFFAA, 1, 0, 3989},  {0xFFAB, 1, 0, 3990},
    {0xFFAC, 1, 0, 3991},  {0xFFAD, 1, 0, 3992},  {0xFFAE, 1, 0, 3993},
    {0xFFAF, 1, 0, 3994},  {0xFFB0, 1, 0, 3995},  {0xFFB1, 1, 0, 3996},
    {0xFFB2, 1, 0, 3997},  {0xFFB3, 1, 0, 3998},  {0xFFB4, 1, 0, 3999},
    {0xFFB5, 1, 0, 4000},  {0xFFB6, 1, 0, 4001},  {0xFFB7, 1, 0, 4002},
    {0xFFB8, 1, 0, 4003},  {0xFFB9, 1, 0, 4004},  {0xFFBA, 1, 0, 4005},
    {0xFFBB, 1, 0, 4006},  {0xFFBC, 1, 0, 4007},  {0xFFBD, 1, 0, 4008},
    {0xFFBE, 1, 0, 4009},  {0xFFC2, 1, 0, 4010},  {0xFFC3, 1, 0, 4011},
    {0xFFC4, 1, 0, 4012},  {0xFFC5, 1, 0, 4013},  {0xFFC6, 1, 0, 4014},
    {0xFFC7, 1, 0, 4015},  {0xFFCA, 1, 0, 4016},  {0xFFCB, 1, 0, 4017},
    {0xFFCC, 1, 0, 4018},  {0xFFCD, 1, 0, 4019},  {0xFFCE, 1, 0, 4020},
    {0xFFCF, 1, 0, 4021},  {0xFFD2, 1, 0, 4022},  {0xFFD3, 1, 0, 4023},
    {0xFFD4, 1, 0, 4024},  {0xFFD5, 1, 0, 4025},  {0xFFD6, 1, 0, 4026},
    {0xFFD7, 1, 0, 4027},  {0xFFDA, 1, 0, 4028},  {0xFFDB, 1, 0, 4029},
    {0xFFDC, 1, 0, 4030},  {0xFFE0, 1, 0, 6217},  {0xFFE1, 1, 0, 6218},
    {0xFFE2, 1, 0, 6219},  {0xFFE3, 2, 0, 3101},  {0xFFE4, 1, 0, 6220},
    {0xFFE5, 1, 0, 6221},  {0xFFE6, 1, 0, 6222},  {0xFFE8, 1, 0, 6223},
    {0xFFE9, 1, 0, 6224},  {0xFFEA, 1, 0, 6225},  {0xFFEB, 1, 0, 6226},
    {0xFFEC, 1, 0, 6227},  {0xFFED, 1, 0, 6228},  {0xFFEE, 1, 0, 6229},
    {0x10781, 1, 0, 6230}, {0x10782, 1, 0, 6231}, {0x10783, 1, 0, 6232},
    {0x10784, 1, 0, 6233}, {0x10785, 1, 0, 6234}, {0x10787, 1, 0, 6235},
    {0x10788, 1, 0, 6236}, {0x10789, 1, 0, 6237}, {0x1078A, 1, 0, 6238},
    {0x1078B, 1, 0, 6239}, {0x1078C, 1, 0, 6240}, {0x1078D, 1, 0, 6241},
    {0x1078E, 1, 0, 6242}, {0x1078F, 1, 0, 6243}, {0x10790, 1, 0, 6244},
    {0x10791, 1, 0, 6245}, {0x10792, 1, 0, 6246}, {0x10793, 1, 0, 6247},
    {0x10794, 1, 0, 6248}, {0x10795, 1, 0, 3407}, {0x10796, 1, 0, 6249},
    {0x10797, 1, 0, 6250}, {0x10798, 1, 0, 6251}, {0x10799, 1, 0, 6252},
    {0x1079A, 1, 0, 6253}, {0x1079B, 1, 0, 6254}, {0x1079C, 1, 1, 215},
    {0x1079D, 1, 0, 6255}, {0x1079E, 1, 0, 6256}, {0x1079F, 1, 1, 216},
    {0x107A0, 1, 0, 6257}, {0x107A1, 1, 1, 217},  {0x107A2, 1, 0, 6258},
    {0x107A3, 1, 0, 6259}, {0x107A4, 1, 0, 6260}, {0x107A5, 1, 0, 3763},
    {0x107A6, 1, 0, 6261}, {0x107A7, 1, 1, 218},  {0x107A8, 1, 0, 6262},
    {0x107A9, 1, 0, 6263}, {0x107AA, 1, 0, 6264}, {0x107AB, 1, 0, 6265},
    {0x107AC, 1, 0, 6266}, {0x107AD, 1, 0, 6267}, {0x107AE, 1, 0, 6268},
    {0x107AF, 1, 0, 6269}, {0x107B0, 1, 0, 6270}, {0x107B2, 1, 0, 6271},
    {0x107B3, 1, 0, 6272}, {0x107B4, 1, 0, 6273}, {0x107B5, 1, 0, 6274},
    {0x107B6, 1, 0, 6275}, {0x107B7, 1, 0, 6276}, {0x107B8, 1, 0, 6277},
    {0x107B9, 1, 1, 219},  {0x107BA, 1, 1, 220},  {0x1CCD6, 1, 0, 3226},
    {0x1CCD7, 1, 0, 3228}, {0x1CCD8, 1, 0, 3395}, {0x1CCD9, 1, 0, 3229},
    {0x1CCDA, 1, 0, 3230}, {0x1CCDB, 1, 0, 3419}, {0x1CCDC, 1, 0, 3232},
    {0x1CCDD, 1, 0, 3233}, {0x1CCDE, 1, 0, 3234}, {0x1CCDF, 1, 0, 3235},
    {0x1CCE0, 1, 0, 2026}, {0x1CCE1, 1, 0, 3236}, {0x1CCE2, 1, 0, 3237},
    {0x1CCE3, 1, 0, 3238}, {0x1CCE4, 1, 0, 3239}, {0x1CCE5, 1, 0, 3241},
    {0x1CCE6, 1, 0, 3410}, {0x1CCE7, 1, 0, 3242}, {0x1CCE8, 1, 0, 3761},
    {0x1CCE9, 1, 0, 3243}, {0x1CCEA, 1, 0, 3244}, {0x1CCEB, 1, 0, 3485},
    {0x1CCEC, 1, 0, 3245}, {0x1CCED, 1, 0, 3497}, {0x1CCEE, 1, 0, 3762},
    {0x1CCEF, 1, 0, 3418}, {0x1CCF0, 1, 0, 3374}, {0x1CCF1, 1, 0, 3110},
    {0x1CCF2, 1, 0, 3103}, {0x1CCF3, 1, 0, 3104}, {0x1CCF4, 1, 0, 3375},
    {0x1CCF5, 1, 0, 3376}, {0x1CCF6, 1, 0, 3377}, {0x1CCF7, 1, 0, 3378},
    {0x1CCF8, 1, 0, 3379}, {0x1CCF9, 1, 0, 3380}, {0x1D400, 1, 0, 3226},
    {0x1D401, 1, 0, 3228}, {0x1D402, 1, 0, 3395}, {0x1D403, 1, 0, 3229},
    {0x1D404, 1, 0, 3230}, {0x1D405, 1, 0, 3419}, {0x1D406, 1, 0, 3232},
    {0x1D407, 1, 0, 3233}, {0x1D408, 1, 0, 3234}, {0x1D409, 1, 0, 3235},
    {0x1D40A, 1, 0, 2026}, {0x1D40B, 1, 0, 3236}, {0x1D40C, 1, 0, 3237},
    {0x1D40D, 1, 0, 3238}, {0x1D40E, 1, 0, 3239}, {0x1D40F, 1, 0, 3241},
    {0x1D410, 1, 0, 3410}, {0x1D411, 1, 0, 3242}, {0x1D412, 1, 0, 3761},
    {0x1D413, 1, 0, 3243}, {0x1D414, 1, 0, 3244}, {0x1D415, 1, 0, 3485},
    {0x1D416, 1, 0, 3245}, {0x1D417, 1, 0, 3497}, {0x1D418, 1, 0, 3762},
    {0x1D419, 1, 0, 3418}, {0x1D41A, 1, 0, 3100}, {0x1D41B, 1, 0, 3249},
    {0x1D41C, 1, 0, 3275}, {0x1D41D, 1, 0, 3250}, {0x1D41E, 1, 0, 3251},
    {0x1D41F, 1, 0, 3278}, {0x1D420, 1, 0, 3255}, {0x1D421, 1, 0, 3159},
    {0x1D422, 1, 0, 3272}, {0x1D423, 1, 0, 3161}, {0x1D424, 1, 0, 3256},
    {0x1D425, 1, 0, 3181}, {0x1D426, 1, 0, 3257}, {0x1D427, 1, 0, 3386},
    {0x1D428, 1, 0, 3111}, {0x1D429, 1, 0, 3262}, {0x1D42A, 1, 0, 3763},
    {0x1D42B, 1, 0, 3162}, {0x1D42C, 1, 0, 3131}, {0x1D42D, 1, 0, 3263},
    {0x1D42E, 1, 0, 3264}, {0x1D42F, 1, 0, 3267}, {0x1D430, 1, 0, 3166},
    {0x1D431, 1, 0, 3182}, {0x1D432, 1, 0, 3167}, {0x1D433, 1, 0, 3305},
    {0x1D434, 1, 0, 3226}, {0x1D435, 1, 0, 3228}, {0x1D436, 1, 0, 3395},
    {0x1D437, 1, 0, 3229}, {0x1D438, 1, 0, 3230}, {0x1D439, 1, 0, 3419},
    {0x1D43A, 1, 0, 3232}, {0x1D43B, 1, 0, 3233}, {0x1D43C, 1, 0, 3234},
    {0x1D43D, 1, 0, 3235}, {0x1D43E, 1, 0, 2026}, {0x1D43F, 1, 0, 3236},
    {0x1D440, 1, 0, 3237}, {0x1D441, 1, 0, 3238}, {0x1D442, 1, 0, 3239},
    {0x1D443, 1, 0, 3241}, {0x1D444, 1, 0, 3410}, {0x1D445, 1, 0, 3242},
    {0x1D446, 1, 0, 3761}, {0x1D447, 1, 0, 3243}, {0x1D448, 1, 0, 3244},
    {0x1D449, 1, 0, 3485}, {0x1D44A, 1, 0, 3245}, {0x1D44B, 1, 0, 3497},
    {0x1D44C, 1, 0, 3762}, {0x1D44D, 1, 0, 3418}, {0x1D44E, 1, 0, 3100},
    {0x1D44F, 1, 0, 3249}, {0x1D450, 1, 0, 3275}, {0x1D451, 1, 0, 3250},
    {0x1D452, 1, 0, 3251}, {0x1D453, 1, 0, 3278}, {0x1D454, 1, 0, 3255},
    {0x1D456, 1, 0, 3272}, {0x1D457, 1, 0, 3161}, {0x1D458, 1, 0, 3256},
    {0x1D459, 1, 0, 3181}, {0x1D45A, 1, 0, 3257}, {0x1D45B, 1, 0, 3386},
    {0x1D45C, 1, 0, 3111}, {0x1D45D, 1, 0, 3262}, {0x1D45E, 1, 0, 3763},
    {0x1D45F, 1, 0, 3162}, {0x1D460, 1, 0, 3131}, {0x1D461, 1, 0, 3263},
    {0x1D462, 1, 0, 3264}, {0x1D463, 1, 0, 3267}, {0x1D464, 1, 0, 3166},
    {0x1D465, 1, 0, 3182}, {0x1D466, 1, 0, 3167}, {0x1D467, 1, 0, 3305},
    {0x1D468, 1, 0, 3226}, {0x1D469, 1, 0, 3228}, {0x1D46A, 1, 0, 3395},
    {0x1D46B, 1, 0, 3229}, {0x1D46C, 1, 0, 3230}, {0x1D46D, 1, 0, 3419},
    {0x1D46E, 1, 0, 3232}, {0x1D46F, 1, 0, 3233}, {0x1D470, 1, 0, 3234},
    {0x1D471, 1, 0, 3235}, {0x1D472, 1, 0, 2026}, {0x1D473, 1, 0, 3236},
    {0x1D474, 1, 0, 3237}, {0x1D475, 1, 0, 3238}, {0x1D476, 1, 0, 3239},
    {0x1D477, 1, 0, 3241}, {0x1D478, 1, 0, 3410}, {0x1D479, 1, 0, 3242},
    {0x1D47A, 1, 0, 3761}, {0x1D47B, 1, 0, 3243}, {0x1D47C, 1, 0, 3244},
    {0x1D47D, 1, 0, 3485}, {0x1D47E, 1, 0, 3245}, {0x1D47F, 1, 0, 3497},
    {0x1D480, 1, 0, 3762}, {0x1D481, 1, 0, 3418}, {0x1D482, 1, 0, 3100},
    {0x1D483, 1, 0, 3249}, {0x1D484, 1, 0, 3275}, {0x1D485, 1, 0, 3250},
    {0x1D486, 1, 0, 3251}, {0x1D487, 1, 0, 3278}, {0x1D488, 1, 0, 3255},
    {0x1D489, 1, 0, 3159}, {0x1D48A, 1, 0, 3272}, {0x1D48B, 1, 0, 3161},
    {0x1D48C, 1, 0, 3256}, {0x1D48D, 1, 0, 3181}, {0x1D48E, 1, 0, 3257},
    {0x1D48F, 1, 0, 3386}, {0x1D490, 1, 0, 3111}, {0x1D491, 1, 0, 3262},
    {0x1D492, 1, 0, 3763}, {0x1D493, 1, 0, 3162}, {0x1D494, 1, 0, 3131},
    {0x1D495, 1, 0, 3263}, {0x1D496, 1, 0, 3264}, {0x1D497, 1, 0, 3267},
    {0x1D498, 1, 0, 3166}, {0x1D499, 1, 0, 3182}, {0x1D49A, 1, 0, 3167},
    {0x1D49B, 1, 0, 3305}, {0x1D49C, 1, 0, 3226}, {0x1D49E, 1, 0, 3395},
    {0x1D49F, 1, 0, 3229}, {0x1D4A2, 1, 0, 3232}, {0x1D4A5, 1, 0, 3235},
    {0x1D4A6, 1, 0, 2026}, {0x1D4A9, 1, 0, 3238}, {0x1D4AA, 1, 0, 3239},
    {0x1D4AB, 1, 0, 3241}, {0x1D4AC, 1, 0, 3410}, {0x1D4AE, 1, 0, 3761},
    {0x1D4AF, 1, 0, 3243}, {0x1D4B0, 1, 0, 3244}, {0x1D4B1, 1, 0, 3485},
    {0x1D4B2, 1, 0, 3245}, {0x1D4B3, 1, 0, 3497}, {0x1D4B4, 1, 0, 3762},
    {0x1D4B5, 1, 0, 3418}, {0x1D4B6, 1, 0, 3100}, {0x1D4B7, 1, 0, 3249},
    {0x1D4B8, 1, 0, 3275}, {0x1D4B9, 1, 0, 3250}, {0x1D4BB, 1, 0, 3278},
    {0x1D4BD, 1, 0, 3159}, {0x1D4BE, 1, 0, 3272}, {0x1D4BF, 1, 0, 3161},
    {0x1D4C0, 1, 0, 3256}, {0x1D4C1, 1, 0, 3181}, {0x1D4C2, 1, 0, 3257},
    {0x1D4C3, 1, 0, 3386}, {0x1D4C5, 1, 0, 3262}, {0x1D4C6, 1, 0, 3763},
    {0x1D4C7, 1, 0, 3162}, {0x1D4C8, 1, 0, 3131}, {0x1D4C9, 1, 0, 3263},
    {0x1D4CA, 1, 0, 3264}, {0x1D4CB, 1, 0, 3267}, {0x1D4CC, 1, 0, 3166},
    {0x1D4CD, 1, 0, 3182}, {0x1D4CE, 1, 0, 3167}, {0x1D4CF, 1, 0, 3305},
    {0x1D4D0, 1, 0, 3226}, {0x1D4D1, 1, 0, 3228}, {0x1D4D2, 1, 0, 3395},
    {0x1D4D3, 1, 0, 3229}, {0x1D4D4, 1, 0, 3230}, {0x1D4D5, 1, 0, 3419},
    {0x1D4D6, 1, 0, 3232}, {0x1D4D7, 1, 0, 3233}, {0x1D4D8, 1, 0, 3234},
    {0x1D4D9, 1, 0, 3235}, {0x1D4DA, 1, 0, 2026}, {0x1D4DB, 1, 0, 3236},
    {0x1D4DC, 1, 0, 3237}, {0x1D4DD, 1, 0, 3238}, {0x1D4DE, 1, 0, 3239},
    {0x1D4DF, 1, 0, 3241}, {0x1D4E0, 1, 0, 3410}, {0x1D4E1, 1, 0, 3242},
    {0x1D4E2, 1, 0, 3761}, {0x1D4E3, 1, 0, 3243}, {0x1D4E4, 1, 0, 3244},
    {0x1D4E5, 1, 0, 3485}, {0x1D4E6, 1, 0, 3245}, {0x1D4E7, 1, 0, 3497},
    {0x1D4E8, 1, 0, 3762}, {0x1D4E9, 1, 0, 3418}, {0x1D4EA, 1, 0, 3100},
    {0x1D4EB, 1, 0, 3249}, {0x1D4EC, 1, 0, 3275}, {0x1D4ED, 1, 0, 3250},
    {0x1D4EE, 1, 0, 3251}, {0x1D4EF, 1, 0, 3278}, {0x1D4F0, 1, 0, 3255},
    {0x1D4F1, 1, 0, 3159}, {0x1D4F2, 1, 0, 3272}, {0x1D4F3, 1, 0, 3161},
    {0x1D4F4, 1, 0, 3256}, {0x1D4F5, 1, 0, 3181}, {0x1D4F6, 1, 0, 3257},
    {0x1D4F7, 1, 0, 3386}, {0x1D4F8, 1, 0, 3111}, {0x1D4F9, 1, 0, 3262},
    {0x1D4FA, 1, 0, 3763}, {0x1D4FB, 1, 0, 3162}, {0x1D4FC, 1, 0, 3131},
    {0x1D4FD, 1, 0, 3263}, {0x1D4FE, 1, 0, 3264}, {0x1D4FF, 1, 0, 3267},
    {0x1D500, 1, 0, 3166}, {0x1D501, 1, 0, 3182}, {0x1D502, 1, 0, 3167},
    {0x1D503, 1, 0, 3305}, {0x1D504, 1, 0, 3226}, {0x1D505, 1, 0, 3228},
    {0x1D507, 1, 0, 3229}, {0x1D508, 1, 0, 3230}, {0x1D509, 1, 0, 3419},
    {0x1D50A, 1, 0, 3232}, {0x1D50D, 1, 0, 3235}, {0x1D50E, 1, 0, 2026},
    {0x1D50F, 1, 0, 3236}, {0x1D510, 1, 0, 3237}, {0x1D511, 1, 0, 3238},
    {0x1D512, 1, 0, 3239}, {0x1D513, 1, 0, 3241}, {0x1D514, 1, 0, 3410},
    {0x1D516, 1, 0, 3761}, {0x1D517, 1, 0, 3243}, {0x1D518, 1, 0, 3244},
    {0x1D519, 1, 0, 3485}, {0x1D51A, 1, 0, 3245}, {0x1D51B, 1, 0, 3497},
    {0x1D51C, 1, 0, 3762}, {0x1D51E, 1, 0, 3100}, {0x1D51F, 1, 0, 3249},
    {0x1D520, 1, 0, 3275}, {0x1D521, 1, 0, 3250}, {0x1D522, 1, 0, 3251},
    {0x1D523, 1, 0, 3278}, {0x1D524, 1, 0, 3255}, {0x1D525, 1, 0, 3159},
    {0x1D526, 1, 0, 3272}, {0x1D527, 1, 0, 3161}, {0x1D528, 1, 0, 3256},
    {0x1D529, 1, 0, 3181}, {0x1D52A, 1, 0, 3257}, {0x1D52B, 1, 0, 3386},
    {0x1D52C, 1, 0, 3111}, {0x1D52D, 1, 0, 3262}, {0x1D52E, 1, 0, 3763},
    {0x1D52F, 1, 0, 3162}, {0x1D530, 1, 0, 3131}, {0x1D531, 1, 0, 3263},
    {0x1D532, 1, 0, 3264}, {0x1D533, 1, 0, 3267}, {0x1D534, 1, 0, 3166},
    {0x1D535, 1, 0, 3182}, {0x1D536, 1, 0, 3167}, {0x1D537, 1, 0, 3305},
    {0x1D538, 1, 0, 3226}, {0x1D539, 1, 0, 3228}, {0x1D53B, 1, 0, 3229},
    {0x1D53C, 1, 0, 3230}, {0x1D53D, 1, 0, 3419}, {0x1D53E, 1, 0, 3232},
    {0x1D540, 1, 0, 3234}, {0x1D541, 1, 0, 3235}, {0x1D542, 1, 0, 2026},
    {0x1D543, 1, 0, 3236}, {0x1D544, 1, 0, 3237}, {0x1D546, 1, 0, 3239},
    {0x1D54A, 1, 0, 3761}, {0x1D54B, 1, 0, 3243}, {0x1D54C, 1, 0, 3244},
    {0x1D54D, 1, 0, 3485}, {0x1D54E, 1, 0, 3245}, {0x1D54F, 1, 0, 3497},
    {0x1D550, 1, 0, 3762}, {0x1D552, 1, 0, 3100}, {0x1D553, 1, 0, 3249},
    {0x1D554, 1, 0, 3275}, {0x1D555, 1, 0, 3250}, {0x1D556, 1, 0, 3251},
    {0x1D557, 1, 0, 3278}, {0x1D558, 1, 0, 3255}, {0x1D559, 1, 0, 3159},
    {0x1D55A, 1, 0, 3272}, {0x1D55B, 1, 0, 3161}, {0x1D55C, 1, 0, 3256},
    {0x1D55D, 1, 0, 3181}, {0x1D55E, 1, 0, 3257}, {0x1D55F, 1, 0, 3386},
    {0x1D560, 1, 0, 3111}, {0x1D561, 1, 0, 3262}, {0x1D562, 1, 0, 3763},
    {0x1D563, 1, 0, 3162}, {0x1D564, 1, 0, 3131}, {0x1D565, 1, 0, 3263},
    {0x1D566, 1, 0, 3264}, {0x1D567, 1, 0, 3267}, {0x1D568, 1, 0, 3166},
    {0x1D569, 1, 0, 3182}, {0x1D56A, 1, 0, 3167}, {0x1D56B, 1, 0, 3305},
    {0x1D56C, 1, 0, 3226}, {0x1D56D, 1, 0, 3228}, {0x1D56E, 1, 0, 3395},
    {0x1D56F, 1, 0, 3229}, {0x1D570, 1, 0, 3230}, {0x1D571, 1, 0, 3419},
    {0x1D572, 1, 0, 3232}, {0x1D573, 1, 0, 3233}, {0x1D574, 1, 0, 3234},
    {0x1D575, 1, 0, 3235}, {0x1D576, 1, 0, 2026}, {0x1D577, 1, 0, 3236},
    {0x1D578, 1, 0, 3237}, {0x1D579, 1, 0, 3238}, {0x1D57A, 1, 0, 3239},
    {0x1D57B, 1, 0, 3241}, {0x1D57C, 1, 0, 3410}, {0x1D57D, 1, 0, 3242},
    {0x1D57E, 1, 0, 3761}, {0x1D57F, 1, 0, 3243}, {0x1D580, 1, 0, 3244},
    {0x1D581, 1, 0, 3485}, {0x1D582, 1, 0, 3245}, {0x1D583, 1, 0, 3497},
    {0x1D584, 1, 0, 3762}, {0x1D585, 1, 0, 3418}, {0x1D586, 1, 0, 3100},
    {0x1D587, 1, 0, 3249}, {0x1D588, 1, 0, 3275}, {0x1D589, 1, 0, 3250},
    {0x1D58A, 1, 0, 3251}, {0x1D58B, 1, 0, 3278}, {0x1D58C, 1, 0, 3255},
    {0x1D58D, 1, 0, 3159}, {0x1D58E, 1, 0, 3272}, {0x1D58F, 1, 0, 3161},
    {0x1D590, 1, 0, 3256}, {0x1D591, 1, 0, 3181}, {0x1D592, 1, 0, 3257},
    {0x1D593, 1, 0, 3386}, {0x1D594, 1, 0, 3111}, {0x1D595, 1, 0, 3262},
    {0x1D596, 1, 0, 3763}, {0x1D597, 1, 0, 3162}, {0x1D598, 1, 0, 3131},
    {0x1D599, 1, 0, 3263}, {0x1D59A, 1, 0, 3264}, {0x1D59B, 1, 0, 3267},
    {0x1D59C, 1, 0, 3166}, {0x1D59D, 1, 0, 3182}, {0x1D59E, 1, 0, 3167},
    {0x1D59F, 1, 0, 3305}, {0x1D5A0, 1, 0, 3226}, {0x1D5A1, 1, 0, 3228},
    {0x1D5A2, 1, 0, 3395}, {0x1D5A3, 1, 0, 3229}, {0x1D5A4, 1, 0, 3230},
    {0x1D5A5, 1, 0, 3419}, {0x1D5A6, 1, 0, 3232}, {0x1D5A7, 1, 0, 3233},
    {0x1D5A8, 1, 0, 3234}, {0x1D5A9, 1, 0, 3235}, {0x1D5AA, 1, 0, 2026},
    {0x1D5AB, 1, 0, 3236}, {0x1D5AC, 1, 0, 3237}, {0x1D5AD, 1, 0, 3238},
    {0x1D5AE, 1, 0, 3239}, {0x1D5AF, 1, 0, 3241}, {0x1D5B0, 1, 0, 3410},
    {0x1D5B1, 1, 0, 3242}, {0x1D5B2, 1, 0, 3761}, {0x1D5B3, 1, 0, 3243},
    {0x1D5B4, 1, 0, 3244}, {0x1D5B5, 1, 0, 3485}, {0x1D5B6, 1, 0, 3245},
    {0x1D5B7, 1, 0, 3497}, {0x1D5B8, 1, 0, 3762}, {0x1D5B9, 1, 0, 3418},
    {0x1D5BA, 1, 0, 3100}, {0x1D5BB, 1, 0, 3249}, {0x1D5BC, 1, 0, 3275},
    {0x1D5BD, 1, 0, 3250}, {0x1D5BE, 1, 0, 3251}, {0x1D5BF, 1, 0, 3278},
    {0x1D5C0, 1, 0, 3255}, {0x1D5C1, 1, 0, 3159}, {0x1D5C2, 1, 0, 3272},
    {0x1D5C3, 1, 0, 3161}, {0x1D5C4, 1, 0, 3256}, {0x1D5C5, 1, 0, 3181},
    {0x1D5C6, 1, 0, 3257}, {0x1D5C7, 1, 0, 3386}, {0x1D5C8, 1, 0, 3111},
    {0x1D5C9, 1, 0, 3262}, {0x1D5CA, 1, 0, 3763}, {0x1D5CB, 1, 0, 3162},
    {0x1D5CC, 1, 0, 3131}, {0x1D5CD, 1, 0, 3263}, {0x1D5CE, 1, 0, 3264},
    {0x1D5CF, 1, 0, 3267}, {0x1D5D0, 1, 0, 3166}, {0x1D5D1, 1, 0, 3182},
    {0x1D5D2, 1, 0, 3167}, {0x1D5D3, 1, 0, 3305}, {0x1D5D4, 1, 0, 3226},
    {0x1D5D5, 1, 0, 3228}, {0x1D5D6, 1, 0, 3395}, {0x1D5D7, 1, 0, 3229},
    {0x1D5D8, 1, 0, 3230}, {0x1D5D9, 1, 0, 3419}, {0x1D5DA, 1, 0, 3232},
    {0x1D5DB, 1, 0, 3233}, {0x1D5DC, 1, 0, 3234}, {0x1D5DD, 1, 0, 3235},
    {0x1D5DE, 1, 0, 2026}, {0x1D5DF, 1, 0, 3236}, {0x1D5E0, 1, 0, 3237},
    {0x1D5E1, 1, 0, 3238}, {0x1D5E2, 1, 0, 3239}, {0x1D5E3, 1, 0, 3241},
    {0x1D5E4, 1, 0, 3410}, {0x1D5E5, 1, 0, 3242}, {0x1D5E6, 1, 0, 3761},
    {0x1D5E7, 1, 0, 3243}, {0x1D5E8, 1, 0, 3244}, {0x1D5E9, 1, 0, 3485},
    {0x1D5EA, 1, 0, 3245}, {0x1D5EB, 1, 0, 3497}, {0x1D5EC, 1, 0, 3762},
    {0x1D5ED, 1, 0, 3418}, {0x1D5EE, 1, 0, 3100}, {0x1D5EF, 1, 0, 3249},
    {0x1D5F0, 1, 0, 3275}, {0x1D5F1, 1, 0, 3250}, {0x1D5F2, 1, 0, 3251},
    {0x1D5F3, 1, 0, 3278}, {0x1D5F4, 1, 0, 3255}, {0x1D5F5, 1, 0, 3159},
    {0x1D5F6, 1, 0, 3272}, {0x1D5F7, 1, 0, 3161}, {0x1D5F8, 1, 0, 3256},
    {0x1D5F9, 1, 0, 3181}, {0x1D5FA, 1, 0, 3257}, {0x1D5FB, 1, 0, 3386},
    {0x1D5FC, 1, 0, 3111}, {0x1D5FD, 1, 0, 3262}, {0x1D5FE, 1, 0, 3763},
    {0x1D5FF, 1, 0, 3162}, {0x1D600, 1, 0, 3131}, {0x1D601, 1, 0, 3263},
    {0x1D602, 1, 0, 3264}, {0x1D603, 1, 0, 3267}, {0x1D604, 1, 0, 3166},
    {0x1D605, 1, 0, 3182}, {0x1D606, 1, 0, 3167}, {0x1D607, 1, 0, 3305},
    {0x1D608, 1, 0, 3226}, {0x1D609, 1, 0, 3228}, {0x1D60A, 1, 0, 3395},
    {0x1D60B, 1, 0, 3229}, {0x1D60C, 1, 0, 3230}, {0x1D60D, 1, 0, 3419},
    {0x1D60E, 1, 0, 3232}, {0x1D60F, 1, 0, 3233}, {0x1D610, 1, 0, 3234},
    {0x1D611, 1, 0, 3235}, {0x1D612, 1, 0, 2026}, {0x1D613, 1, 0, 3236},
    {0x1D614, 1, 0, 3237}, {0x1D615, 1, 0, 3238}, {0x1D616, 1, 0, 3239},
    {0x1D617, 1, 0, 3241}, {0x1D618, 1, 0, 3410}, {0x1D619, 1, 0, 3242},
    {0x1D61A, 1, 0, 3761}, {0x1D61B, 1, 0, 3243}, {0x1D61C, 1, 0, 3244},
    {0x1D61D, 1, 0, 3485}, {0x1D61E, 1, 0, 3245}, {0x1D61F, 1, 0, 3497},
    {0x1D620, 1, 0, 3762}, {0x1D621, 1, 0, 3418}, {0x1D622, 1, 0, 3100},
    {0x1D623, 1, 0, 3249}, {0x1D624, 1, 0, 3275}, {0x1D625, 1, 0, 3250},
    {0x1D626, 1, 0, 3251}, {0x1D627, 1, 0, 3278}, {0x1D628, 1, 0, 3255},
    {0x1D629, 1, 0, 3159}, {0x1D62A, 1, 0, 3272}, {0x1D62B, 1, 0, 3161},
    {0x1D62C, 1, 0, 3256}, {0x1D62D, 1, 0, 3181}, {0x1D62E, 1, 0, 3257},
    {0x1D62F, 1, 0, 3386}, {0x1D630, 1, 0, 3111}, {0x1D631, 1, 0, 3262},
    {0x1D632, 1, 0, 3763}, {0x1D633, 1, 0, 3162}, {0x1D634, 1, 0, 3131},
    {0x1D635, 1, 0, 3263}, {0x1D636, 1, 0, 3264}, {0x1D637, 1, 0, 3267},
    {0x1D638, 1, 0, 3166}, {0x1D639, 1, 0, 3182}, {0x1D63A, 1, 0, 3167},
    {0x1D63B, 1, 0, 3305}, {0x1D63C, 1, 0, 3226}, {0x1D63D, 1, 0, 3228},
    {0x1D63E, 1, 0, 3395}, {0x1D63F, 1, 0, 3229}, {0x1D640, 1, 0, 3230},
    {0x1D641, 1, 0, 3419}, {0x1D642, 1, 0, 3232}, {0x1D643, 1, 0, 3233},
    {0x1D644, 1, 0, 3234}, {0x1D645, 1, 0, 3235}, {0x1D646, 1, 0, 2026},
    {0x1D647, 1, 0, 3236}, {0x1D648, 1, 0, 3237}, {0x1D649, 1, 0, 3238},
    {0x1D64A, 1, 0, 3239}, {0x1D64B, 1, 0, 3241}, {0x1D64C, 1, 0, 3410},
    {0x1D64D, 1, 0, 3242}, {0x1D64E, 1, 0, 3761}, {0x1D64F, 1, 0, 3243},
    {0x1D650, 1, 0, 3244}, {0x1D651, 1, 0, 3485}, {0x1D652, 1, 0, 3245},
    {0x1D653, 1, 0, 3497}, {0x1D654, 1, 0, 3762}, {0x1D655, 1, 0, 3418},
    {0x1D656, 1, 0, 3100}, {0x1D657, 1, 0, 3249}, {0x1D658, 1, 0, 3275},
    {0x1D659, 1, 0, 3250}, {0x1D65A, 1, 0, 3251}, {0x1D65B, 1, 0, 3278},
    {0x1D65C, 1, 0, 3255}, {0x1D65D, 1, 0, 3159}, {0x1D65E, 1, 0, 3272},
    {0x1D65F, 1, 0, 3161}, {0x1D660, 1, 0, 3256}, {0x1D661, 1, 0, 3181},
    {0x1D662, 1, 0, 3257}, {0x1D663, 1, 0, 3386}, {0x1D664, 1, 0, 3111},
    {0x1D665, 1, 0, 3262}, {0x1D666, 1, 0, 3763}, {0x1D667, 1, 0, 3162},
    {0x1D668, 1, 0, 3131}, {0x1D669, 1, 0, 3263}, {0x1D66A, 1, 0, 3264},
    {0x1D66B, 1, 0, 3267}, {0x1D66C, 1, 0, 3166}, {0x1D66D, 1, 0, 3182},
    {0x1D66E, 1, 0, 3167}, {0x1D66F, 1, 0, 3305}, {0x1D670, 1, 0, 3226},
    {0x1D671, 1, 0, 3228}, {0x1D672, 1, 0, 3395}, {0x1D673, 1, 0, 3229},
    {0x1D674, 1, 0, 3230}, {0x1D675, 1, 0, 3419}, {0x1D676, 1, 0, 3232},
    {0x1D677, 1, 0, 3233}, {0x1D678, 1, 0, 3234}, {0x1D679, 1, 0, 3235},
    {0x1D67A, 1, 0, 2026}, {0x1D67B, 1, 0, 3236}, {0x1D67C, 1, 0, 3237},
    {0x1D67D, 1, 0, 3238}, {0x1D67E, 1, 0, 3239}, {0x1D67F, 1, 0, 3241},
    {0x1D680, 1, 0, 3410}, {0x1D681, 1, 0, 3242}, {0x1D682, 1, 0, 3761},
    {0x1D683, 1, 0, 3243}, {0x1D684, 1, 0, 3244}, {0x1D685, 1, 0, 3485},
    {0x1D686, 1, 0, 3245}, {0x1D687, 1, 0, 3497}, {0x1D688, 1, 0, 3762},
    {0x1D689, 1, 0, 3418}, {0x1D68A, 1, 0, 3100}, {0x1D68B, 1, 0, 3249},
    {0x1D68C, 1, 0, 3275}, {0x1D68D, 1, 0, 3250}, {0x1D68E, 1, 0, 3251},
    {0x1D68F, 1, 0, 3278}, {0x1D690, 1, 0, 3255}, {0x1D691, 1, 0, 3159},
    {0x1D692, 1, 0, 3272}, {0x1D693, 1, 0, 3161}, {0x1D694, 1, 0, 3256},
    {0x1D695, 1, 0, 3181}, {0x1D696, 1, 0, 3257}, {0x1D697, 1, 0, 3386},
    {0x1D698, 1, 0, 3111}, {0x1D699, 1, 0, 3262}, {0x1D69A, 1, 0, 3763},
    {0x1D69B, 1, 0, 3162}, {0x1D69C, 1, 0, 3131}, {0x1D69D, 1, 0, 3263},
    {0x1D69E, 1, 0, 3264}, {0x1D69F, 1, 0, 3267}, {0x1D6A0, 1, 0, 3166},
    {0x1D6A1, 1, 0, 3182}, {0x1D6A2, 1, 0, 3167}, {0x1D6A3, 1, 0, 3305},
    {0x1D6A4, 1, 0, 6278}, {0x1D6A5, 1, 0, 6279}, {0x1D6A8, 1, 0, 6280},
    {0x1D6A9, 1, 0, 6281}, {0x1D6AA, 1, 0, 3427}, {0x1D6AB, 1, 0, 6282},
    {0x1D6AC, 1, 0, 6283}, {0x1D6AD, 1, 0, 6284}, {0x1D6AE, 1, 0, 6285},
    {0x1D6AF, 1, 0, 3197}, {0x1D6B0, 1, 0, 6286}, {0x1D6B1, 1, 0, 6287},
    {0x1D6B2, 1, 0, 6288}, {0x1D6B3, 1, 0, 6289}, {0x1D6B4, 1, 0, 6290},
    {0x1D6B5, 1, 0, 6291}, {0x1D6B6, 1, 0, 6292}, {0x1D6B7, 1, 0, 3428},
    {0x1D6B8, 1, 0, 6293}, {0x1D6B9, 1, 0, 3197}, {0x1D6BA, 1, 0, 3199},
    {0x1D6BB, 1, 0, 6294}, {0x1D6BC, 1, 0, 3191}, {0x1D6BD, 1, 0, 6295},
    {0x1D6BE, 1, 0, 6296}, {0x1D6BF, 1, 0, 6297}, {0x1D6C0, 1, 0, 2025},
    {0x1D6C1, 1, 0, 6298}, {0x1D6C2, 1, 0, 6299}, {0x1D6C3, 1, 0, 3189},
    {0x1D6C4, 1, 0, 3269}, {0x1D6C5, 1, 0, 3270}, {0x1D6C6, 1, 0, 3198},
    {0x1D6C7, 1, 0, 6300}, {0x1D6C8, 1, 0, 6301}, {0x1D6C9, 1, 0, 3190},
    {0x1D6CA, 1, 0, 1924}, {0x1D6CB, 1, 0, 3194}, {0x1D6CC, 1, 0, 6302},
    {0x1D6CD, 1, 0, 3107}, {0x1D6CE, 1, 0, 6303}, {0x1D6CF, 1, 0, 6304},
    {0x1D6D0, 1, 0, 6305}, {0x1D6D1, 1, 0, 3193}, {0x1D6D2, 1, 0, 3195},
    {0x1D6D3, 1, 0, 3196}, {0x1D6D4, 1, 0, 6306}, {0x1D6D5, 1, 0, 6307},
    {0x1D6D6, 1, 0, 6308}, {0x1D6D7, 1, 0, 3192}, {0x1D6D8, 1, 0, 3271},
    {0x1D6D9, 1, 0, 6309}, {0x1D6DA, 1, 0, 6310}, {0x1D6DB, 1, 0, 6311},
    {0x1D6DC, 1, 0, 3198}, {0x1D6DD, 1, 0, 3190}, {0x1D6DE, 1, 0, 3194},
    {0x1D6DF, 1, 0, 3192}, {0x1D6E0, 1, 0, 3195}, {0x1D6E1, 1, 0, 3193},
    {0x1D6E2, 1, 0, 6280}, {0x1D6E3, 1, 0, 6281}, {0x1D6E4, 1, 0, 3427},
    {0x1D6E5, 1, 0, 6282}, {0x1D6E6, 1, 0, 6283}, {0x1D6E7, 1, 0, 6284},
    {0x1D6E8, 1, 0, 6285}, {0x1D6E9, 1, 0, 3197}, {0x1D6EA, 1, 0, 6286},
    {0x1D6EB, 1, 0, 6287}, {0x1D6EC, 1, 0, 6288}, {0x1D6ED, 1, 0, 6289},
    {0x1D6EE, 1, 0, 6290}, {0x1D6EF, 1, 0, 6291}, {0x1D6F0, 1, 0, 6292},
    {0x1D6F1, 1, 0, 3428}, {0x1D6F2, 1, 0, 6293}, {0x1D6F3, 1, 0, 3197},
    {0x1D6F4, 1, 0, 3199}, {0x1D6F5, 1, 0, 6294}, {0x1D6F6, 1, 0, 3191},
    {0x1D6F7, 1, 0, 6295}, {0x1D6F8, 1, 0, 6296}, {0x1D6F9, 1, 0, 6297},
    {0x1D6FA, 1, 0, 2025}, {0x1D6FB, 1, 0, 6298}, {0x1D6FC, 1, 0, 6299},
    {0x1D6FD, 1, 0, 3189}, {0x1D6FE, 1, 0, 3269}, {0x1D6FF, 1, 0, 3270},
    {0x1D700, 1, 0, 3198}, {0x1D701, 1, 0, 6300}, {0x1D702, 1, 0, 6301},
    {0x1D703, 1, 0, 3190}, {0x1D704, 1, 0, 1924}, {0x1D705, 1, 0, 3194},
    {0x1D706, 1, 0, 6302}, {0x1D707, 1, 0, 3107}, {0x1D708, 1, 0, 6303},
    {0x1D709, 1, 0, 6304}, {0x1D70A, 1, 0, 6305}, {0x1D70B, 1, 0, 3193},
    {0x1D70C, 1, 0, 3195}, {0x1D70D, 1, 0, 3196}, {0x1D70E, 1, 0, 6306},
    {0x1D70F, 1, 0, 6307}, {0x1D710, 1, 0, 6308}, {0x1D711, 1, 0, 3192},
    {0x1D712, 1, 0, 3271}, {0x1D713, 1, 0, 6309}, {0x1D714, 1, 0, 6310},
    {0x1D715, 1, 0, 6311}, {0x1D716, 1, 0, 3198}, {0x1D717, 1, 0, 3190},
    {0x1D718, 1, 0, 3194}, {0x1D719, 1, 0, 3192}, {0x1D71A, 1, 0, 3195},
    {0x1D71B, 1, 0, 3193}, {0x1D71C, 1, 0, 6280}, {0x1D71D, 1, 0, 6281},
    {0x1D71E, 1, 0, 3427}, {0x1D71F, 1, 0, 6282}, {0x1D720, 1, 0, 6283},
    {0x1D721, 1, 0, 6284}, {0x1D722, 1, 0, 6285}, {0x1D723, 1, 0, 3197},
    {0x1D724, 1, 0, 6286}, {0x1D725, 1, 0, 6287}, {0x1D726, 1, 0, 6288},
    {0x1D727, 1, 0, 6289}, {0x1D728, 1, 0, 6290}, {0x1D729, 1, 0, 6291},
    {0x1D72A, 1, 0, 6292}, {0x1D72B, 1, 0, 3428}, {0x1D72C, 1, 0, 6293},
    {0x1D72D, 1, 0, 3197}, {0x1D72E, 1, 0, 3199}, {0x1D72F, 1, 0, 6294},
    {0x1D730, 1, 0, 3191}, {0x1D731, 1, 0, 6295}, {0x1D732, 1, 0, 6296},
    {0x1D733, 1, 0, 6297}, {0x1D734, 1, 0, 2025}, {0x1D735, 1, 0, 6298},
    {0x1D736, 1, 0, 6299}, {0x1D737, 1, 0, 3189}, {0x1D738, 1, 0, 3269},
    {0x1D739, 1, 0, 3270}, {0x1D73A, 1, 0, 3198}, {0x1D73B, 1, 0, 6300},
    {0x1D73C, 1, 0, 6301}, {0x1D73D, 1, 0, 3190}, {0x1D73E, 1, 0, 1924},
    {0x1D73F, 1, 0, 3194}, {0x1D740, 1, 0, 6302}, {0x1D741, 1, 0, 3107},
    {0x1D742, 1, 0, 6303}, {0x1D743, 1, 0, 6304}, {0x1D744, 1, 0, 6305},
    {0x1D745, 1, 0, 3193}, {0x1D746, 1, 0, 3195}, {0x1D747, 1, 0, 3196},
    {0x1D748, 1, 0, 6306}, {0x1D749, 1, 0, 6307}, {0x1D74A, 1, 0, 6308},
    {0x1D74B, 1, 0, 3192}, {0x1D74C, 1, 0, 3271}, {0x1D74D, 1, 0, 6309},
    {0x1D74E, 1, 0, 6310}, {0x1D74F, 1, 0, 6311}, {0x1D750, 1, 0, 3198},
    {0x1D751, 1, 0, 3190}, {0x1D752, 1, 0, 3194}, {0x1D753, 1, 0, 3192},
    {0x1D754, 1, 0, 3195}, {0x1D755, 1, 0, 3193}, {0x1D756, 1, 0, 6280},
    {0x1D757, 1, 0, 6281}, {0x1D758, 1, 0, 3427}, {0x1D759, 1, 0, 6282},
    {0x1D75A, 1, 0, 6283}, {0x1D75B, 1, 0, 6284}, {0x1D75C, 1, 0, 6285},
    {0x1D75D, 1, 0, 3197}, {0x1D75E, 1, 0, 6286}, {0x1D75F, 1, 0, 6287},
    {0x1D760, 1, 0, 6288}, {0x1D761, 1, 0, 6289}, {0x1D762, 1, 0, 6290},
    {0x1D763, 1, 0, 6291}, {0x1D764, 1, 0, 6292}, {0x1D765, 1, 0, 3428},
    {0x1D766, 1, 0, 6293}, {0x1D767, 1, 0, 3197}, {0x1D768, 1, 0, 3199},
    {0x1D769, 1, 0, 6294}, {0x1D76A, 1, 0, 3191}, {0x1D76B, 1, 0, 6295},
    {0x1D76C, 1, 0, 6296}, {0x1D76D, 1, 0, 6297}, {0x1D76E, 1, 0, 2025},
    {0x1D76F, 1, 0, 6298}, {0x1D770, 1, 0, 6299}, {0x1D771, 1, 0, 3189},
    {0x1D772, 1, 0, 3269}, {0x1D773, 1, 0, 3270}, {0x1D774, 1, 0, 3198},
    {0x1D775, 1, 0, 6300}, {0x1D776, 1, 0, 6301}, {0x1D777, 1, 0, 3190},
    {0x1D778, 1, 0, 1924}, {0x1D779, 1, 0, 3194}, {0x1D77A, 1, 0, 6302},
    {0x1D77B, 1, 0, 3107}, {0x1D77C, 1, 0, 6303}, {0x1D77D, 1, 0, 6304},
    {0x1D77E, 1, 0, 6305}, {0x1D77F, 1, 0, 3193}, {0x1D780, 1, 0, 3195},
    {0x1D781, 1, 0, 3196}, {0x1D782, 1, 0, 6306}, {0x1D783, 1, 0, 6307},
    {0x1D784, 1, 0, 6308}, {0x1D785, 1, 0, 3192}, {0x1D786, 1, 0, 3271},
    {0x1D787, 1, 0, 6309}, {0x1D788, 1, 0, 6310}, {0x1D789, 1, 0, 6311},
    {0x1D78A, 1, 0, 3198}, {0x1D78B, 1, 0, 3190}, {0x1D78C, 1, 0, 3194},
    {0x1D78D, 1, 0, 3192}, {0x1D78E, 1, 0, 3195}, {0x1D78F, 1, 0, 3193},
    {0x1D790, 1, 0, 6280}, {0x1D791, 1, 0, 6281}, {0x1D792, 1, 0, 3427},
    {0x1D793, 1, 0, 6282}, {0x1D794, 1, 0, 6283}, {0x1D795, 1, 0, 6284},
    {0x1D796, 1, 0, 6285}, {0x1D797, 1, 0, 3197}, {0x1D798, 1, 0, 6286},
    {0x1D799, 1, 0, 6287}, {0x1D79A, 1, 0, 6288}, {0x1D79B, 1, 0, 6289},
    {0x1D79C, 1, 0, 6290}, {0x1D79D, 1, 0, 6291}, {0x1D79E, 1, 0, 6292},
    {0x1D79F, 1, 0, 3428}, {0x1D7A0, 1, 0, 6293}, {0x1D7A1, 1, 0, 3197},
    {0x1D7A2, 1, 0, 3199}, {0x1D7A3, 1, 0, 6294}, {0x1D7A4, 1, 0, 3191},
    {0x1D7A5, 1, 0, 6295}, {0x1D7A6, 1, 0, 6296}, {0x1D7A7, 1, 0, 6297},
    {0x1D7A8, 1, 0, 2025}, {0x1D7A9, 1, 0, 6298}, {0x1D7AA, 1, 0, 6299},
    {0x1D7AB, 1, 0, 3189}, {0x1D7AC, 1, 0, 3269}, {0x1D7AD, 1, 0, 3270},
    {0x1D7AE, 1, 0, 3198}, {0x1D7AF, 1, 0, 6300}, {0x1D7B0, 1, 0, 6301},
    {0x1D7B1, 1, 0, 3190}, {0x1D7B2, 1, 0, 1924}, {0x1D7B3, 1, 0, 3194},
    {0x1D7B4, 1, 0, 6302}, {0x1D7B5, 1, 0, 3107}, {0x1D7B6, 1, 0, 6303},
    {0x1D7B7, 1, 0, 6304}, {0x1D7B8, 1, 0, 6305}, {0x1D7B9, 1, 0, 3193},
    {0x1D7BA, 1, 0, 3195}, {0x1D7BB, 1, 0, 3196}, {0x1D7BC, 1, 0, 6306},
    {0x1D7BD, 1, 0, 6307}, {0x1D7BE, 1, 0, 6308}, {0x1D7BF, 1, 0, 3192},
    {0x1D7C0, 1, 0, 3271}, {0x1D7C1, 1, 0, 6309}, {0x1D7C2, 1, 0, 6310},
    {0x1D7C3, 1, 0, 6311}, {0x1D7C4, 1, 0, 3198}, {0x1D7C5, 1, 0, 3190},
    {0x1D7C6, 1, 0, 3194}, {0x1D7C7, 1, 0, 3192}, {0x1D7C8, 1, 0, 3195},
    {0x1D7C9, 1, 0, 3193}, {0x1D7CA, 1, 0, 6312}, {0x1D7CB, 1, 0, 6313},
    {0x1D7CE, 1, 0, 3374}, {0x1D7CF, 1, 0, 3110}, {0x1D7D0, 1, 0, 3103},
    {0x1D7D1, 1, 0, 3104}, {0x1D7D2, 1, 0, 3375}, {0x1D7D3, 1, 0, 3376},
    {0x1D7D4, 1, 0, 3377}, {0x1D7D5, 1, 0, 3378}, {0x1D7D6, 1, 0, 3379},
    {0x1D7D7, 1, 0, 3380}, {0x1D7D8, 1, 0, 3374}, {0x1D7D9, 1, 0, 3110},
    {0x1D7DA, 1, 0, 3103}, {0x1D7DB, 1, 0, 3104}, {0x1D7DC, 1, 0, 3375},
    {0x1D7DD, 1, 0, 3376}, {0x1D7DE, 1, 0, 3377}, {0x1D7DF, 1, 0, 3378},
    {0x1D7E0, 1, 0, 3379}, {0x1D7E1, 1, 0, 3380}, {0x1D7E2, 1, 0, 3374},
    {0x1D7E3, 1, 0, 3110}, {0x1D7E4, 1, 0, 3103}, {0x1D7E5, 1, 0, 3104},
    {0x1D7E6, 1, 0, 3375}, {0x1D7E7, 1, 0, 3376}, {0x1D7E8, 1, 0, 3377},
    {0x1D7E9, 1, 0, 3378}, {0x1D7EA, 1, 0, 3379}, {0x1D7EB, 1, 0, 3380},
    {0x1D7EC, 1, 0, 3374}, {0x1D7ED, 1, 0, 3110}, {0x1D7EE, 1, 0, 3103},
    {0x1D7EF, 1, 0, 3104}, {0x1D7F0, 1, 0, 3375}, {0x1D7F1, 1, 0, 3376},
    {0x1D7F2, 1, 0, 3377}, {0x1D7F3, 1, 0, 3378}, {0x1D7F4, 1, 0, 3379},
    {0x1D7F5, 1, 0, 3380}, {0x1D7F6, 1, 0, 3374}, {0x1D7F7, 1, 0, 3110},
    {0x1D7F8, 1, 0, 3103}, {0x1D7F9, 1, 0, 3104}, {0x1D7FA, 1, 0, 3375},
    {0x1D7FB, 1, 0, 3376}, {0x1D7FC, 1, 0, 3377}, {0x1D7FD, 1, 0, 3378},
    {0x1D7FE, 1, 0, 3379}, {0x1D7FF, 1, 0, 3380}, {0x1E030, 1, 0, 6314},
    {0x1E031, 1, 0, 6315}, {0x1E032, 1, 0, 6316}, {0x1E033, 1, 0, 6317},
    {0x1E034, 1, 0, 6318}, {0x1E035, 1, 0, 6319}, {0x1E036, 1, 0, 6320},
    {0x1E037, 1, 0, 6321}, {0x1E038, 1, 0, 6322}, {0x1E039, 1, 0, 6323},
    {0x1E03A, 1, 0, 6324}, {0x1E03B, 1, 0, 6325}, {0x1E03C, 1, 0, 6326},
    {0x1E03D, 1, 0, 6327}, {0x1E03E, 1, 0, 6328}, {0x1E03F, 1, 0, 6329},
    {0x1E040, 1, 0, 6330}, {0x1E041, 1, 0, 6331}, {0x1E042, 1, 0, 6332},
    {0x1E043, 1, 0, 6333}, {0x1E044, 1, 0, 6334}, {0x1E045, 1, 0, 6335},
    {0x1E046, 1, 0, 6336}, {0x1E047, 1, 0, 6337}, {0x1E048, 1, 0, 6338},
    {0x1E049, 1, 0, 6339}, {0x1E04A, 1, 0, 6340}, {0x1E04B, 1, 0, 6341},
    {0x1E04C, 1, 0, 6342}, {0x1E04D, 1, 0, 6343}, {0x1E04E, 1, 0, 6344},
    {0x1E04F, 1, 0, 6345}, {0x1E050, 1, 0, 6346}, {0x1E051, 1, 0, 6314},
    {0x1E052, 1, 0, 6315}, {0x1E053, 1, 0, 6316}, {0x1E054, 1, 0, 6317},
    {0x1E055, 1, 0, 6318}, {0x1E056, 1, 0, 6319}, {0x1E057, 1, 0, 6320},
    {0x1E058, 1, 0, 6321}, {0x1E059, 1, 0, 6322}, {0x1E05A, 1, 0, 6323},
    {0x1E05B, 1, 0, 6324}, {0x1E05C, 1, 0, 6326}, {0x1E05D, 1, 0, 6327},
    {0x1E05E, 1, 0, 6329}, {0x1E05F, 1, 0, 6331}, {0x1E060, 1, 0, 6332},
    {0x1E061, 1, 0, 6333}, {0x1E062, 1, 0, 6334}, {0x1E063, 1, 0, 6335},
    {0x1E064, 1, 0, 6336}, {0x1E065, 1, 0, 5295}, {0x1E066, 1, 0, 6337},
    {0x1E067, 1, 0, 6347}, {0x1E068, 1, 0, 6342}, {0x1E069, 1, 0, 6348},
    {0x1E06A, 1, 0, 6349}, {0x1E06B, 1, 0, 6350}, {0x1E06C, 1, 0, 6351},
    {0x1E06D, 1, 0, 6352}, {0x1EE00, 1, 0, 6155}, {0x1EE01, 1, 0, 6156},
    {0x1EE02, 1, 0, 6160}, {0x1EE03, 1, 0, 6163}, {0x1EE05, 1, 0, 6182},
    {0x1EE06, 1, 0, 6166}, {0x1EE07, 1, 0, 6161}, {0x1EE08, 1, 0, 6171},
    {0x1EE09, 1, 0, 6183}, {0x1EE0A, 1, 0, 6177}, {0x1EE0B, 1, 0, 6178},
    {0x1EE0C, 1, 0, 6179}, {0x1EE0D, 1, 0, 6180}, {0x1EE0E, 1, 0, 6167},
    {0x1EE0F, 1, 0, 6173}, {0x1EE10, 1, 0, 6175}, {0x1EE11, 1, 0, 6169},
    {0x1EE12, 1, 0, 6176}, {0x1EE13, 1, 0, 6165}, {0x1EE14, 1, 0, 6168},
    {0x1EE15, 1, 0, 6158}, {0x1EE16, 1, 0, 6159}, {0x1EE17, 1, 0, 6162},
    {0x1EE18, 1, 0, 6164}, {0x1EE19, 1, 0, 6170}, {0x1EE1A, 1, 0, 6172},
    {0x1EE1B, 1, 0, 6174}, {0x1EE1C, 1, 0, 6353}, {0x1EE1D, 1, 0, 5361},
    {0x1EE1E, 1, 0, 6354}, {0x1EE1F, 1, 0, 6355}, {0x1EE21, 1, 0, 6156},
    {0x1EE22, 1, 0, 6160}, {0x1EE24, 1, 0, 6181}, {0x1EE27, 1, 0, 6161},
    {0x1EE29, 1, 0, 6183}, {0x1EE2A, 1, 0, 6177}, {0x1EE2B, 1, 0, 6178},
    {0x1EE2C, 1, 0, 6179}, {0x1EE2D, 1, 0, 6180}, {0x1EE2E, 1, 0, 6167},
    {0x1EE2F, 1, 0, 6173}, {0x1EE30, 1, 0, 6175}, {0x1EE31, 1, 0, 6169},
    {0x1EE32, 1, 0, 6176}, {0x1EE34, 1, 0, 6168}, {0x1EE35, 1, 0, 6158},
    {0x1EE36, 1, 0, 6159}, {0x1EE37, 1, 0, 6162}, {0x1EE39, 1, 0, 6170},
    {0x1EE3B, 1, 0, 6174}, {0x1EE42, 1, 0, 6160}, {0x1EE47, 1, 0, 6161},
    {0x1EE49, 1, 0, 6183}, {0x1EE4B, 1, 0, 6178}, {0x1EE4D, 1, 0, 6180},
    {0x1EE4E, 1, 0, 6167}, {0x1EE4F, 1, 0, 6173}, {0x1EE51, 1, 0, 6169},
    {0x1EE52, 1, 0, 6176}, {0x1EE54, 1, 0, 6168}, {0x1EE57, 1, 0, 6162},
    {0x1EE59, 1, 0, 6170}, {0x1EE5B, 1, 0, 6174}, {0x1EE5D, 1, 0, 5361},
    {0x1EE5F, 1, 0, 6355}, {0x1EE61, 1, 0, 6156}, {0x1EE62, 1, 0, 6160},
    {0x1EE64, 1, 0, 6181}, {0x1EE67, 1, 0, 6161}, {0x1EE68, 1, 0, 6171},
    {0x1EE69, 1, 0, 6183}, {0x1EE6A, 1, 0, 6177}, {0x1EE6C, 1, 0, 6179},
    {0x1EE6D, 1, 0, 6180}, {0x1EE6E, 1, 0, 6167}, {0x1EE6F, 1, 0, 6173},
    {0x1EE70, 1, 0, 6175}, {0x1EE71, 1, 0, 6169}, {0x1EE72, 1, 0, 6176},
    {0x1EE74, 1, 0, 6168}, {0x1EE75, 1, 0, 6158}, {0x1EE76, 1, 0, 6159},
    {0x1EE77, 1, 0, 6162}, {0x1EE79, 1, 0, 6170}, {0x1EE7A, 1, 0, 6172},
    {0x1EE7B, 1, 0, 6174}, {0x1EE7C, 1, 0, 6353}, {0x1EE7E, 1, 0, 6354},
    {0x1EE80, 1, 0, 6155}, {0x1EE81, 1, 0, 6156}, {0x1EE82, 1, 0, 6160},
    {0x1EE83, 1, 0, 6163}, {0x1EE84, 1, 0, 6181}, {0x1EE85, 1, 0, 6182},
    {0x1EE86, 1, 0, 6166}, {0x1EE87, 1, 0, 6161}, {0x1EE88, 1, 0, 6171},
    {0x1EE89, 1, 0, 6183}, {0x1EE8B, 1, 0, 6178}, {0x1EE8C, 1, 0, 6179},
    {0x1EE8D, 1, 0, 6180}, {0x1EE8E, 1, 0, 6167}, {0x1EE8F, 1, 0, 6173},
    {0x1EE90, 1, 0, 6175}, {0x1EE91, 1, 0, 6169}, {0x1EE92, 1, 0, 6176},
    {0x1EE93, 1, 0, 6165}, {0x1EE94, 1, 0, 6168}, {0x1EE95, 1, 0, 6158},
    {0x1EE96, 1, 0, 6159}, {0x1EE97, 1, 0, 6162}, {0x1EE98, 1, 0, 6164},
    {0x1EE99, 1, 0, 6170}, {0x1EE9A, 1, 0, 6172}, {0x1EE9B, 1, 0, 6174},
    {0x1EEA1, 1, 0, 6156}, {0x1EEA2, 1, 0, 6160}, {0x1EEA3, 1, 0, 6163},
    {0x1EEA5, 1, 0, 6182}, {0x1EEA6, 1, 0, 6166}, {0x1EEA7, 1, 0, 6161},
    {0x1EEA8, 1, 0, 6171}, {0x1EEA9, 1, 0, 6183}, {0x1EEAB, 1, 0, 6178},
    {0x1EEAC, 1, 0, 6179}, {0x1EEAD, 1, 0, 6180}, {0x1EEAE, 1, 0, 6167},
    {0x1EEAF, 1, 0, 6173}, {0x1EEB0, 1, 0, 6175}, {0x1EEB1, 1, 0, 6169},
    {0x1EEB2, 1, 0, 6176}, {0x1EEB3, 1, 0, 6165}, {0x1EEB4, 1, 0, 6168},
    {0x1EEB5, 1, 0, 6158}, {0x1EEB6, 1, 0, 6159}, {0x1EEB7, 1, 0, 6162},
    {0x1EEB8, 1, 0, 6164}, {0x1EEB9, 1, 0, 6170}, {0x1EEBA, 1, 0, 6172},
    {0x1EEBB, 1, 0, 6174}, {0x1F100, 2, 0, 6356}, {0x1F101, 2, 0, 6358},
    {0x1F102, 2, 0, 6360}, {0x1F103, 2, 0, 6362}, {0x1F104, 2, 0, 6364},
    {0x1F105, 2, 0, 6366}, {0x1F106, 2, 0, 6368}, {0x1F107, 2, 0, 6370},
    {0x1F108, 2, 0, 6372}, {0x1F109, 2, 0, 6374}, {0x1F10A, 2, 0, 6376},
    {0x1F110, 3, 0, 6378}, {0x1F111, 3, 0, 6381}, {0x1F112, 3, 0, 6384},
    {0x1F113, 3, 0, 6387}, {0x1F114, 3, 0, 6390}, {0x1F115, 3, 0, 6393},
    {0x1F116, 3, 0, 6396}, {0x1F117, 3, 0, 6399}, {0x1F118, 3, 0, 6402},
    {0x1F119, 3, 0, 6405}, {0x1F11A, 3, 0, 6408}, {0x1F11B, 3, 0, 6411},
    {0x1F11C, 3, 0, 6414}, {0x1F11D, 3, 0, 6417}, {0x1F11E, 3, 0, 6420},
    {0x1F11F, 3, 0, 6423}, {0x1F120, 3, 0, 6426}, {0x1F121, 3, 0, 6429},
    {0x1F122, 3, 0, 6432}, {0x1F123, 3, 0, 6435}, {0x1F124, 3, 0, 6438},
    {0x1F125, 3, 0, 6441}, {0x1F126, 3, 0, 6444}, {0x1F127, 3, 0, 6447},
    {0x1F128, 3, 0, 6450}, {0x1F129, 3, 0, 6453}, {0x1F12A, 3, 0, 6456},
    {0x1F12B, 1, 0, 3395}, {0x1F12C, 1, 0, 3242}, {0x1F12D, 2, 0, 6459},
    {0x1F12E, 2, 0, 6461}, {0x1F130, 1, 0, 3226}, {0x1F131, 1, 0, 3228},
    {0x1F132, 1, 0, 3395}, {0x1F133, 1, 0, 3229}, {0x1F134, 1, 0, 3230},
    {0x1F135, 1, 0, 3419}, {0x1F136, 1, 0, 3232}, {0x1F137, 1, 0, 3233},
    {0x1F138, 1, 0, 3234}, {0x1F139, 1, 0, 3235}, {0x1F13A, 1, 0, 2026},
    {0x1F13B, 1, 0, 3236}, {0x1F13C, 1, 0, 3237}, {0x1F13D, 1, 0, 3238},
    {0x1F13E, 1, 0, 3239}, {0x1F13F, 1, 0, 3241}, {0x1F140, 1, 0, 3410},
    {0x1F141, 1, 0, 3242}, {0x1F142, 1, 0, 3761}, {0x1F143, 1, 0, 3243},
    {0x1F144, 1, 0, 3244}, {0x1F145, 1, 0, 3485}, {0x1F146, 1, 0, 3245},
    {0x1F147, 1, 0, 3497}, {0x1F148, 1, 0, 3762}, {0x1F149, 1, 0, 3418},
    {0x1F14A, 2, 0, 6463}, {0x1F14B, 2, 0, 5117}, {0x1F14C, 2, 0, 6465},
    {0x1F14D, 2, 0, 6467}, {0x1F14E, 3, 0, 6469}, {0x1F14F, 2, 0, 6472},
    {0x1F16A, 2, 0, 6474}, {0x1F16B, 2, 0, 6476}, {0x1F16C, 2, 0, 6478},
    {0x1F190, 2, 0, 6480}, {0x1F200, 2, 0, 6482}, {0x1F201, 2, 0, 6484},
    {0x1F202, 1, 0, 4488}, {0x1F210, 1, 0, 3836}, {0x1F211, 1, 0, 6486},
    {0x1F212, 1, 0, 6487}, {0x1F213, 2, 0, 2199}, {0x1F214, 1, 0, 3785},
    {0x1F215, 1, 0, 2792}, {0x1F216, 1, 0, 6488}, {0x1F217, 1, 0, 4082},
    {0x1F218, 1, 0, 6489}, {0x1F219, 1, 0, 6490}, {0x1F21A, 1, 0, 6491},
    {0x1F21B, 1, 0, 2421}, {0x1F21C, 1, 0, 6492}, {0x1F21D, 1, 0, 6493},
    {0x1F21E, 1, 0, 2738}, {0x1F21F, 1, 0, 6494}, {0x1F220, 1, 0, 6495},
    {0x1F221, 1, 0, 6496}, {0x1F222, 1, 0, 3871}, {0x1F223, 1, 0, 6497},
    {0x1F224, 1, 0, 6498}, {0x1F225, 1, 0, 6499}, {0x1F226, 1, 0, 6500},
    {0x1F227, 1, 0, 6501}, {0x1F228, 1, 0, 6502}, {0x1F229, 1, 0, 3779},
    {0x1F22A, 1, 0, 4074}, {0x1F22B, 1, 0, 6503}, {0x1F22C, 1, 0, 4401},
    {0x1F22D, 1, 0, 4077}, {0x1F22E, 1, 0, 4402}, {0x1F22F, 1, 0, 6504},
    {0x1F230, 1, 0, 3920}, {0x1F231, 1, 0, 6505}, {0x1F232, 1, 0, 6506},
    {0x1F233, 1, 0, 6507}, {0x1F234, 1, 0, 6508}, {0x1F235, 1, 0, 6509},
    {0x1F236, 1, 0, 4386}, {0x1F237, 1, 0, 3846}, {0x1F238, 1, 0, 6510},
    {0x1F239, 1, 0, 2748}, {0x1F23A, 1, 0, 6511}, {0x1F23B, 1, 0, 6512},
    {0x1F240, 3, 0, 6513}, {0x1F241, 3, 0, 6516}, {0x1F242, 3, 0, 6519},
    {0x1F243, 3, 0, 6522}, {0x1F244, 3, 0, 6525}, {0x1F245, 3, 0, 6528},
    {0x1F246, 3, 0, 6531}, {0x1F247, 3, 0, 6534}, {0x1F248, 3, 0, 6537},
    {0x1F250, 1, 0, 6540}, {0x1F251, 1, 0, 6541}, {0x1FBF0, 1, 0, 3374},
    {0x1FBF1, 1, 0, 3110}, {0x1FBF2, 1, 0, 3103}, {0x1FBF3, 1, 0, 3104},
    {0x1FBF4, 1, 0, 3375}, {0x1FBF5, 1, 0, 3376}, {0x1FBF6, 1, 0, 3377},
    {0x1FBF7, 1, 0, 3378}, {0x1FBF8, 1, 0, 3379}, {0x1FBF9, 1, 0, 3380},
};

static constexpr CompEntry CANON_COMP[] = {
    {0x003C, 0x0338, 0x226E},    {0x003D, 0x0338, 0x2260},
    {0x003E, 0x0338, 0x226F},    {0x0041, 0x0300, 0x00C0},
    {0x0041, 0x0301, 0x00C1},    {0x0041, 0x0302, 0x00C2},
    {0x0041, 0x0303, 0x00C3},    {0x0041, 0x0304, 0x0100},
    {0x0041, 0x0306, 0x0102},    {0x0041, 0x0307, 0x0226},
    {0x0041, 0x0308, 0x00C4},    {0x0041, 0x0309, 0x1EA2},
    {0x0041, 0x030A, 0x00C5},    {0x0041, 0x030C, 0x01CD},
    {0x0041, 0x030F, 0x0200},    {0x0041, 0x0311, 0x0202},
    {0x0041, 0x0323, 0x1EA0},    {0x0041, 0x0325, 0x1E00},
    {0x0041, 0x0328, 0x0104},    {0x0042, 0x0307, 0x1E02},
    {0x0042, 0x0323, 0x1E04},    {0x0042, 0x0331, 0x1E06},
    {0x0043, 0x0301, 0x0106},    {0x0043, 0x0302, 0x0108},
    {0x0043, 0x0307, 0x010A},    {0x0043, 0x030C, 0x010C},
    {0x0043, 0x0327, 0x00C7},    {0x0044, 0x0307, 0x1E0A},
    {0x0044, 0x030C, 0x010E},    {0x0044, 0x0323, 0x1E0C},
    {0x0044, 0x0327, 0x1E10},    {0x0044, 0x032D, 0x1E12},
    {0x0044, 0x0331, 0x1E0E},    {0x0045, 0x0300, 0x00C8},
    {0x0045, 0x0301, 0x00C9},    {0x0045, 0x0302, 0x00CA},
    {0x0045, 0x0303, 0x1EBC},    {0x0045, 0x0304, 0x0112},
    {0x0045, 0x0306, 0x0114},    {0x0045, 0x0307, 0x0116},
    {0x0045, 0x0308, 0x00CB},    {0x0045, 0x0309, 0x1EBA},
    {0x0045, 0x030C, 0x011A},    {0x0045, 0x030F, 0x0204},
    {0x0045, 0x0311, 0x0206},    {0x0045, 0x0323, 0x1EB8},
    {0x0045, 0x0327, 0x0228},    {0x0045, 0x0328, 0x0118},
    {0x0045, 0x032D, 0x1E18},    {0x0045, 0x0330, 0x1E1A},
    {0x0046, 0x0307, 0x1E1E},    {0x0047, 0x0301, 0x01F4},
    {0x0047, 0x0302, 0x011C},    {0x0047, 0x0304, 0x1E20},
    {0x0047, 0x0306, 0x011E},    {0x0047, 0x0307, 0x0120},
    {0x0047, 0x030C, 0x01E6},    {0x0047, 0x0327, 0x0122},
    {0x0048, 0x0302, 0x0124},    {0x0048, 0x0307, 0x1E22},
    {0x0048, 0x0308, 0x1E26},    {0x0048, 0x030C, 0x021E},
    {0x0048, 0x0323, 0x1E24},    {0x0048, 0x0327, 0x1E28},
    {0x0048, 0x032E, 0x1E2A},    {0x0049, 0x0300, 0x00CC},
    {0x0049, 0x0301, 0x00CD},    {0x0049, 0x0302, 0x00CE},
    {0x0049, 0x0303, 0x0128},    {0x0049, 0x0304, 0x012A},
    {0x0049, 0x0306, 0x012C},    {0x0049, 0x0307, 0x0130},
    {0x0049, 0x0308, 0x00CF},    {0x0049, 0x0309, 0x1EC8},
    {0x0049, 0x030C, 0x01CF},    {0x0049, 0x030F, 0x0208},
    {0x0049, 0x0311, 0x020A},    {0x0049, 0x0323, 0x1ECA},
    {0x0049, 0x0328, 0x012E},    {0x0049, 0x0330, 0x1E2C},
    {0x004A, 0x0302, 0x0134},    {0x004B, 0x0301, 0x1E30},
    {0x004B, 0x030C, 0x01E8},    {0x004B, 0x0323, 0x1E32},
    {0x004B, 0x0327, 0x0136},    {0x004B, 0x0331, 0x1E34},
    {0x004C, 0x0301, 0x0139},    {0x004C, 0x030C, 0x013D},
    {0x004C, 0x0323, 0x1E36},    {0x004C, 0x0327, 0x013B},
    {0x004C, 0x032D, 0x1E3C},    {0x004C, 0x0331, 0x1E3A},
    {0x004D, 0x0301, 0x1E3E},    {0x004D, 0x0307, 0x1E40},
    {0x004D, 0x0323, 0x1E42},    {0x004E, 0x0300, 0x01F8},
    {0x004E, 0x0301, 0x0143},    {0x004E, 0x0303, 0x00D1},
    {0x004E, 0x0307, 0x1E44},    {0x004E, 0x030C, 0x0147},
    {0x004E, 0x0323, 0x1E46},    {0x004E, 0x0327, 0x0145},
    {0x004E, 0x032D, 0x1E4A},    {0x004E, 0x0331, 0x1E48},
    {0x004F, 0x0300, 0x00D2},    {0x004F, 0x0301, 0x00D3},
    {0x004F, 0x0302, 0x00D4},    {0x004F, 0x0303, 0x00D5},
    {0x004F, 0x0304, 0x014C},    {0x004F, 0x0306, 0x014E},
    {0x004F, 0x0307, 0x022E},    {0x004F, 0x0308, 0x00D6},
    {0x004F, 0x0309, 0x1ECE},    {0x004F, 0x030B, 0x0150},
    {0x004F, 0x030C, 0x01D1},    {0x004F, 0x030F, 0x020C},
    {0x004F, 0x0311, 0x020E},    {0x004F, 0x031B, 0x01A0},
    {0x004F, 0x0323, 0x1ECC},    {0x004F, 0x0328, 0x01EA},
    {0x0050, 0x0301, 0x1E54},    {0x0050, 0x0307, 0x1E56},
    {0x0052, 0x0301, 0x0154},    {0x0052, 0x0307, 0x1E58},
    {0x0052, 0x030C, 0x0158},    {0x0052, 0x030F, 0x0210},
    {0x0052, 0x0311, 0x0212},    {0x0052, 0x0323, 0x1E5A},
    {0x0052, 0x0327, 0x0156},    {0x0052, 0x0331, 0x1E5E},
    {0x0053, 0x0301, 0x015A},    {0x0053, 0x0302, 0x015C},
    {0x0053, 0x0307, 0x1E60},    {0x0053, 0x030C, 0x0160},
    {0x0053, 0x0323, 0x1E62},    {0x0053, 0x0326, 0x0218},
    {0x0053, 0x0327, 0x015E},    {0x0054, 0x0307, 0x1E6A},
    {0x0054, 0x030C, 0x0164},    {0x0054, 0x0323, 0x1E6C},
    {0x0054, 0x0326, 0x021A},    {0x0054, 0x0327, 0x0162},
    {0x0054, 0x032D, 0x1E70},    {0x0054, 0x0331, 0x1E6E},
    {0x0055, 0x0300, 0x00D9},    {0x0055, 0x0301, 0x00DA},
    {0x0055, 0x0302, 0x00DB},    {0x0055, 0x0303, 0x0168},
    {0x0055, 0x0304, 0x016A},    {0x0055, 0x0306, 0x016C},
    {0x0055, 0x0308, 0x00DC},    {0x0055, 0x0309, 0x1EE6},
    {0x0055, 0x030A, 0x016E},    {0x0055, 0x030B, 0x0170},
    {0x0055, 0x030C, 0x01D3},    {0x0055, 0x030F, 0x0214},
    {0x0055, 0x0311, 0x0216},    {0x0055, 0x031B, 0x01AF},
    {0x0055, 0x0323, 0x1EE4},    {0x0055, 0x0324, 0x1E72},
    {0x0055, 0x0328, 0x0172},    {0x0055, 0x032D, 0x1E76},
    {0x0055, 0x0330, 0x1E74},    {0x0056, 0x0303, 0x1E7C},
    {0x0056, 0x0323, 0x1E7E},    {0x0057, 0x0300, 0x1E80},
    {0x0057, 0x0301, 0x1E82},    {0x0057, 0x0302, 0x0174},
    {0x0057, 0x0307, 0x1E86},    {0x0057, 0x0308, 0x1E84},
    {0x0057, 0x0323, 0x1E88},    {0x0058, 0x0307, 0x1E8A},
    {0x0058, 0x0308, 0x1E8C},    {0x0059, 0x0300, 0x1EF2},
    {0x0059, 0x0301, 0x00DD},    {0x0059, 0x0302, 0x0176},
    {0x0059, 0x0303, 0x1EF8},    {0x0059, 0x0304, 0x0232},
    {0x0059, 0x0307, 0x1E8E},    {0x0059, 0x0308, 0x0178},
    {0x0059, 0x0309, 0x1EF6},    {0x0059, 0x0323, 0x1EF4},
    {0x005A, 0x0301, 0x0179},    {0x005A, 0x0302, 0x1E90},
    {0x005A, 0x0307, 0x017B},    {0x005A, 0x030C, 0x017D},
    {0x005A, 0x0323, 0x1E92},    {0x005A, 0x0331, 0x1E94},
    {0x0061, 0x0300, 0x00E0},    {0x0061, 0x0301, 0x00E1},
    {0x0061, 0x0302, 0x00E2},    {0x0061, 0x0303, 0x00E3},
    {0x0061, 0x0304, 0x0101},    {0x0061, 0x0306, 0x0103},
    {0x0061, 0x0307, 0x0227},    {0x0061, 0x0308, 0x00E4},
    {0x0061, 0x0309, 0x1EA3},    {0x0061, 0x030A, 0x00E5},
    {0x0061, 0x030C, 0x01CE},    {0x0061, 0x030F, 0x0201},
    {0x0061, 0x0311, 0x0203},    {0x0061, 0x0323, 0x1EA1},
    {0x0061, 0x0325, 0x1E01},    {0x0061, 0x0328, 0x0105},
    {0x0062, 0x0307, 0x1E03},    {0x0062, 0x0323, 0x1E05},
    {0x0062, 0x0331, 0x1E07},    {0x0063, 0x0301, 0x0107},
    {0x0063, 0x0302, 0x0109},    {0x0063, 0x0307, 0x010B},
    {0x0063, 0x030C, 0x010D},    {0x0063, 0x0327, 0x00E7},
    {0x0064, 0x0307, 0x1E0B},    {0x0064, 0x030C, 0x010F},
    {0x0064, 0x0323, 0x1E0D},    {0x0064, 0x0327, 0x1E11},
    {0x0064, 0x032D, 0x1E13},    {0x0064, 0x0331, 0x1E0F},
    {0x0065, 0x0300, 0x00E8},    {0x0065, 0x0301, 0x00E9},
    {0x0065, 0x0302, 0x00EA},    {0x0065, 0x0303, 0x1EBD},
    {0x0065, 0x0304, 0x0113},    {0x0065, 0x0306, 0x0115},
    {0x0065, 0x0307, 0x0117},    {0x0065, 0x0308, 0x00EB},
    {0x0065, 0x0309, 0x1EBB},    {0x0065, 0x030C, 0x011B},
    {0x0065, 0x030F, 0x0205},    {0x0065, 0x0311, 0x0207},
    {0x0065, 0x0323, 0x1EB9},    {0x0065, 0x0327, 0x0229},
    {0x0065, 0x0328, 0x0119},    {0x0065, 0x032D, 0x1E19},
    {0x0065, 0x0330, 0x1E1B},    {0x0066, 0x0307, 0x1E1F},
    {0x0067, 0x0301, 0x01F5},    {0x0067, 0x0302, 0x011D},
    {0x0067, 0x0304, 0x1E21},    {0x0067, 0x0306, 0x011F},
    {0x0067, 0x0307, 0x0121},    {0x0067, 0x030C, 0x01E7},
    {0x0067, 0x0327, 0x0123},    {0x0068, 0x0302, 0x0125},
    {0x0068, 0x0307, 0x1E23},    {0x0068, 0x0308, 0x1E27},
    {0x0068, 0x030C, 0x021F},    {0x0068, 0x0323, 0x1E25},
    {0x0068, 0x0327, 0x1E29},    {0x0068, 0x032E, 0x1E2B},
    {0x0068, 0x0331, 0x1E96},    {0x0069, 0x0300, 0x00EC},
    {0x0069, 0x0301, 0x00ED},    {0x0069, 0x0302, 0x00EE},
    {0x0069, 0x0303, 0x0129},    {0x0069, 0x0304, 0x012B},
    {0x0069, 0x0306, 0x012D},    {0x0069, 0x0308, 0x00EF},
    {0x0069, 0x0309, 0x1EC9},    {0x0069, 0x030C, 0x01D0},
    {0x0069, 0x030F, 0x0209},    {0x0069, 0x0311, 0x020B},
    {0x0069, 0x0323, 0x1ECB},    {0x0069, 0x0328, 0x012F},
    {0x0069, 0x0330, 0x1E2D},    {0x006A, 0x0302, 0x0135},
    {0x006A, 0x030C, 0x01F0},    {0x006B, 0x0301, 0x1E31},
    {0x006B, 0x030C, 0x01E9},    {0x006B, 0x0323, 0x1E33},
    {0x006B, 0x0327, 0x0137},    {0x006B, 0x0331, 0x1E35},
    {0x006C, 0x0301, 0x013A},    {0x006C, 0x030C, 0x013E},
    {0x006C, 0x0323, 0x1E37},    {0x006C, 0x0327, 0x013C},
    {0x006C, 0x032D, 0x1E3D},    {0x006C, 0x0331, 0x1E3B},
    {0x006D, 0x0301, 0x1E3F},    {0x006D, 0x0307, 0x1E41},
    {0x006D, 0x0323, 0x1E43},    {0x006E, 0x0300, 0x01F9},
    {0x006E, 0x0301, 0x0144},    {0x006E, 0x0303, 0x00F1},
    {0x006E, 0x0307, 0x1E45},    {0x006E, 0x030C, 0x0148},
    {0x006E, 0x0323, 0x1E47},    {0x006E, 0x0327, 0x0146},
    {0x006E, 0x032D, 0x1E4B},    {0x006E, 0x0331, 0x1E49},
    {0x006F, 0x0300, 0x00F2},    {0x006F, 0x0301, 0x00F3},
    {0x006F, 0x0302, 0x00F4},    {0x006F, 0x0303, 0x00F5},
    {0x006F, 0x0304, 0x014D},    {0x006F, 0x0306, 0x014F},
    {0x006F, 0x0307, 0x022F},    {0x006F, 0x0308, 0x00F6},
    {0x006F, 0x0309, 0x1ECF},    {0x006F, 0x030B, 0x0151},
    {0x006F, 0x030C, 0x01D2},    {0x006F, 0x030F, 0x020D},
    {0x006F, 0x0311, 0x020F},    {0x006F, 0x031B, 0x01A1},
    {0x006F, 0x0323, 0x1ECD},    {0x006F, 0x0328, 0x01EB},
    {0x0070, 0x0301, 0x1E55},    {0x0070, 0x0307, 0x1E57},
    {0x0072, 0x0301, 0x0155},    {0x0072, 0x0307, 0x1E59},
    {0x0072, 0x030C, 0x0159},    {0x0072, 0x030F, 0x0211},
    {0x0072, 0x0311, 0x0213},    {0x0072, 0x0323, 0x1E5B},
    {0x0072, 0x0327, 0x0157},    {0x0072, 0x0331, 0x1E5F},
    {0x0073, 0x0301, 0x015B},    {0x0073, 0x0302, 0x015D},
    {0x0073, 0x0307, 0x1E61},    {0x0073, 0x030C, 0x0161},
    {0x0073, 0x0323, 0x1E63},    {0x0073, 0x0326, 0x0219},
    {0x0073, 0x0327, 0x015F},    {0x0074, 0x0307, 0x1E6B},
    {0x0074, 0x0308, 0x1E97},    {0x0074, 0x030C, 0x0165},
    {0x0074, 0x0323, 0x1E6D},    {0x0074, 0x0326, 0x021B},
    {0x0074, 0x0327, 0x0163},    {0x0074, 0x032D, 0x1E71},
    {0x0074, 0x0331, 0x1E6F},    {0x0075, 0x0300, 0x00F9},
    {0x0075, 0x0301, 0x00FA},    {0x0075, 0x0302, 0x00FB},
    {0x0075, 0x0303, 0x0169},    {0x0075, 0x0304, 0x016B},
    {0x0075, 0x0306, 0x016D},    {0x0075, 0x0308, 0x00FC},
    {0x0075, 0x0309, 0x1EE7},    {0x0075, 0x030A, 0x016F},
    {0x0075, 0x030B, 0x0171},    {0x0075, 0x030C, 0x01D4},
    {0x0075, 0x030F, 0x0215},    {0x0075, 0x0311, 0x0217},
    {0x0075, 0x031B, 0x01B0},    {0x0075, 0x0323, 0x1EE5},
    {0x0075, 0x0324, 0x1E73},    {0x0075, 0x0328, 0x0173},
    {0x0075, 0x032D, 0x1E77},    {0x0075, 0x0330, 0x1E75},
    {0x0076, 0x0303, 0x1E7D},    {0x0076, 0x0323, 0x1E7F},
    {0x0077, 0x0300, 0x1E81},    {0x0077, 0x0301, 0x1E83},
    {0x0077, 0x0302, 0x0175},    {0x0077, 0x0307, 0x1E87},
    {0x0077, 0x0308, 0x1E85},    {0x0077, 0x030A, 0x1E98},
    {0x0077, 0x0323, 0x1E89},    {0x0078, 0x0307, 0x1E8B},
    {0x0078, 0x0308, 0x1E8D},    {0x0079, 0x0300, 0x1EF3},
    {0x0079, 0x0301, 0x00FD},    {0x0079, 0x0302, 0x0177},
    {0x0079, 0x0303, 0x1EF9},    {0x0079, 0x0304, 0x0233},
    {0x0079, 0x0307, 0x1E8F},    {0x0079, 0x0308, 0x00FF},
    {0x0079, 0x0309, 0x1EF7},    {0x0079, 0x030A, 0x1E99},
    {0x0079, 0x0323, 0x1EF5},    {0x007A, 0x0301, 0x017A},
    {0x007A, 0x0302, 0x1E91},    {0x007A, 0x0307, 0x017C},
    {0x007A, 0x030C, 0x017E},    {0x007A, 0x0323, 0x1E93},
    {0x007A, 0x0331, 0x1E95},    {0x00A8, 0x0300, 0x1FED},
    {0x00A8, 0x0301, 0x0385},    {0x00A8, 0x0342, 0x1FC1},
    {0x00C2, 0x0300, 0x1EA6},    {0x00C2, 0x0301, 0x1EA4},
    {0x00C2, 0x0303, 0x1EAA},    {0x00C2, 0x0309, 0x1EA8},
    {0x00C4, 0x0304, 0x01DE},    {0x00C5, 0x0301, 0x01FA},
    {0x00C6, 0x0301, 0x01FC},    {0x00C6, 0x0304, 0x01E2},
    {0x00C7, 0x0301, 0x1E08},    {0x00CA, 0x0300, 0x1EC0},
    {0x00CA, 0x0301, 0x1EBE},    {0x00CA, 0x0303, 0x1EC4},
    {0x00CA, 0x0309, 0x1EC2},    {0x00CF, 0x0301, 0x1E2E},
    {0x00D4, 0x0300, 0x1ED2},    {0x00D4, 0x0301, 0x1ED0},
    {0x00D4, 0x0303, 0x1ED6},    {0x00D4, 0x0309, 0x1ED4},
    {0x00D5, 0x0301, 0x1E4C},    {0x00D5, 0x0304, 0x022C},
    {0x00D5, 0x0308, 0x1E4E},    {0x00D6, 0x0304, 0x022A},
    {0x00D8, 0x0301, 0x01FE},    {0x00DC, 0x0300, 0x01DB},
    {0x00DC, 0x0301, 0x01D7},    {0x00DC, 0x0304, 0x01D5},
    {0x00DC, 0x030C, 0x01D9},    {0x00E2, 0x0300, 0x1EA7},
    {0x00E2, 0x0301, 0x1EA5},    {0x00E2, 0x0303, 0x1EAB},
    {0x00E2, 0x0309, 0x1EA9},    {0x00E4, 0x0304, 0x01DF},
    {0x00E5, 0x0301, 0x01FB},    {0x00E6, 0x0301, 0x01FD},
    {0x00E6, 0x0304, 0x01E3},    {0x00E7, 0x0301, 0x1E09},
    {0x00EA, 0x0300, 0x1EC1},    {0x00EA, 0x0301, 0x1EBF},
    {0x00EA, 0x0303, 0x1EC5},    {0x00EA, 0x0309, 0x1EC3},
    {0x00EF, 0x0301, 0x1E2F},    {0x00F4, 0x0300, 0x1ED3},
    {0x00F4, 0x0301, 0x1ED1},    {0x00F4, 0x0303, 0x1ED7},
    {0x00F4, 0x0309, 0x1ED5},    {0x00F5, 0x0301, 0x1E4D},
    {0x00F5, 0x0304, 0x022D},    {0x00F5, 0x0308, 0x1E4F},
    {0x00F6, 0x0304, 0x022B},    {0x00F8, 0x0301, 0x01FF},
    {0x00FC, 0x0300, 0x01DC},    {0x00FC, 0x0301, 0x01D8},
    {0x00FC, 0x0304, 0x01D6},    {0x00FC, 0x030C, 0x01DA},
    {0x0102, 0x0300, 0x1EB0},    {0x0102, 0x0301, 0x1EAE},
    {0x0102, 0x0303, 0x1EB4},    {0x0102, 0x0309, 0x1EB2},
    {0x0103, 0x0300, 0x1EB1},    {0x0103, 0x0301, 0x1EAF},
    {0x0103, 0x0303, 0x1EB5},    {0x0103, 0x0309, 0x1EB3},
    {0x0112, 0x0300, 0x1E14},    {0x0112, 0x0301, 0x1E16},
    {0x0113, 0x0300, 0x1E15},    {0x0113, 0x0301, 0x1E17},
    {0x014C, 0x0300, 0x1E50},    {0x014C, 0x0301, 0x1E52},
    {0x014D, 0x0300, 0x1E51},    {0x014D, 0x0301, 0x1E53},
    {0x015A, 0x0307, 0x1E64},    {0x015B, 0x0307, 0x1E65},
    {0x0160, 0x0307, 0x1E66},    {0x0161, 0x0307, 0x1E67},
    {0x0168, 0x0301, 0x1E78},    {0x0169, 0x0301, 0x1E79},
    {0x016A, 0x0308, 0x1E7A},    {0x016B, 0x0308, 0x1E7B},
    {0x017F, 0x0307, 0x1E9B},    {0x01A0, 0x0300, 0x1EDC},
    {0x01A0, 0x0301, 0x1EDA},    {0x01A0, 0x0303, 0x1EE0},
    {0x01A0, 0x0309, 0x1EDE},    {0x01A0, 0x0323, 0x1EE2},
    {0x01A1, 0x0300, 0x1EDD},    {0x01A1, 0x0301, 0x1EDB},
    {0x01A1, 0x0303, 0x1EE1},    {0x01A1, 0x0309, 0x1EDF},
    {0x01A1, 0x0323, 0x1EE3},    {0x01AF, 0x0300, 0x1EEA},
    {0x01AF, 0x0301, 0x1EE8},    {0x01AF, 0x0303, 0x1EEE},
    {0x01AF, 0x0309, 0x1EEC},    {0x01AF, 0x0323, 0x1EF0},
    {0x01B0, 0x0300, 0x1EEB},    {0x01B0, 0x0301, 0x1EE9},
    {0x01B0, 0x0303, 0x1EEF},    {0x01B0, 0x0309, 0x1EED},
    {0x01B0, 0x0323, 0x1EF1},    {0x01B7, 0x030C, 0x01EE},
    {0x01EA, 0x0304, 0x01EC},    {0x01EB, 0x0304, 0x01ED},
    {0x0226, 0x0304, 0x01E0},    {0x0227, 0x0304, 0x01E1},
    {0x0228, 0x0306, 0x1E1C},    {0x0229, 0x0306, 0x1E1D},
    {0x022E, 0x0304, 0x0230},    {0x022F, 0x0304, 0x0231},
    {0x0292, 0x030C, 0x01EF},    {0x0391, 0x0300, 0x1FBA},
    {0x0391, 0x0301, 0x0386},    {0x0391, 0x0304, 0x1FB9},
    {0x0391, 0x0306, 0x1FB8},    {0x0391, 0x0313, 0x1F08},
    {0x0391, 0x0314, 0x1F09},    {0x0391, 0x0345, 0x1FBC},
    {0x0395, 0x0300, 0x1FC8},    {0x0395, 0x0301, 0x0388},
    {0x0395, 0x0313, 0x1F18},    {0x0395, 0x0314, 0x1F19},
    {0x0397, 0x0300, 0x1FCA},    {0x0397, 0x0301, 0x0389},
    {0x0397, 0x0313, 0x1F28},    {0x0397, 0x0314, 0x1F29},
    {0x0397, 0x0345, 0x1FCC},    {0x0399, 0x0300, 0x1FDA},
    {0x0399, 0x0301, 0x038A},    {0x0399, 0x0304, 0x1FD9},
    {0x0399, 0x0306, 0x1FD8},    {0x0399, 0x0308, 0x03AA},
    {0x0399, 0x0313, 0x1F38},    {0x0399, 0x0314, 0x1F39},
    {0x039F, 0x0300, 0x1FF8},    {0x039F, 0x0301, 0x038C},
    {0x039F, 0x0313, 0x1F48},    {0x039F, 0x0314, 0x1F49},
    {0x03A1, 0x0314, 0x1FEC},    {0x03A5, 0x0300, 0x1FEA},
    {0x03A5, 0x0301, 0x038E},    {0x03A5, 0x0304, 0x1FE9},
    {0x03A5, 0x0306, 0x1FE8},    {0x03A5, 0x0308, 0x03AB},
    {0x03A5, 0x0314, 0x1F59},    {0x03A9, 0x0300, 0x1FFA},
    {0x03A9, 0x0301, 0x038F},    {0x03A9, 0x0313, 0x1F68},
    {0x03A9, 0x0314, 0x1F69},    {0x03A9, 0x0345, 0x1FFC},
    {0x03AC, 0x0345, 0x1FB4},    {0x03AE, 0x0345, 0x1FC4},
    {0x03B1, 0x0300, 0x1F70},    {0x03B1, 0x0301, 0x03AC},
    {0x03B1, 0x0304, 0x1FB1},    {0x03B1, 0x0306, 0x1FB0},
    {0x03B1, 0x0313, 0x1F00},    {0x03B1, 0x0314, 0x1F01},
    {0x03B1, 0x0342, 0x1FB6},    {0x03B1, 0x0345, 0x1FB3},
    {0x03B5, 0x0300, 0x1F72},    {0x03B5, 0x0301, 0x03AD},
    {0x03B5, 0x0313, 0x1F10},    {0x03B5, 0x0314, 0x1F11},
    {0x03B7, 0x0300, 0x1F74},    {0x03B7, 0x0301, 0x03AE},
    {0x03B7, 0x0313, 0x1F20},    {0x03B7, 0x0314, 0x1F21},
    {0x03B7, 0x0342, 0x1FC6},    {0x03B7, 0x0345, 0x1FC3},
    {0x03B9, 0x0300, 0x1F76},    {0x03B9, 0x0301, 0x03AF},
    {0x03B9, 0x0304, 0x1FD1},    {0x03B9, 0x0306, 0x1FD0},
    {0x03B9, 0x0308, 0x03CA},    {0x03B9, 0x0313, 0x1F30},
    {0x03B9, 0x0314, 0x1F31},    {0x03B9, 0x0342, 0x1FD6},
    {0x03BF, 0x0300, 0x1F78},    {0x03BF, 0x0301, 0x03CC},
    {0x03BF, 0x0313, 0x1F40},    {0x03BF, 0x0314, 0x1F41},
    {0x03C1, 0x0313, 0x1FE4},    {0x03C1, 0x0314, 0x1FE5},
    {0x03C5, 0x0300, 0x1F7A},    {0x03C5, 0x0301, 0x03CD},
    {0x03C5, 0x0304, 0x1FE1},    {0x03C5, 0x0306, 0x1FE0},
    {0x03C5, 0x0308, 0x03CB},    {0x03C5, 0x0313, 0x1F50},
    {0x03C5, 0x0314, 0x1F51},    {0x03C5, 0x0342, 0x1FE6},
    {0x03C9, 0x0300, 0x1F7C},    {0x03C9, 0x0301, 0x03CE},
    {0x03C9, 0x0313, 0x1F60},    {0x03C9, 0x0314, 0x1F61},
    {0x03C9, 0x0342, 0x1FF6},    {0x03C9, 0x0345, 0x1FF3},
    {0x03CA, 0x0300, 0x1FD2},    {0x03CA, 0x0301, 0x0390},
    {0x03CA, 0x0342, 0x1FD7},    {0x03CB, 0x0300, 0x1FE2},
    {0x03CB, 0x0301, 0x03B0},    {0x03CB, 0x0342, 0x1FE7},
    {0x03CE, 0x0345, 0x1FF4},    {0x03D2, 0x0301, 0x03D3},
    {0x03D2, 0x0308, 0x03D4},    {0x0406, 0x0308, 0x0407},
    {0x0410, 0x0306, 0x04D0},    {0x0410, 0x0308, 0x04D2},
    {0x0413, 0x0301, 0x0403},    {0x0415, 0x0300, 0x0400},
    {0x0415, 0x0306, 0x04D6},    {0x0415, 0x0308, 0x0401},
    {0x0416, 0x0306, 0x04C1},    {0x0416, 0x0308, 0x04DC},
    {0x0417, 0x0308, 0x04DE},    {0x0418, 0x0300, 0x040D},
    {0x0418, 0x0304, 0x04E2},    {0x0418, 0x0306, 0x0419},
    {0x0418, 0x0308, 0x04E4},    {0x041A, 0x0301, 0x040C},
    {0x041E, 0x0308, 0x04E6},    {0x0423, 0x0304, 0x04EE},
    {0x0423, 0x0306, 0x040E},    {0x0423, 0x0308, 0x04F0},
    {0x0423, 0x030B, 0x04F2},    {0x0427, 0x0308, 0x04F4},
    {0x042B, 0x0308, 0x04F8},    {0x042D, 0x0308, 0x04EC},
    {0x0430, 0x0306, 0x04D1},    {0x0430, 0x0308, 0x04D3},
    {0x0433, 0x0301, 0x0453},    {0x0435, 0x0300, 0x0450},
    {0x0435, 0x0306, 0x04D7},    {0x0435, 0x0308, 0x0451},
    {0x0436, 0x0306, 0x04C2},    {0x0436, 0x0308, 0x04DD},
    {0x0437, 0x0308, 0x04DF},    {0x0438, 0x0300, 0x045D},
    {0x0438, 0x0304, 0x04E3},    {0x0438, 0x0306, 0x0439},
    {0x0438, 0x0308, 0x04E5},    {0x043A, 0x0301, 0x045C},
    {0x043E, 0x0308, 0x04E7},    {0x0443, 0x0304, 0x04EF},
    {0x0443, 0x0306, 0x045E},    {0x0443, 0x0308, 0x04F1},
    {0x0443, 0x030B, 0x04F3},    {0x0447, 0x0308, 0x04F5},
    {0x044B, 0x0308, 0x04F9},    {0x044D, 0x0308, 0x04ED},
    {0x0456, 0x0308, 0x0457},    {0x0474, 0x030F, 0x0476},
    {0x0475, 0x030F, 0x0477},    {0x04D8, 0x0308, 0x04DA},
    {0x04D9, 0x0308, 0x04DB},    {0x04E8, 0x0308, 0x04EA},
    {0x04E9, 0x0308, 0x04EB},    {0x0627, 0x0653, 0x0622},
    {0x0627, 0x0654, 0x0623},    {0x0627, 0x0655, 0x0625},
    {0x0648, 0x0654, 0x0624},    {0x064A, 0x0654, 0x0626},
    {0x06C1, 0x0654, 0x06C2},    {0x06D2, 0x0654, 0x06D3},
    {0x06D5, 0x0654, 0x06C0},    {0x0928, 0x093C, 0x0929},
    {0x0930, 0x093C, 0x0931},    {0x0933, 0x093C, 0x0934},
    {0x09C7, 0x09BE, 0x09CB},    {0x09C7, 0x09D7, 0x09CC},
    {0x0B47, 0x0B3E, 0x0B4B},    {0x0B47, 0x0B56, 0x0B48},
    {0x0B47, 0x0B57, 0x0B4C},    {0x0B92, 0x0BD7, 0x0B94},
    {0x0BC6, 0x0BBE, 0x0BCA},    {0x0BC6, 0x0BD7, 0x0BCC},
    {0x0BC7, 0x0BBE, 0x0BCB},    {0x0C46, 0x0C56, 0x0C48},
    {0x0CBF, 0x0CD5, 0x0CC0},    {0x0CC6, 0x0CC2, 0x0CCA},
    {0x0CC6, 0x0CD5, 0x0CC7},    {0x0CC6, 0x0CD6, 0x0CC8},
    {0x0CCA, 0x0CD5, 0x0CCB},    {0x0D46, 0x0D3E, 0x0D4A},
    {0x0D46, 0x0D57, 0x0D4C},    {0x0D47, 0x0D3E, 0x0D4B},
    {0x0DD9, 0x0DCA, 0x0DDA},    {0x0DD9, 0x0DCF, 0x0DDC},
    {0x0DD9, 0x0DDF, 0x0DDE},    {0x0DDC, 0x0DCA, 0x0DDD},
    {0x1025, 0x102E, 0x1026},    {0x1B05, 0x1B35, 0x1B06},
    {0x1B07, 0x1B35, 0x1B08},    {0x1B09, 0x1B35, 0x1B0A},
    {0x1B0B, 0x1B35, 0x1B0C},    {0x1B0D, 0x1B35, 0x1B0E},
    {0x1B11, 0x1B35, 0x1B12},    {0x1B3A, 0x1B35, 0x1B3B},
    {0x1B3C, 0x1B35, 0x1B3D},    {0x1B3E, 0x1B35, 0x1B40},
    {0x1B3F, 0x1B35, 0x1B41},    {0x1B42, 0x1B35, 0x1B43},
    {0x1E36, 0x0304, 0x1E38},    {0x1E37, 0x0304, 0x1E39},
    {0x1E5A, 0x0304, 0x1E5C},    {0x1E5B, 0x0304, 0x1E5D},
    {0x1E62, 0x0307, 0x1E68},    {0x1E63, 0x0307, 0x1E69},
    {0x1EA0, 0x0302, 0x1EAC},    {0x1EA0, 0x0306, 0x1EB6},
    {0x1EA1, 0x0302, 0x1EAD},    {0x1EA1, 0x0306, 0x1EB7},
    {0x1EB8, 0x0302, 0x1EC6},    {0x1EB9, 0x0302, 0x1EC7},
    {0x1ECC, 0x0302, 0x1ED8},    {0x1ECD, 0x0302, 0x1ED9},
    {0x1F00, 0x0300, 0x1F02},    {0x1F00, 0x0301, 0x1F04},
    {0x1F00, 0x0342, 0x1F06},    {0x1F00, 0x0345, 0x1F80},
    {0x1F01, 0x0300, 0x1F03},    {0x1F01, 0x0301, 0x1F05},
    {0x1F01, 0x0342, 0x1F07},    {0x1F01, 0x0345, 0x1F81},
    {0x1F02, 0x0345, 0x1F82},    {0x1F03, 0x0345, 0x1F83},
    {0x1F04, 0x0345, 0x1F84},    {0x1F05, 0x0345, 0x1F85},
    {0x1F06, 0x0345, 0x1F86},    {0x1F07, 0x0345, 0x1F87},
    {0x1F08, 0x0300, 0x1F0A},    {0x1F08, 0x0301, 0x1F0C},
    {0x1F08, 0x0342, 0x1F0E},    {0x1F08, 0x0345, 0x1F88},
    {0x1F09, 0x0300, 0x1F0B},    {0x1F09, 0x0301, 0x1F0D},
    {0x1F09, 0x0342, 0x1F0F},    {0x1F09, 0x0345, 0x1F89},
    {0x1F0A, 0x0345, 0x1F8A},    {0x1F0B, 0x0345, 0x1F8B},
    {0x1F0C, 0x0345, 0x1F8C},    {0x1F0D, 0x0345, 0x1F8D},
    {0x1F0E, 0x0345, 0x1F8E},    {0x1F0F, 0x0345, 0x1F8F},
    {0x1F10, 0x0300, 0x1F12},    {0x1F10, 0x0301, 0x1F14},
    {0x1F11, 0x0300, 0x1F13},    {0x1F11, 0x0301, 0x1F15},
    {0x1F18, 0x0300, 0x1F1A},    {0x1F18, 0x0301, 0x1F1C},
    {0x1F19, 0x0300, 0x1F1B},    {0x1F19, 0x0301, 0x1F1D},
    {0x1F20, 0x0300, 0x1F22},    {0x1F20, 0x0301, 0x1F24},
    {0x1F20, 0x0342, 0x1F26},    {0x1F20, 0x0345, 0x1F90},
    {0x1F21, 0x0300, 0x1F23},    {0x1F21, 0x0301, 0x1F25},
    {0x1F21, 0x0342, 0x1F27},    {0x1F21, 0x0345, 0x1F91},
    {0x1F22, 0x0345, 0x1F92},    {0x1F23, 0x0345, 0x1F93},
    {0x1F24, 0x0345, 0x1F94},    {0x1F25, 0x0345, 0x1F95},
    {0x1F26, 0x0345, 0x1F96},    {0x1F27, 0x0345, 0x1F97},
    {0x1F28, 0x0300, 0x1F2A},    {0x1F28, 0x0301, 0x1F2C},
    {0x1F28, 0x0342, 0x1F2E},    {0x1F28, 0x0345, 0x1F98},
    {0x1F29, 0x0300, 0x1F2B},    {0x1F29, 0x0301, 0x1F2D},
    {0x1F29, 0x0342, 0x1F2F},    {0x1F29, 0x0345, 0x1F99},
    {0x1F2A, 0x0345, 0x1F9A},    {0x1F2B, 0x0345, 0x1F9B},
    {0x1F2C, 0x0345, 0x1F9C},    {0x1F2D, 0x0345, 0x1F9D},
    {0x1F2E, 0x0345, 0x1F9E},    {0x1F2F, 0x0345, 0x1F9F},
    {0x1F30, 0x0300, 0x1F32},    {0x1F30, 0x0301, 0x1F34},
    {0x1F30, 0x0342, 0x1F36},    {0x1F31, 0x0300, 0x1F33},
    {0x1F31, 0x0301, 0x1F35},    {0x1F31, 0x0342, 0x1F37},
    {0x1F38, 0x0300, 0x1F3A},    {0x1F38, 0x0301, 0x1F3C},
    {0x1F38, 0x0342, 0x1F3E},    {0x1F39, 0x0300, 0x1F3B},
    {0x1F39, 0x0301, 0x1F3D},    {0x1F39, 0x0342, 0x1F3F},
    {0x1F40, 0x0300, 0x1F42},    {0x1F40, 0x0301, 0x1F44},
    {0x1F41, 0x0300, 0x1F43},    {0x1F41, 0x0301, 0x1F45},
    {0x1F48, 0x0300, 0x1F4A},    {0x1F48, 0x0301, 0x1F4C},
    {0x1F49, 0x0300, 0x1F4B},    {0x1F49, 0x0301, 0x1F4D},
    {0x1F50, 0x0300, 0x1F52},    {0x1F50, 0x0301, 0x1F54},
    {0x1F50, 0x0342, 0x1F56},    {0x1F51, 0x0300, 0x1F53},
    {0x1F51, 0x0301, 0x1F55},    {0x1F51, 0x0342, 0x1F57},
    {0x1F59, 0x0300, 0x1F5B},    {0x1F59, 0x0301, 0x1F5D},
    {0x1F59, 0x0342, 0x1F5F},    {0x1F60, 0x0300, 0x1F62},
    {0x1F60, 0x0301, 0x1F64},    {0x1F60, 0x0342, 0x1F66},
    {0x1F60, 0x0345, 0x1FA0},    {0x1F61, 0x0300, 0x1F63},
    {0x1F61, 0x0301, 0x1F65},    {0x1F61, 0x0342, 0x1F67},
    {0x1F61, 0x0345, 0x1FA1},    {0x1F62, 0x0345, 0x1FA2},
    {0x1F63, 0x0345, 0x1FA3},    {0x1F64, 0x0345, 0x1FA4},
    {0x1F65, 0x0345, 0x1FA5},    {0x1F66, 0x0345, 0x1FA6},
    {0x1F67, 0x0345, 0x1FA7},    {0x1F68, 0x0300, 0x1F6A},
    {0x1F68, 0x0301, 0x1F6C},    {0x1F68, 0x0342, 0x1F6E},
    {0x1F68, 0x0345, 0x1FA8},    {0x1F69, 0x0300, 0x1F6B},
    {0x1F69, 0x0301, 0x1F6D},    {0x1F69, 0x0342, 0x1F6F},
    {0x1F69, 0x0345, 0x1FA9},    {0x1F6A, 0x0345, 0x1FAA},
    {0x1F6B, 0x0345, 0x1FAB},    {0x1F6C, 0x0345, 0x1FAC},
    {0x1F6D, 0x0345, 0x1FAD},    {0x1F6E, 0x0345, 0x1FAE},
    {0x1F6F, 0x0345, 0x1FAF},    {0x1F70, 0x0345, 0x1FB2},
    {0x1F74, 0x0345, 0x1FC2},    {0x1F7C, 0x0345, 0x1FF2},
    {0x1FB6, 0x0345, 0x1FB7},    {0x1FBF, 0x0300, 0x1FCD},
    {0x1FBF, 0x0301, 0x1FCE},    {0x1FBF, 0x0342, 0x1FCF},
    {0x1FC6, 0x0345, 0x1FC7},    {0x1FF6, 0x0345, 0x1FF7},
    {0x1FFE, 0x0300, 0x1FDD},    {0x1FFE, 0x0301, 0x1FDE},
    {0x1FFE, 0x0342, 0x1FDF},    {0x2190, 0x0338, 0x219A},
    {0x2192, 0x0338, 0x219B},    {0x2194, 0x0338, 0x21AE},
    {0x21D0, 0x0338, 0x21CD},    {0x21D2, 0x0338, 0x21CF},
    {0x21D4, 0x0338, 0x21CE},    {0x2203, 0x0338, 0x2204},
    {0x2208, 0x0338, 0x2209},    {0x220B, 0x0338, 0x220C},
    {0x2223, 0x0338, 0x2224},    {0x2225, 0x0338, 0x2226},
    {0x223C, 0x0338, 0x2241},    {0x2243, 0x0338, 0x2244},
    {0x2245, 0x0338, 0x2247},    {0x2248, 0x0338, 0x2249},
    {0x224D, 0x0338, 0x226D},    {0x2261, 0x0338, 0x2262},
    {0x2264, 0x0338, 0x2270},    {0x2265, 0x0338, 0x2271},
    {0x2272, 0x0338, 0x2274},    {0x2273, 0x0338, 0x2275},
    {0x2276, 0x0338, 0x2278},    {0x2277, 0x0338, 0x2279},
    {0x227A, 0x0338, 0x2280},    {0x227B, 0x0338, 0x2281},
    {0x227C, 0x0338, 0x22E0},    {0x227D, 0x0338, 0x22E1},
    {0x2282, 0x0338, 0x2284},    {0x2283, 0x0338, 0x2285},
    {0x2286, 0x0338, 0x2288},    {0x2287, 0x0338, 0x2289},
    {0x2291, 0x0338, 0x22E2},    {0x2292, 0x0338, 0x22E3},
    {0x22A2, 0x0338, 0x22AC},    {0x22A8, 0x0338, 0x22AD},
    {0x22A9, 0x0338, 0x22AE},    {0x22AB, 0x0338, 0x22AF},
    {0x22B2, 0x0338, 0x22EA},    {0x22B3, 0x0338, 0x22EB},
    {0x22B4, 0x0338, 0x22EC},    {0x22B5, 0x0338, 0x22ED},
    {0x3046, 0x3099, 0x3094},    {0x304B, 0x3099, 0x304C},
    {0x304D, 0x3099, 0x304E},    {0x304F, 0x3099, 0x3050},
    {0x3051, 0x3099, 0x3052},    {0x3053, 0x3099, 0x3054},
    {0x3055, 0x3099, 0x3056},    {0x3057, 0x3099, 0x3058},
    {0x3059, 0x3099, 0x305A},    {0x305B, 0x3099, 0x305C},
    {0x305D, 0x3099, 0x305E},    {0x305F, 0x3099, 0x3060},
    {0x3061, 0x3099, 0x3062},    {0x3064, 0x3099, 0x3065},
    {0x3066, 0x3099, 0x3067},    {0x3068, 0x3099, 0x3069},
    {0x306F, 0x3099, 0x3070},    {0x306F, 0x309A, 0x3071},
    {0x3072, 0x3099, 0x3073},    {0x3072, 0x309A, 0x3074},
    {0x3075, 0x3099, 0x3076},    {0x3075, 0x309A, 0x3077},
    {0x3078, 0x3099, 0x3079},    {0x3078, 0x309A, 0x307A},
    {0x307B, 0x3099, 0x307C},    {0x307B, 0x309A, 0x307D},
    {0x309D, 0x3099, 0x309E},    {0x30A6, 0x3099, 0x30F4},
    {0x30AB, 0x3099, 0x30AC},    {0x30AD, 0x3099, 0x30AE},
    {0x30AF, 0x3099, 0x30B0},    {0x30B1, 0x3099, 0x30B2},
    {0x30B3, 0x3099, 0x30B4},    {0x30B5, 0x3099, 0x30B6},
    {0x30B7, 0x3099, 0x30B8},    {0x30B9, 0x3099, 0x30BA},
    {0x30BB, 0x3099, 0x30BC},    {0x30BD, 0x3099, 0x30BE},
    {0x30BF, 0x3099, 0x30C0},    {0x30C1, 0x3099, 0x30C2},
    {0x30C4, 0x3099, 0x30C5},    {0x30C6, 0x3099, 0x30C7},
    {0x30C8, 0x3099, 0x30C9},    {0x30CF, 0x3099, 0x30D0},
    {0x30CF, 0x309A, 0x30D1},    {0x30D2, 0x3099, 0x30D3},
    {0x30D2, 0x309A, 0x30D4},    {0x30D5, 0x3099, 0x30D6},
    {0x30D5, 0x309A, 0x30D7},    {0x30D8, 0x3099, 0x30D9},
    {0x30D8, 0x309A, 0x30DA},    {0x30DB, 0x3099, 0x30DC},
    {0x30DB, 0x309A, 0x30DD},    {0x30EF, 0x3099, 0x30F7},
    {0x30F0, 0x3099, 0x30F8},    {0x30F1, 0x3099, 0x30F9},
    {0x30F2, 0x3099, 0x30FA},    {0x30FD, 0x3099, 0x30FE},
    {0x105D2, 0x0307, 0x105C9},  {0x105DA, 0x0307, 0x105E4},
    {0x11099, 0x110BA, 0x1109A}, {0x1109B, 0x110BA, 0x1109C},
    {0x110A5, 0x110BA, 0x110AB}, {0x11131, 0x11127, 0x1112E},
    {0x11132, 0x11127, 0x1112F}, {0x11347, 0x1133E, 0x1134B},
    {0x11347, 0x11357, 0x1134C}, {0x11382, 0x113C9, 0x11383},
    {0x11384, 0x113BB, 0x11385}, {0x1138B, 0x113C2, 0x1138E},
    {0x11390, 0x113C9, 0x11391}, {0x113C2, 0x113B8, 0x113C7},
    {0x113C2, 0x113C2, 0x113C5}, {0x113C2, 0x113C9, 0x113C8},
    {0x114B9, 0x114B0, 0x114BC}, {0x114B9, 0x114BA, 0x114BB},
    {0x114B9, 0x114BD, 0x114BE}, {0x115B8, 0x115AF, 0x115BA},
    {0x115B9, 0x115AF, 0x115BB}, {0x11935, 0x11930, 0x11938},
    {0x1611E, 0x1611E, 0x16121}, {0x1611E, 0x1611F, 0x16123},
    {0x1611E, 0x16120, 0x16125}, {0x1611E, 0x16129, 0x16122},
    {0x16121, 0x1611F, 0x16126}, {0x16121, 0x16120, 0x16128},
    {0x16122, 0x1611F, 0x16127}, {0x16129, 0x1611F, 0x16124},
    {0x16D63, 0x16D67, 0x16D69}, {0x16D67, 0x16D67, 0x16D68},
    {0x16D69, 0x16D67, 0x16D6A},
};
